ğŸ˜€	girang, muka, muka girang, nyengir, seneng
ğŸ˜ƒ	lÃ¨bar, muka, muka nyengir lÃ¨bar, nyengir, seneng, sumringah
ğŸ˜„	girang, ketawa, mata ketutup, muka, muka girang mata ketutup, seneng
ğŸ˜	gigi, ketawa, mata seneng, muka, muka nyengir, nyengir
ğŸ˜†	ketawa, muka, muka ketawa merem, ngakak, nglÃ¨dÃ¨k, seneng
ğŸ˜…	girang, keringetan, ketawa, muka, muka girang keringetan, seneng, senyum lÃ¨bar
ğŸ¤£	bodor, guling-guling, ketawa, ketawa ampÃ© nangis, kocak, lucu, muka, ngakak
ğŸ˜‚	aÃ¨r mata, girang, ketawa, muka, muka nangis seneng, nangis seneng, seneng, senyum lÃ¨bar
ğŸ™‚	muka, muka mÃ¨sem biasa, mÃ¨sem, senyum, senyum biasa
ğŸ™ƒ	kebalik, muka, muka kebalik, senyum
ğŸ« 	caÃ¨ran, ilang, larut, melÃ¨lÃ¨h, muka, muka melÃ¨lÃ¨h, senyum
ğŸ˜‰	genit, kedip, muka, muka ngedip, ngedip, ngegoda
ğŸ˜Š	bebunga-bunga, girang, kesenengan, malu, muka, muka nahan malu girang, mÃ¨rah, nahan malu, seneng
ğŸ˜‡	baÃ¨k, baÃ¨â€™, baÃ¨â€™ ati, iklas, lugu, malaikat, malaÃ¨kat, muka, muka malaÃ¨kat, mÃ¨sem, polos, senyum
ğŸ¥°	ati, cinta, demen, kedemean, muka senyum cinta, muka senyum kedemenan, seneng, senyum
ğŸ˜	ati, cinta, mata, muka cinta, muka cinta mata ati, senyum
ğŸ¤©	bintang, girang, mata, muka seneng, muka seneng mata bintang, mÃ¨sem, seneng, senyum
ğŸ˜˜	cium, demen, kecup, muka niupin sun, mulut niup, seneng, suka, sun
ğŸ˜—	cium, monyong, muka ngesun, mulut, ngesun, nyium, nyosor, sun
â˜ºï¸	baÃ¨k, baÃ¨â€™, iklas, muka, muka mÃ¨sem seneng, mÃ¨sem, seneng, senyum
ğŸ˜š	cinta, cium, demen, monyong, muka, muka ngesun merem pipi mÃ¨ra, ngesun, nyium, nyosor, pipi mÃ¨ra, seneng, suka, sun
ğŸ˜™	cinta, cium, demen, monyong, muka, muka ngesun merem, ngesun, nyium, nyosor, seneng, suka, sun
ğŸ¥²	aÃ¨r mata, bangga, besukur, haru, kesentu, lega, muka haru, muka seneng, muka senyum, mÃ¨sem, plong, senyum, sukur
ğŸ˜‹	gurih, lejat, muka, muka lejat, nyicipin makanan, Ã¨nak
ğŸ˜›	lida, lidah, muka, muka mÃ¨lÃ¨d, mÃ¨lÃ¨d, nglÃ¨dÃ¨k
ğŸ˜œ	kedip, lida, lidah, muka, muka mÃ¨lÃ¨d ngedip, mÃ¨lÃ¨d, ngedip, nglÃ¨dÃ¨k
ğŸ¤ª	bÃ¨go, konyol, muka, muka pÃ¨â€™a, mÃ¨lÃ¨d, nglÃ¨dÃ¨k, pÃ¨â€™a, sarap, songong, sÃ¨dÃ¨ng
ğŸ˜	jijiâ€™, ketawa, merem, muka, muka mÃ¨lÃ¨d merem, mÃ¨lÃ¨d, songong
ğŸ¤‘	duit, mata duitan, muka, muka napsu duit, napsu
ğŸ‡¦ğŸ‡¨	bendÃ¨ra, bendÃ¨ra: Pulo KenaÃ¨kan
ğŸ‡¦ğŸ‡©	bendÃ¨ra, bendÃ¨ra: Andora
ğŸ‡¦ğŸ‡ª	bendÃ¨ra, bendÃ¨ra: Imarat Arab Rempug
ğŸ‡¦ğŸ‡«	bendÃ¨ra, bendÃ¨ra: Apganistan
ğŸ‡¦ğŸ‡¬	bendÃ¨ra, bendÃ¨ra: Antigua Ã¨n Barbuda
ğŸ‡¦ğŸ‡®	bendÃ¨ra, bendÃ¨ra: Angguila
ğŸ‡¦ğŸ‡±	bendÃ¨ra, bendÃ¨ra: Albani
ğŸ‡¦ğŸ‡²	bendÃ¨ra, bendÃ¨ra: LemÃ¨nder
ğŸ‡¦ğŸ‡´	bendÃ¨ra, bendÃ¨ra: Anggola
ğŸ‡¦ğŸ‡¶	bendÃ¨ra, bendÃ¨ra: Kutub Kidul
ğŸ‡¦ğŸ‡·	bendÃ¨ra, bendÃ¨ra: ArgÃ¨ntina
ğŸ‡¦ğŸ‡¸	bendÃ¨ra, bendÃ¨ra: Samoa Amrik
ğŸ‡¦ğŸ‡¹	bendÃ¨ra, bendÃ¨ra: OstenrÃ¨k
ğŸ‡¦ğŸ‡º	bendÃ¨ra, bendÃ¨ra: Ostrali
ğŸ‡¦ğŸ‡¼	bendÃ¨ra, bendÃ¨ra: Aruba
ğŸ‡¦ğŸ‡½	bendÃ¨ra, bendÃ¨ra: Pulo Olan
ğŸ‡¦ğŸ‡¿	bendÃ¨ra, bendÃ¨ra: AsÃ¨rbaijan
ğŸ‡§ğŸ‡¦	bendÃ¨ra, bendÃ¨ra: Bosni Ã¨n HÃ¨rsÃ©gowina
ğŸ‡§ğŸ‡§	bendÃ¨ra, bendÃ¨ra: Barbados
ğŸ‡§ğŸ‡©	bendÃ¨ra, bendÃ¨ra: BenggaladÃ©sa
ğŸ‡§ğŸ‡ª	bendÃ¨ra, bendÃ¨ra: BÃ¨lgi
ğŸ‡§ğŸ‡«	bendÃ¨ra, bendÃ¨ra: Burkina Paso
ğŸ‡§ğŸ‡¬	bendÃ¨ra, bendÃ¨ra: Bulgari
ğŸ‡§ğŸ‡­	bendÃ¨ra, bendÃ¨ra: BahrÃ©n
ğŸ‡§ğŸ‡®	bendÃ¨ra, bendÃ¨ra: Burundi
ğŸ‡§ğŸ‡¯	bendÃ¨ra, bendÃ¨ra: BÃ©nin
ğŸ‡§ğŸ‡±	bendÃ¨ra, bendÃ¨ra: Sint-BartolomÃ©us
ğŸ‡§ğŸ‡²	bendÃ¨ra, bendÃ¨ra: Bermuda
ğŸ‡§ğŸ‡³	bendÃ¨ra, bendÃ¨ra: BrunÃ©
ğŸ‡§ğŸ‡´	bendÃ¨ra, bendÃ¨ra: Boliwi
ğŸ‡§ğŸ‡¶	bendÃ¨ra, bendÃ¨ra: Welanda Karaiben
ğŸ‡§ğŸ‡·	bendÃ¨ra, bendÃ¨ra: Brasil
ğŸ‡§ğŸ‡¸	bendÃ¨ra, bendÃ¨ra: Bahama
ğŸ‡§ğŸ‡¹	bendÃ¨ra, bendÃ¨ra: Butan
ğŸ‡§ğŸ‡»	bendÃ¨ra, bendÃ¨ra: Pulo BuwÃ¨t
ğŸ‡§ğŸ‡¼	bendÃ¨ra, bendÃ¨ra: Boswana
ğŸ‡§ğŸ‡¾	bendÃ¨ra, bendÃ¨ra: Ruslan Puti
ğŸ‡§ğŸ‡¿	bendÃ¨ra, bendÃ¨ra: BÃ©lis
ğŸ‡¨ğŸ‡¦	bendÃ¨ra, bendÃ¨ra: Kanada
ğŸ‡¨ğŸ‡¨	bendÃ¨ra, bendÃ¨ra: Pulo Kokos (Keeling)
ğŸ‡¨ğŸ‡©	bendÃ¨ra, bendÃ¨ra: Kongo - Kinsasa
ğŸ‡¨ğŸ‡«	bendÃ¨ra, bendÃ¨ra: Kiblik Aprika Tenga
ğŸ‡¨ğŸ‡¬	bendÃ¨ra, bendÃ¨ra: Kongo - Brasawil
ğŸ‡¨ğŸ‡­	bendÃ¨ra, bendÃ¨ra: Switserlan
ğŸ‡¨ğŸ‡®	bendÃ¨ra, bendÃ¨ra: PantÃ© Gading
ğŸ‡¨ğŸ‡°	bendÃ¨ra, bendÃ¨ra: Pulo Cook
ğŸ‡¨ğŸ‡±	bendÃ¨ra, bendÃ¨ra: Cili
ğŸ‡¨ğŸ‡²	bendÃ¨ra, bendÃ¨ra: KamÃ©run
ğŸ‡¨ğŸ‡³	bendÃ¨ra, bendÃ¨ra: Tiongkok
ğŸ‡¨ğŸ‡´	bendÃ¨ra, bendÃ¨ra: Kolombia
ğŸ‡¨ğŸ‡µ	bendÃ¨ra, bendÃ¨ra: Pulo Kliperten
ğŸ‡¨ğŸ‡¶	bendÃ¨ra, bendÃ¨ra: Sarek
ğŸ‡¨ğŸ‡·	bendÃ¨ra, bendÃ¨ra: Kosta Rika
ğŸ‡¨ğŸ‡º	bendÃ¨ra, bendÃ¨ra: Kuba
ğŸ‡¨ğŸ‡»	bendÃ¨ra, bendÃ¨ra: Tanjung Ijo
ğŸ‡¨ğŸ‡¼	bendÃ¨ra, bendÃ¨ra: Kurasao
ğŸ‡¨ğŸ‡½	bendÃ¨ra, bendÃ¨ra: Pulo Natal
ğŸ‡¨ğŸ‡¾	bendÃ¨ra, bendÃ¨ra: Sipres
ğŸ‡¨ğŸ‡¿	bendÃ¨ra, bendÃ¨ra: CÃ¨ki
ğŸ‡©ğŸ‡ª	bendÃ¨ra, bendÃ¨ra: DÃ¨tslan
ğŸ‡©ğŸ‡¬	bendÃ¨ra, bendÃ¨ra: DiÃ©go Garsia
ğŸ‡©ğŸ‡¯	bendÃ¨ra, bendÃ¨ra: Jibuti
ğŸ‡©ğŸ‡°	bendÃ¨ra, bendÃ¨ra: DÃ¨nemarken
ğŸ‡©ğŸ‡²	bendÃ¨ra, bendÃ¨ra: Dominika
ğŸ‡©ğŸ‡´	bendÃ¨ra, bendÃ¨ra: Kiblik Dominika
ğŸ‡©ğŸ‡¿	bendÃ¨ra, bendÃ¨ra: AljajaÃ¨r
ğŸ‡ªğŸ‡¦	bendÃ¨ra, bendÃ¨ra: Sabtah Ã¨n MÃ©lila
ğŸ‡ªğŸ‡¨	bendÃ¨ra, bendÃ¨ra: Ãˆkuador
ğŸ‡ªğŸ‡ª	bendÃ¨ra, bendÃ¨ra: Ãˆstlan
ğŸ‡ªğŸ‡¬	bendÃ¨ra, bendÃ¨ra: Mesir
ğŸ‡ªğŸ‡­	bendÃ¨ra, bendÃ¨ra: Sahara Kulon
ğŸ‡ªğŸ‡·	bendÃ¨ra, bendÃ¨ra: ÃˆritrÃ©a
ğŸ‡ªğŸ‡¸	bendÃ¨ra, bendÃ¨ra: Spanyol
ğŸ‡ªğŸ‡¹	bendÃ¨ra, bendÃ¨ra: Habsi (Ãˆtiopi)
ğŸ‡ªğŸ‡º	bendÃ¨ra, bendÃ¨ra: Uni Ãˆropa
ğŸ‡«ğŸ‡®	bendÃ¨ra, bendÃ¨ra: Pinlan
ğŸ‡«ğŸ‡¯	bendÃ¨ra, bendÃ¨ra: Piji
ğŸ‡«ğŸ‡°	bendÃ¨ra, bendÃ¨ra: Pulo Paklan
ğŸ‡«ğŸ‡²	bendÃ¨ra, bendÃ¨ra: MikronÃ©si
ğŸ‡«ğŸ‡´	bendÃ¨ra, bendÃ¨ra: Pulo PÃ¨rower
ğŸ‡«ğŸ‡·	bendÃ¨ra, bendÃ¨ra: Prasman
ğŸ‡¬ğŸ‡¦	bendÃ¨ra, bendÃ¨ra: Gabon
ğŸ‡¬ğŸ‡§	bendÃ¨ra, bendÃ¨ra: Kerajaan Rempug
ğŸ‡¬ğŸ‡©	bendÃ¨ra, bendÃ¨ra: GrÃ©nada
ğŸ‡¬ğŸ‡ª	bendÃ¨ra, bendÃ¨ra: GÃ©orgi
ğŸ‡¬ğŸ‡«	bendÃ¨ra, bendÃ¨ra: Guyana Prasman
ğŸ‡¬ğŸ‡¬	bendÃ¨ra, bendÃ¨ra: GÃ¨rensi
ğŸ‡¬ğŸ‡­	bendÃ¨ra, bendÃ¨ra: Gana
ğŸ‡¬ğŸ‡®	bendÃ¨ra, bendÃ¨ra: Jabal Tarik
ğŸ‡¬ğŸ‡±	bendÃ¨ra, bendÃ¨ra: Grunlan
ğŸ‡¬ğŸ‡²	bendÃ¨ra, bendÃ¨ra: Gambia
ğŸ‡¬ğŸ‡³	bendÃ¨ra, bendÃ¨ra: GinÃ©
ğŸ‡¬ğŸ‡µ	bendÃ¨ra, bendÃ¨ra: Guadelup
ğŸ‡¬ğŸ‡¶	bendÃ¨ra, bendÃ¨ra: GinÃ© Katulistiwa
ğŸ‡¬ğŸ‡·	bendÃ¨ra, bendÃ¨ra: Yunani
ğŸ‡¬ğŸ‡¸	bendÃ¨ra, bendÃ¨ra: GÃ©orgi Kidul Ã¨n Pulo SÃ¨nwit Kidul
ğŸ‡¬ğŸ‡¹	bendÃ¨ra, bendÃ¨ra: GuatÃ©mala
ğŸ‡¬ğŸ‡º	bendÃ¨ra, bendÃ¨ra: Guam
ğŸ‡¬ğŸ‡¼	bendÃ¨ra, bendÃ¨ra: GinÃ©-Biso
ğŸ‡¬ğŸ‡¾	bendÃ¨ra, bendÃ¨ra: Guyana
ğŸ‡­ğŸ‡°	bendÃ¨ra, bendÃ¨ra: DaÃ¨rah Bestir IstimÃ¨wa Hongkong
ğŸ‡­ğŸ‡²	bendÃ¨ra, bendÃ¨ra: Pulo Hered Ã¨n MikDonal
ğŸ‡­ğŸ‡³	bendÃ¨ra, bendÃ¨ra: Honduras
ğŸ‡­ğŸ‡·	bendÃ¨ra, bendÃ¨ra: Kroasi
ğŸ‡­ğŸ‡¹	bendÃ¨ra, bendÃ¨ra: Haiti
ğŸ‡­ğŸ‡º	bendÃ¨ra, bendÃ¨ra: Honggari
ğŸ‡®ğŸ‡¨	bendÃ¨ra, bendÃ¨ra: Pulo Kenari
ğŸ‡®ğŸ‡©	bendÃ¨ra, bendÃ¨ra: IndonÃ©sia
ğŸ‡®ğŸ‡ª	bendÃ¨ra, bendÃ¨ra: Irlan
ğŸ‡®ğŸ‡±	bendÃ¨ra, bendÃ¨ra: IsraÃ¨l
ğŸ‡®ğŸ‡²	bendÃ¨ra, bendÃ¨ra: Pulo Man
ğŸ‡®ğŸ‡³	bendÃ¨ra, bendÃ¨ra: Hindi
ğŸ‡®ğŸ‡´	bendÃ¨ra, bendÃ¨ra: Wilayah Britani di Laotan Hindi
ğŸ‡®ğŸ‡¶	bendÃ¨ra, bendÃ¨ra: Irak
ğŸ‡®ğŸ‡·	bendÃ¨ra, bendÃ¨ra: Iran
ğŸ‡®ğŸ‡¸	bendÃ¨ra, bendÃ¨ra: Ãˆslan
ğŸ‡®ğŸ‡¹	bendÃ¨ra, bendÃ¨ra: Itali
ğŸ‡¯ğŸ‡ª	bendÃ¨ra, bendÃ¨ra: JÃ¨rsi
ğŸ‡¯ğŸ‡²	bendÃ¨ra, bendÃ¨ra: Jamaika
ğŸ‡¯ğŸ‡´	bendÃ¨ra, bendÃ¨ra: Urdun
ğŸ‡¯ğŸ‡µ	bendÃ¨ra, bendÃ¨ra: Jepang
ğŸ‡°ğŸ‡ª	bendÃ¨ra, bendÃ¨ra: KÃ©nia
ğŸ‡°ğŸ‡¬	bendÃ¨ra, bendÃ¨ra: Kirgistan
ğŸ‡°ğŸ‡­	bendÃ¨ra, bendÃ¨ra: Kemboja
ğŸ‡°ğŸ‡®	bendÃ¨ra, bendÃ¨ra: Kiribati
ğŸ‡°ğŸ‡²	bendÃ¨ra, bendÃ¨ra: Komoro
ğŸ‡°ğŸ‡³	bendÃ¨ra, bendÃ¨ra: Sint-Kristoper Ã¨n NÃ¨wis
ğŸ‡°ğŸ‡µ	bendÃ¨ra, bendÃ¨ra: KorÃ©a Lor
ğŸ‡°ğŸ‡·	bendÃ¨ra, bendÃ¨ra: KorÃ©a Kidul
ğŸ‡°ğŸ‡¼	bendÃ¨ra, bendÃ¨ra: KuwÃ©t
ğŸ‡°ğŸ‡¾	bendÃ¨ra, bendÃ¨ra: Pulo KaÃ¨man
ğŸ‡°ğŸ‡¿	bendÃ¨ra, bendÃ¨ra: Kasakstan
ğŸ‡±ğŸ‡¦	bendÃ¨ra, bendÃ¨ra: Laos
ğŸ‡±ğŸ‡§	bendÃ¨ra, bendÃ¨ra: LÃ¨banon
ğŸ‡±ğŸ‡¨	bendÃ¨ra, bendÃ¨ra: Sint Lusia
ğŸ‡±ğŸ‡®	bendÃ¨ra, bendÃ¨ra: LihtenstÃ¨n
ğŸ‡±ğŸ‡°	bendÃ¨ra, bendÃ¨ra: Sri Langka
ğŸ‡±ğŸ‡·	bendÃ¨ra, bendÃ¨ra: LibÃ©ria
ğŸ‡±ğŸ‡¸	bendÃ¨ra, bendÃ¨ra: LÃ©soto
ğŸ‡±ğŸ‡¹	bendÃ¨ra, bendÃ¨ra: Litowen
ğŸ‡±ğŸ‡º	bendÃ¨ra, bendÃ¨ra: Leksembereh
ğŸ‡±ğŸ‡»	bendÃ¨ra, bendÃ¨ra: LÃ¨tlan
ğŸ‡±ğŸ‡¾	bendÃ¨ra, bendÃ¨ra: Libi
ğŸ‡²ğŸ‡¦	bendÃ¨ra, bendÃ¨ra: Maroko
ğŸ‡²ğŸ‡¨	bendÃ¨ra, bendÃ¨ra: Monako
ğŸ‡²ğŸ‡©	bendÃ¨ra, bendÃ¨ra: Moldawi
ğŸ‡²ğŸ‡ª	bendÃ¨ra, bendÃ¨ra: Gunung Item (MontenÃ¨gro)
ğŸ‡²ğŸ‡«	bendÃ¨ra, bendÃ¨ra: Sint-MartÃ¨n (Prasman)
ğŸ‡²ğŸ‡¬	bendÃ¨ra, bendÃ¨ra: Madagaskar
ğŸ‡²ğŸ‡­	bendÃ¨ra, bendÃ¨ra: Pulo Marsal
ğŸ‡²ğŸ‡°	bendÃ¨ra, bendÃ¨ra: MakÃ¨doni Lor
ğŸ‡²ğŸ‡±	bendÃ¨ra, bendÃ¨ra: Mali
ğŸ‡²ğŸ‡²	bendÃ¨ra, bendÃ¨ra: Mianmar (Birma)
ğŸ‡²ğŸ‡³	bendÃ¨ra, bendÃ¨ra: Monggoli
ğŸ‡²ğŸ‡´	bendÃ¨ra, bendÃ¨ra: DaÃ¨rah Bestir IstimÃ¨wa Makao
ğŸ‡²ğŸ‡µ	bendÃ¨ra, bendÃ¨ra: Pulo Mariana Lor
ğŸ‡²ğŸ‡¶	bendÃ¨ra, bendÃ¨ra: Martinik
ğŸ‡²ğŸ‡·	bendÃ¨ra, bendÃ¨ra: Moritani
ğŸ‡²ğŸ‡¸	bendÃ¨ra, bendÃ¨ra: MonsÃ¨rat
ğŸ‡²ğŸ‡¹	bendÃ¨ra, bendÃ¨ra: Malta
ğŸ‡²ğŸ‡º	bendÃ¨ra, bendÃ¨ra: Moritius
ğŸ‡²ğŸ‡»	bendÃ¨ra, bendÃ¨ra: MaladÃ©wa
ğŸ‡²ğŸ‡¼	bendÃ¨ra, bendÃ¨ra: Malawi
ğŸ‡²ğŸ‡½	bendÃ¨ra, bendÃ¨ra: MÃ¨ksiko
ğŸ‡²ğŸ‡¾	bendÃ¨ra, bendÃ¨ra: MalÃ©sia
ğŸ‡²ğŸ‡¿	bendÃ¨ra, bendÃ¨ra: Mosambik
ğŸ‡³ğŸ‡¦	bendÃ¨ra, bendÃ¨ra: Namibi
ğŸ‡³ğŸ‡¨	bendÃ¨ra, bendÃ¨ra: KalÃ©doni Baru
ğŸ‡³ğŸ‡ª	bendÃ¨ra, bendÃ¨ra: NigÃ¨r
ğŸ‡³ğŸ‡«	bendÃ¨ra, bendÃ¨ra: Pulo Norpolek
ğŸ‡³ğŸ‡¬	bendÃ¨ra, bendÃ¨ra: NigÃ©ria
ğŸ‡³ğŸ‡®	bendÃ¨ra, bendÃ¨ra: Nikaragua
ğŸ‡³ğŸ‡±	bendÃ¨ra, bendÃ¨ra: Welanda
ğŸ‡³ğŸ‡´	bendÃ¨ra, bendÃ¨ra: NorwÃ¨hen
ğŸ‡³ğŸ‡µ	bendÃ¨ra, bendÃ¨ra: NÃ©pal
ğŸ‡³ğŸ‡·	bendÃ¨ra, bendÃ¨ra: Nauru
ğŸ‡³ğŸ‡º	bendÃ¨ra, bendÃ¨ra: NiuÃ©
ğŸ‡³ğŸ‡¿	bendÃ¨ra, bendÃ¨ra: SÃ©lan Baru
ğŸ‡´ğŸ‡²	bendÃ¨ra, bendÃ¨ra: Oman
ğŸ‡µğŸ‡¦	bendÃ¨ra, bendÃ¨ra: Panama
ğŸ‡µğŸ‡ª	bendÃ¨ra, bendÃ¨ra: PÃ©ru
ğŸ‡µğŸ‡«	bendÃ¨ra, bendÃ¨ra: PolinÃ©si Prasman
ğŸ‡µğŸ‡¬	bendÃ¨ra, bendÃ¨ra: Papua GinÃ© Baru (Papua Nugini)
ğŸ‡µğŸ‡­	bendÃ¨ra, bendÃ¨ra: PilipÃ©nen (Pilipina)
ğŸ‡µğŸ‡°	bendÃ¨ra, bendÃ¨ra: Pakistan
ğŸ‡µğŸ‡±	bendÃ¨ra, bendÃ¨ra: Polen
ğŸ‡µğŸ‡²	bendÃ¨ra, bendÃ¨ra: Sint-PiÃ¨r Ã¨n MikÃ©lon
ğŸ‡µğŸ‡³	bendÃ¨ra, bendÃ¨ra: Pulo PitkÃ¨ren
ğŸ‡µğŸ‡·	bendÃ¨ra, bendÃ¨ra: Porto Riko
ğŸ‡µğŸ‡¸	bendÃ¨ra, bendÃ¨ra: Wilayah PalestÃ¨n
ğŸ‡µğŸ‡¹	bendÃ¨ra, bendÃ¨ra: Portugal
ğŸ‡µğŸ‡¼	bendÃ¨ra, bendÃ¨ra: Palau
ğŸ‡µğŸ‡¾	bendÃ¨ra, bendÃ¨ra: ParaguÃ©
ğŸ‡¶ğŸ‡¦	bendÃ¨ra, bendÃ¨ra: Katar
ğŸ‡·ğŸ‡ª	bendÃ¨ra, bendÃ¨ra: RÃ©union
ğŸ‡·ğŸ‡´	bendÃ¨ra, bendÃ¨ra: RumÃ©ni
ğŸ‡·ğŸ‡¸	bendÃ¨ra, bendÃ¨ra: SÃ¨rwi
ğŸ‡·ğŸ‡º	bendÃ¨ra, bendÃ¨ra: Ruslan
ğŸ‡·ğŸ‡¼	bendÃ¨ra, bendÃ¨ra: Ruanda
ğŸ‡¸ğŸ‡¦	bendÃ¨ra, bendÃ¨ra: Arab Saudi
ğŸ‡¸ğŸ‡§	bendÃ¨ra, bendÃ¨ra: Pulo SulÃ©man
ğŸ‡¸ğŸ‡¨	bendÃ¨ra, bendÃ¨ra: SÃ©sÃ¨l
ğŸ‡¸ğŸ‡©	bendÃ¨ra, bendÃ¨ra: Sudan
ğŸ‡¸ğŸ‡ª	bendÃ¨ra, bendÃ¨ra: SwÃ¨den
ğŸ‡¸ğŸ‡¬	bendÃ¨ra, bendÃ¨ra: Singapur
ğŸ‡¸ğŸ‡­	bendÃ¨ra, bendÃ¨ra: Sint-HÃ©lÃ©na
ğŸ‡¸ğŸ‡®	bendÃ¨ra, bendÃ¨ra: SlowÃ©ni
ğŸ‡¸ğŸ‡¯	bendÃ¨ra, bendÃ¨ra: SpitbÃ¨rhen & Jan Mayen
ğŸ‡¸ğŸ‡°	bendÃ¨ra, bendÃ¨ra: Slowaki
ğŸ‡¸ğŸ‡±	bendÃ¨ra, bendÃ¨ra: Gunung Singa (SiÃ¨ra LÃ©on)
ğŸ‡¸ğŸ‡²	bendÃ¨ra, bendÃ¨ra: San Marino
ğŸ‡¸ğŸ‡³	bendÃ¨ra, bendÃ¨ra: SÃ©nÃ©gal
ğŸ‡¸ğŸ‡´	bendÃ¨ra, bendÃ¨ra: Somali
ğŸ‡¸ğŸ‡·	bendÃ¨ra, bendÃ¨ra: Suriname
ğŸ‡¸ğŸ‡¸	bendÃ¨ra, bendÃ¨ra: Sudan Kidul
ğŸ‡¸ğŸ‡¹	bendÃ¨ra, bendÃ¨ra: Sint-Tomas Ã¨n Prins
ğŸ‡¸ğŸ‡»	bendÃ¨ra, bendÃ¨ra: Salbador
ğŸ‡¸ğŸ‡½	bendÃ¨ra, bendÃ¨ra: Sint-MartÃ¨n (Welanda)
ğŸ‡¸ğŸ‡¾	bendÃ¨ra, bendÃ¨ra: Suriah
ğŸ‡¸ğŸ‡¿	bendÃ¨ra, bendÃ¨ra: Ãˆswatini
ğŸ‡¹ğŸ‡¦	bendÃ¨ra, bendÃ¨ra: Tristang da Kunya
ğŸ‡¹ğŸ‡¨	bendÃ¨ra, bendÃ¨ra: Pulo Turks Ã¨n Kaikos
ğŸ‡¹ğŸ‡©	bendÃ¨ra, bendÃ¨ra: Cad
ğŸ‡¹ğŸ‡«	bendÃ¨ra, bendÃ¨ra: Wilayah Kidul Prasman
ğŸ‡¹ğŸ‡¬	bendÃ¨ra, bendÃ¨ra: Togo
ğŸ‡¹ğŸ‡­	bendÃ¨ra, bendÃ¨ra: Siam
ğŸ‡¹ğŸ‡¯	bendÃ¨ra, bendÃ¨ra: Tajikistan
ğŸ‡¹ğŸ‡°	bendÃ¨ra, bendÃ¨ra: TokÃ©lau
ğŸ‡¹ğŸ‡±	bendÃ¨ra, bendÃ¨ra: Timor WÃ¨tan
ğŸ‡¹ğŸ‡²	bendÃ¨ra, bendÃ¨ra: TurkmÃ¨nistan
ğŸ‡¹ğŸ‡³	bendÃ¨ra, bendÃ¨ra: Tunis
ğŸ‡¹ğŸ‡´	bendÃ¨ra, bendÃ¨ra: Tonga
ğŸ‡¹ğŸ‡·	bendÃ¨ra, bendÃ¨ra: Turki
ğŸ‡¹ğŸ‡¹	bendÃ¨ra, bendÃ¨ra: Trinidad Ã¨n Tobago
ğŸ‡¹ğŸ‡»	bendÃ¨ra, bendÃ¨ra: Tuwalu
ğŸ‡¹ğŸ‡¼	bendÃ¨ra, bendÃ¨ra: Taiwan
ğŸ‡¹ğŸ‡¿	bendÃ¨ra, bendÃ¨ra: Tansania
ğŸ‡ºğŸ‡¦	bendÃ¨ra, bendÃ¨ra: Ukrain
ğŸ‡ºğŸ‡¬	bendÃ¨ra, bendÃ¨ra: Uganda
ğŸ‡ºğŸ‡²	bendÃ¨ra, bendÃ¨ra: Kepuloan Mentil AS Luar
ğŸ‡ºğŸ‡³	bendÃ¨ra, bendÃ¨ra: PeserÃ¨katan Bangsa-Bangsa
ğŸ‡ºğŸ‡¸	bendÃ¨ra, bendÃ¨ra: Amrik SerÃ¨kat
ğŸ‡ºğŸ‡¾	bendÃ¨ra, bendÃ¨ra: UruguÃ©
ğŸ‡ºğŸ‡¿	bendÃ¨ra, bendÃ¨ra: UsbÃ¨kistan
ğŸ‡»ğŸ‡¦	bendÃ¨ra, bendÃ¨ra: Kota Watikan
ğŸ‡»ğŸ‡¨	bendÃ¨ra, bendÃ¨ra: Sint-WinsÃ¨n Ã¨n GrÃ©nadin
ğŸ‡»ğŸ‡ª	bendÃ¨ra, bendÃ¨ra: BÃ©nÃ©suÃ¨la
ğŸ‡»ğŸ‡¬	bendÃ¨ra, bendÃ¨ra: Pulo Perawan Britani
ğŸ‡»ğŸ‡®	bendÃ¨ra, bendÃ¨ra: Pulo Perawan Amrik
ğŸ‡»ğŸ‡³	bendÃ¨ra, bendÃ¨ra: PiÃ¨tnam
ğŸ‡»ğŸ‡º	bendÃ¨ra, bendÃ¨ra: Wanuatu
ğŸ‡¼ğŸ‡«	bendÃ¨ra, bendÃ¨ra: Walis Ã¨n Putuna
ğŸ‡¼ğŸ‡¸	bendÃ¨ra, bendÃ¨ra: Samoa
ğŸ‡½ğŸ‡°	bendÃ¨ra, bendÃ¨ra: Kosowa
ğŸ‡¾ğŸ‡ª	bendÃ¨ra, bendÃ¨ra: Yaman
ğŸ‡¾ğŸ‡¹	bendÃ¨ra, bendÃ¨ra: MÃ©ot
ğŸ‡¿ğŸ‡¦	bendÃ¨ra, bendÃ¨ra: Aprika Kidul
ğŸ‡¿ğŸ‡²	bendÃ¨ra, bendÃ¨ra: Sambia
ğŸ‡¿ğŸ‡¼	bendÃ¨ra, bendÃ¨ra: JimbabwÃ©
Â¤	Mata Uang Kagaâ€™ Ditauin
Ö	Dirham LemÃ¨nder
Ø‹	Apgani Apganistan
à§³	Taka BenggaladÃ©sa
à¸¿	Bat Muang-Tay
áŸ›	RÃ¨al Kemboja
â‚¡	Kolon Kosta Rika
â‚¦	Naira NigÃ©ria
â‚ª	SÃ¨kÃ¨l Baru IsraÃ¨l
â‚«	Dong PiÃ¨tnam
â‚­	Kip Laos
â‚®	Tugrik Monggoli
â‚²	Guarani ParaguÃ©
â‚´	Heriwnia Ukrain
â‚µ	SÃ©di Gana
â‚¸	TÃ¨nggÃ© Kasakstan
â‚º	Lira Turki
â‚¼	Manat AsÃ¨rbaijan
â‚¾	Lari GÃ©orgi
