â€¾	Oberstrich, Ãœberstrich
â€½	Fragerufzeichen, Interrobang
â€	schliessendes doppeltes AnfÃ¼hrungszeichen
)	Klammer, Parenthese, runde Klammer, schliessende Klammer, schliessende runde Klammer
]	eckige Klammer, eckige Klammer rechts, schliessende eckige Klammer
}	geschweifte Klammer, geschweifte Klammer rechts, geschwungene Klammer, geschwungene Klammer rechts, schliessende geschweifte Klammer, schliessende geschwungene Klammer
ã€‰	Pfeilspitze rechts, Winkelklammer, schliessende Winkelklammer, schliessende spitze Klammer, spitze Klammer, spitze Klammer rechts
ã€‹	Klammer, doppelte spitze Klammer, schliessende doppelte spitze Klammer
ã€	Eckklammer, Klammer, schliessende Eckklammer, schliessende rechtwinklige Klammer
ã€	Klammer, weisse Eckklammer, Ã¶ffnende weisse Eckklammer
ã€	Klammer, schliessende rechtwinklige Klammer hohl, schliessende weisse Eckklammer, weisse Eckklammer
ã€‘	Klammer, konkave Klammer, schliessende schwarze konkave Klammer, schwarze konkave Klammer
ã€•	rechte stumpfe Klammer, schliessende Klammer mit stumpfen Winkeln, schliessende stumpfe Klammer, stumpfe Klammer
ã€—	Klammer, hohle konkave Klammer, konkave Klammer, schliessende hohle konkave Klammer, schliessende linsenfÃ¶rmige Klammer hohl
Â§	Paragraph
@	Adresszeichen, Affenschaukel, Affenschwanz, At, At-Zeichen, Klammeraffe
â‚	Asterism, Dreifachsternchen, Sterngruppe
`	Accent grave, Akzent, Betonung, Gravis
Â´	Accent aigu, Akut, Akzent, Betonung
â†¹	Ofeil, Pfeil nach links auf Strich zulaufend Ã¼ber Pfeil nach rechts auf Strich zulaufend, Strich, links, rechts, Ã¼ber Pfeil nach rechts auf Strich
â†¼	Harpune, Harpune nach links mit Zacken nach oben, Harpune nach oben mit Zacken nach oben
â†¾	Harpune, Harpune nach oben mit Zacken nach rechts
â†¿	Harpune, Harpune nach oben mit Zacken nach links
â‡€	Harpune, Harpune nach oben mit Zacken nach oben, Harpune nach rechts mit Zacken nach oben
â‡	Harpune, Harpune nach oben mit Zacken nach unten, Harpune nach rechts mit Zacken nach unten
â‡‚	Harpune, Harpune nach oben mit Zacken nach oben, Harpune nach unten mit Zacken nach rechts
â‡ƒ	Harpune, Harpune nach unten mit Zacken nach links
â‡¦	weisser Pfeil nach links
â‡§	weisser Pfeil nach oben
â‡¨	weisser Pfeil nach rechts
â‡©	weisser Pfeil nach unten
â‡ª	weisser Pfeil nach oben von Strich weglaufend
âˆ‚	Ableitung, partielle Ableitung
âˆ	Beweis, Ende des Beweises, q.e.d., qed
âˆ‘	Mathematik, Summe, Summenzeichen
â‰®	Mathematik, nicht kleiner als, nicht weniger als
=	gleich
>	GrÃ¶sser-als-Zeichen, grÃ¶sser als
â‰¯	Mathematik, nicht grÃ¶sser als
|	LÃ¤ngsstrich, Pipe, Pipe-Symbol, Pipe-Zeichen, senkrechter Strich, vertikaler Strich
âˆ“	minus oder plus, plusminus
âˆ•	Divisionsstrich, LÃ¤ngsstrich, Slash, Strich
â„	Bruchsstrich, Bruchstrich, SchrÃ¤gstrich, Strich
âˆ—	Stern, Sternchen, Sternchen-Operator
âˆ˜	Operator, Ring-Operator
âˆ™	Kreis-Operator, Operator
âˆ	ProportionalitÃ¤t, proportional, proportional zu
âˆŸ	Mathematik, rechter Winkel
âˆ 	Mathemaik, Winkel, Winkel-Zeichen
âˆ£	Teilt-Zeichen, teilen
âˆ§	ac, atque, logisches Und
âˆ«	Integral, Rechnen
âˆ¬	Doppelintegral, Rechnen
âˆµ	Weil, logisch
âˆ·	Proportion, ProportionalitÃ¤t, Proportionszeichen
âˆ¼	Operator, Tilde, Tilde-Operator
âˆ½	Operator, Tilde, gespiegelte Tilde
â‰ƒ	Asymptote, Mathematik, asymptotisch gleich
â‰…	Mathematik, fast gleich, ungefÃ¤hr gleich, ungefÃ¤hr-gleich
â‰ˆ	NÃ¤herung, UngefÃ¤hr-Zeichen, fast gleich wie, ungefÃ¤hr gleich
â‰Œ	Mathematik, alles gleich
â‰’	Bild von, ungefÃ¤hr gleich, ungefÃ¤hr gleich oder Bild von
â‰–	Mathematik, Ring, Ring im Gleichheitszeichen, gleich
â‰£	Mathematik, genau gleich, genau Ã¤quivalent
â‰¥	Vergleichszeichen, gleich, grÃ¶sser als, grÃ¶sser als oder gleich, ist gleich
â‰¦	Mathematik, kleiner als Ã¼ber gleich, ungleich
â‰§	Mathematik, grÃ¶sser als Ã¼ber gleich, ungleich
â‰ª	Mathematik, ungleich, viel kleiner als
â‰«	Mathematik, ungleich, viel grÃ¶sser als
â‰³	Mathematik, grÃ¶sser als, grÃ¶sser als oder Ã¤quivalent, Ã¤quivalent
â‰º	Mathematik, vorangehend
â‰»	Mathematik, nachfolgend
âŠ	Mathematik, nicht nachfolgend
âŠƒ	Mathematik, Obermenge von
âŠ†	Mathematik, Teilmenge von oder gleich mit
âŠ‡	Mathematik, Obermenge von oder gleich mit
âŠ•	Plus, eingekreistes Pluszeichen
âŠ–	Minus, eingekreistes Minuszeichen
âŠ—	Mal, eingekreistes Multiplikationszeichen
âŠ˜	Durch, eingekreister Divisionsstrich
âŠ™	Operator, XNOR, eingekreister Punkt-Operator
âŠ›	Kreis, Operator, Stern, eingekreister Stern-Operator
âŠ	Mathematik, eingerahmtes Pluszeichen
âŠŸ	Minus, eingerahmtes Minuszeichen
âŠ¥	senkrecht nach oben, teilerfremd, widersprÃ¼chlich
âŠ°	Mathematik, vorangehend in Relation
âŠ±	Mathematik, nachfolgend in Relation
â‹­	Mathematik, enthÃ¤lt nicht als normale Untergruppe oder gleich
âŠ¹	Mathematik, Matrix, hermitesche konjugierte Matrix
âŠ¿	Dreieck, rechtes Dreieck, rechtwinklig
â‹	Mathematik, N-stufiges logisches Oder, Oder, n-stufig
â‹‚	N-stufige Schnittmenge, Schnittmenge, n-stufig
â‹ƒ	N-stufige Vereinigungsmenge, Vereinungsmenge, n-stufig
â‹…	Operator, Punkt-Operator
â‹†	Operator, Stern-Operator
â‹ˆ	Schleife, VerknÃ¼pfung, binÃ¤rer Operator, natÃ¼rliche VerknÃ¼pfung
â‹’	Mathematik, Schnittmenge, doppelte Schnittmenge, Ã¼berschneidet
â‹˜	kleiner, sehr viel kleiner als, ungleich
â‹™	grÃ¶sser, sehr viel grÃ¶sser als, ungleich
â‹®	Ellipse, Mathematik, vertikale Ellipse
â‹¯	Ellipse, horizontal, horizontale Ellipse auf mittlerer HÃ¶he
â‹°	Ellipse, Mathematik, rechts-aufwÃ¤rts steigende diagonale Ellipse
â‹±	Ellipse, diagonal, rechts-abwÃ¤rts fallende diagonale Ellipse
â–¡	weisses Quadrat
â–¢	weisses Quadrat mit abgerundeten Ecken
â–£	weisses Quadrat mit kleinem schwarzem Quadrat
â–©	Quadrat, Quadrat mit diagonaler Kreuzschraffur, Schraffur, schraffiert
â–¬	dicker Strich, schwarzes Rechteck
â–­	weisses Rechteck
â–³	weisses nach oben weisendes Dreieck
â–µ	weisses nach oben weisendes kleines Dreieck
â–·	weisses nach rechts weisendes Dreieck
â–¹	weisses nach rechts weisendes kleines Dreieck
â–»	weisser nach rechts weisender Zeiger
â–½	weisses nach unten weisendes Dreieck
â–¿	weisses nach unten weisendes kleines Dreieck
â—	weisses nach links weisendes Dreieck
â—ƒ	weisses nach links weisendes kleines Dreieck
â—…	weisser nach links weisender Zeiger
â—‡	weisses Karo
â—ˆ	weisses Karo mit kleinem schwarzem Karo
â—‰	Bullauge, Kreis, kleiner schwarzer Kreis, konzentrische Kreise, weisser Kreis mit kleinem schwarzem Kreis
â—	Ziel, doppelter Kreis, konzentrische Kreise
â—•	schwarzer Kreis mit weissem Viertel oben links
â—™	schwarzes Quadrat mit weissem Kreis
â—¦	weisses AufzÃ¤hlungszeichen
â—¯	Kreis, Ring, grosser hohler Kreis
â—³	weisses Quadrat mit Viertel oben rechts
â—·	weisser Kreis mit Viertel oben rechts
â—¿	weisses Dreieck unten rechts
â™ª	Achtel, Achtelsnote, Musik, Note
âªš	gleich Ã¼ber grÃ¶sser als
ğŸ˜ƒ	Gesicht, grinsendes Gesicht mit grossen Augen, lol, lustig
ğŸ˜…	Gesicht, Lachender Smiley mit kaltem Schweiss, Schweiss, lustig, schwitzen
ğŸ¤ª	Auge, Augen, Gesicht, Smiley, gross, irre, klein, verrÃ¼ckt
ğŸ«¡	Aye aye, Gesicht, Truppen, grÃ¼ssendes Gesicht, jawohl, ok, salutieren
ğŸ¤	Geheimnis, Gesicht, Mund, Reissverschluss, Smiley, Smiley mit Reissverschlussmund, halten, schweigen, wahren
ğŸ˜¶â€ğŸŒ«	Kopf in den Wolken, abwesend, benebelt, geistig umnachtet
ğŸ˜®â€ğŸ’¨	ausatmendes Gesicht
ğŸ¥µ	Fieber, Gesicht, Hitzeschlag, Hitzschlag, Smiley, Zunge herausstrecken, erhitzt, erhitztes Gesicht, fiebrig, heiss, krank, rotes Gesicht, schnaufend, schwitzen, schwitzend, schwitzendes Gesicht, sterbend, Ã¼bel
ğŸ˜µâ€ğŸ’«	Gesicht mit Spiralaugen
ğŸ¥¸	Gesicht mit Maske
ğŸ˜³	Augen, ErrÃ¶teter Smiley mit grossen Augen, Gesicht, Scham, Smiley, Wangen, errÃ¶ten, gross, peinlich, rot, schÃ¤men, verlegen, Ã¼berrascht
ğŸ¥º	Gesicht, Gnade, Kulleraugen, Smiley, Welpenaugen, anflehen, betteln, bettelndes Gesicht, bitte, bitten, bittendes Gesicht, flehendes Gesicht, grosse Augen, traurig, treuer Blick, warum nicht
ğŸ˜°	Angst, Angstschweiss, Gesicht, Mund, Schweiss, Smiley mit offenem Mund und kaltem Schweiss, besorgt, kalter Schweiss, nervÃ¶s, offen, Ã¤ngstlich
ğŸ˜¥	Gesicht, Schweiss, enttÃ¤uscht, erleichtert, knapp, traurig, Ã¤ngstlich
ğŸ˜“	Gesicht, Smiley mit kaltem Schweiss, geschlossene Augen
ğŸ‘½ï¸	Alien, Ausserirdischer, Ausserirdisches Wesen, Gesicht, UFO
â¤â€ğŸ”¥	Feuer, Herz in Flammen, Liebe, brennen, brennendes Herz
â¤â€ğŸ©¹	Besserung, Herz mit Pflaster, Pflaster, erholen, gesund, gute Besserung, heilen
ğŸ©·	GefÃ¼hl, Herz, Liebe, flirten, gefallen, gefÃ¤llt, mag, mÃ¶gen, pink, rosa, sÃ¼ss, verliebt
ğŸ¤	Herz, weiss, weisses Herz
ğŸ’¥	Bombe, Boom, Comic, Explosion, Kollision, Zusammenstoss, explodieren, kollidieren, zusammenstossen
ğŸ’¦	Comic, Schweiss, Schweisstropfen, Training, Tropfen, Wasser, feucht, nass, schwitzen, trainieren
ğŸ––	Finger, Hand, Spock, Vulkanier(in), Vulkanischer Gruss, vulkanisch
ğŸ––ğŸ»	Finger, Hand, Spock, Vulkanier(in), Vulkanischer Gruss, Vulkanischer Gruss: helle Hautfarbe, helle Hautfarbe, vulkanisch
ğŸ––ğŸ¼	Finger, Hand, Spock, Vulkanier(in), Vulkanischer Gruss, Vulkanischer Gruss: mittelhelle Hautfarbe, mittelhelle Hautfarbe, vulkanisch
ğŸ––ğŸ½	Finger, Hand, Spock, Vulkanier(in), Vulkanischer Gruss, Vulkanischer Gruss: mittlere Hautfarbe, mittlere Hautfarbe, vulkanisch
ğŸ––ğŸ¾	Finger, Hand, Spock, Vulkanier(in), Vulkanischer Gruss, Vulkanischer Gruss: mitteldunkle Hautfarbe, mitteldunkle Hautfarbe, vulkanisch
ğŸ––ğŸ¿	Finger, Hand, Spock, Vulkanier(in), Vulkanischer Gruss, Vulkanischer Gruss: dunkle Hautfarbe, dunkle Hautfarbe, vulkanisch
ğŸ«·	High Five, Stopp, drÃ¼cken, nach links, nach links drÃ¼ckende Hand, nein, warten
ğŸ«·ğŸ»	High Five, Stopp, drÃ¼cken, helle Hautfarbe, nach links, nach links drÃ¼ckende Hand, nach links drÃ¼ckende Hand: helle Hautfarbe, nein, warten
ğŸ«·ğŸ¼	High Five, Stopp, drÃ¼cken, mittelhelle Hautfarbe, nach links, nach links drÃ¼ckende Hand, nach links drÃ¼ckende Hand: mittelhelle Hautfarbe, nein, warten
ğŸ«·ğŸ½	High Five, Stopp, drÃ¼cken, mittlere Hautfarbe, nach links, nach links drÃ¼ckende Hand, nach links drÃ¼ckende Hand: mittlere Hautfarbe, nein, warten
ğŸ«·ğŸ¾	High Five, Stopp, drÃ¼cken, mitteldunkle Hautfarbe, nach links, nach links drÃ¼ckende Hand, nach links drÃ¼ckende Hand: mitteldunkle Hautfarbe, nein, warten
ğŸ«·ğŸ¿	High Five, Stopp, drÃ¼cken, dunkle Hautfarbe, nach links, nach links drÃ¼ckende Hand, nach links drÃ¼ckende Hand: dunkle Hautfarbe, nein, warten
ğŸ«¸	High Five, Stopp, drÃ¼cken, nach rechts, nach rechts drÃ¼ckende Hand, nein, warten
ğŸ«¸ğŸ»	High Five, Stopp, drÃ¼cken, helle Hautfarbe, nach rechts, nach rechts drÃ¼ckende Hand, nach rechts drÃ¼ckende Hand: helle Hautfarbe, nein, warten
ğŸ«¸ğŸ¼	High Five, Stopp, drÃ¼cken, mittelhelle Hautfarbe, nach rechts, nach rechts drÃ¼ckende Hand, nach rechts drÃ¼ckende Hand: mittelhelle Hautfarbe, nein, warten
ğŸ«¸ğŸ½	High Five, Stopp, drÃ¼cken, mittlere Hautfarbe, nach rechts, nach rechts drÃ¼ckende Hand, nach rechts drÃ¼ckende Hand: mittlere Hautfarbe, nein, warten
ğŸ«¸ğŸ¾	High Five, Stopp, drÃ¼cken, mitteldunkle Hautfarbe, nach rechts, nach rechts drÃ¼ckende Hand, nach rechts drÃ¼ckende Hand: mitteldunkle Hautfarbe, nein, warten
ğŸ«¸ğŸ¿	High Five, Stopp, drÃ¼cken, dunkle Hautfarbe, nach rechts, nach rechts drÃ¼ckende Hand, nach rechts drÃ¼ckende Hand: dunkle Hautfarbe, nein, warten
ğŸ¤˜	Finger, Hand, HÃ¶rner, Rock, Teufel, Teufelsgruss
ğŸ¤˜ğŸ»	Finger, Hand, HÃ¶rner, Rock, Teufel, Teufelsgruss, Teufelsgruss: helle Hautfarbe, helle Hautfarbe
ğŸ¤˜ğŸ¼	Finger, Hand, HÃ¶rner, Rock, Teufel, Teufelsgruss, Teufelsgruss: mittelhelle Hautfarbe, mittelhelle Hautfarbe
ğŸ¤˜ğŸ½	Finger, Hand, HÃ¶rner, Rock, Teufel, Teufelsgruss, Teufelsgruss: mittlere Hautfarbe, mittlere Hautfarbe
ğŸ¤˜ğŸ¾	Finger, Hand, HÃ¶rner, Rock, Teufel, Teufelsgruss, Teufelsgruss: mitteldunkle Hautfarbe, mitteldunkle Hautfarbe
ğŸ¤˜ğŸ¿	Finger, Hand, HÃ¶rner, Rock, Teufel, Teufelsgruss, Teufelsgruss: dunkle Hautfarbe, dunkle Hautfarbe
ğŸ‘ğŸ»	Applaus, Beifall, Gratulation, Hand, HÃ¤nde, Klatschen, applaudieren, grossartig, gut, helle Hautfarbe, klatschend, toll
ğŸ‘ğŸ¼	Applaus, Beifall, Gratulation, Hand, HÃ¤nde, Klatschen, applaudieren, grossartig, gut, klatschend, mittelhelle Hautfarbe, toll
ğŸ‘ğŸ½	Applaus, Beifall, Gratulation, Hand, HÃ¤nde, Klatschen, applaudieren, grossartig, gut, klatschend, mittlere Hautfarbe, toll
ğŸ‘ğŸ¾	Applaus, Beifall, Gratulation, Hand, HÃ¤nde, Klatschen, applaudieren, grossartig, gut, klatschend, mitteldunkle Hautfarbe, toll
ğŸ‘ğŸ¿	Applaus, Beifall, Gratulation, Hand, HÃ¤nde, Klatschen, applaudieren, dunkle Hautfarbe, grossartig, gut, klatschend, toll
ğŸ™	Gebet, beten, betende HÃ¤nde, bitten, danken, grÃ¼ssen, zusammengelegte HandflÃ¤chen
ğŸ™ğŸ»	Gebet, beten, betende HÃ¤nde, bitten, danken, grÃ¼ssen, helle Hautfarbe, zusammengelegte HandflÃ¤chen
ğŸ™ğŸ¼	Gebet, beten, betende HÃ¤nde, bitten, danken, grÃ¼ssen, mittelhelle Hautfarbe, zusammengelegte HandflÃ¤chen
ğŸ™ğŸ½	Gebet, beten, betende HÃ¤nde, bitten, danken, grÃ¼ssen, mittlere Hautfarbe, zusammengelegte HandflÃ¤chen
ğŸ™ğŸ¾	Gebet, beten, betende HÃ¤nde, bitten, danken, grÃ¼ssen, mitteldunkle Hautfarbe, zusammengelegte HandflÃ¤chen
ğŸ™ğŸ¿	Gebet, beten, betende HÃ¤nde, bitten, danken, dunkle Hautfarbe, grÃ¼ssen, zusammengelegte HandflÃ¤chen
ğŸ¦µ	Bein, ExtremitÃ¤t, Fuss, Gliedmasse, Knie, KÃ¶rperglied, KÃ¶rperteil, Treten, Tritt, gebeugtes Knie
ğŸ¦µğŸ»	Bein, ExtremitÃ¤t, Fuss, Gliedmasse, Knie, KÃ¶rperglied, KÃ¶rperteil, Treten, Tritt, gebeugtes Knie, helle Hautfarbe
ğŸ¦µğŸ¼	Bein, ExtremitÃ¤t, Fuss, Gliedmasse, Knie, KÃ¶rperglied, KÃ¶rperteil, Treten, Tritt, gebeugtes Knie, mittelhelle Hautfarbe
ğŸ¦µğŸ½	Bein, ExtremitÃ¤t, Fuss, Gliedmasse, Knie, KÃ¶rperglied, KÃ¶rperteil, Treten, Tritt, gebeugtes Knie, mittlere Hautfarbe
ğŸ¦µğŸ¾	Bein, ExtremitÃ¤t, Fuss, Gliedmasse, Knie, KÃ¶rperglied, KÃ¶rperteil, Treten, Tritt, gebeugtes Knie, mitteldunkle Hautfarbe
ğŸ¦µğŸ¿	Bein, ExtremitÃ¤t, Fuss, Gliedmasse, Knie, KÃ¶rperglied, KÃ¶rperteil, Treten, Tritt, dunkle Hautfarbe, gebeugtes Knie
ğŸ¦¶	Fuss, Kick, stampfen
ğŸ¦¶ğŸ»	Fuss, Fuss: helle Hautfarbe, Kick, helle Hautfarbe, stampfen
ğŸ¦¶ğŸ¼	Fuss, Fuss: mittelhelle Hautfarbe, Kick, mittelhelle Hautfarbe, stampfen
ğŸ¦¶ğŸ½	Fuss, Fuss: mittlere Hautfarbe, Kick, mittlere Hautfarbe, stampfen
ğŸ¦¶ğŸ¾	Fuss, Fuss: mitteldunkle Hautfarbe, Kick, mitteldunkle Hautfarbe, stampfen
ğŸ¦¶ğŸ¿	Fuss, Fuss: dunkle Hautfarbe, Kick, dunkle Hautfarbe, stampfen
ğŸ¦·	Zahn, Zahn ziehen, Zahnarzt, ZahnÃ¤rztin, ZÃ¤hne, weiss
ğŸ«¦	Angst, Auf Lippe beissen, besorgt, flirtend, nervÃ¶s, unbehaglich, Ã¤ngstlich
ğŸ§‘â€ğŸ¦³	Mensch, Person, Person: weisses Haar, erwachsen, erwachsene Person, weisses Haar
ğŸ§‘ğŸ»â€ğŸ¦³	Mensch, Person, Person: helle Hautfarbe, weisses Haar, erwachsen, erwachsene Person, helle Hautfarbe, weisses Haar
ğŸ§‘ğŸ¼â€ğŸ¦³	Mensch, Person, Person: mittelhelle Hautfarbe, weisses Haar, erwachsen, erwachsene Person, mittelhelle Hautfarbe, weisses Haar
ğŸ§‘ğŸ½â€ğŸ¦³	Mensch, Person, Person: mittlere Hautfarbe, weisses Haar, erwachsen, erwachsene Person, mittlere Hautfarbe, weisses Haar
ğŸ§‘ğŸ¾â€ğŸ¦³	Mensch, Person, Person: mitteldunkle Hautfarbe, weisses Haar, erwachsen, erwachsene Person, mitteldunkle Hautfarbe, weisses Haar
ğŸ§‘ğŸ¿â€ğŸ¦³	Mensch, Person, Person: dunkle Hautfarbe, weisses Haar, dunkle Hautfarbe, erwachsen, erwachsene Person, weisses Haar
ğŸ‘¨â€ğŸ¦³	Gesicht, Mann, Mann: weisses Haar, erwachsen, weisses Haar
ğŸ‘¨ğŸ»â€ğŸ¦³	Gesicht, Mann, Mann: helle Hautfarbe, weisses Haar, erwachsen, helle Hautfarbe, weisses Haar
ğŸ‘¨ğŸ¼â€ğŸ¦³	Gesicht, Mann, Mann: mittelhelle Hautfarbe, weisses Haar, erwachsen, mittelhelle Hautfarbe, weisses Haar
ğŸ‘¨ğŸ½â€ğŸ¦³	Gesicht, Mann, Mann: mittlere Hautfarbe, weisses Haar, erwachsen, mittlere Hautfarbe, weisses Haar
ğŸ‘¨ğŸ¾â€ğŸ¦³	Gesicht, Mann, Mann: mitteldunkle Hautfarbe, weisses Haar, erwachsen, mitteldunkle Hautfarbe, weisses Haar
ğŸ‘¨ğŸ¿â€ğŸ¦³	Gesicht, Mann, Mann: dunkle Hautfarbe, weisses Haar, dunkle Hautfarbe, erwachsen, weisses Haar
ğŸ‘©â€ğŸ¦³	Frau, Frau: weisses Haar, Gesicht, erwachsen, weisses Haar
ğŸ‘©ğŸ»â€ğŸ¦³	Frau, Frau: helle Hautfarbe, weisses Haar, Gesicht, erwachsen, helle Hautfarbe, weisses Haar
ğŸ‘©ğŸ¼â€ğŸ¦³	Frau, Frau: mittelhelle Hautfarbe, weisses Haar, Gesicht, erwachsen, mittelhelle Hautfarbe, weisses Haar
ğŸ‘©ğŸ½â€ğŸ¦³	Frau, Frau: mittlere Hautfarbe, weisses Haar, Gesicht, erwachsen, mittlere Hautfarbe, weisses Haar
ğŸ‘©ğŸ¾â€ğŸ¦³	Frau, Frau: mitteldunkle Hautfarbe, weisses Haar, Gesicht, erwachsen, mitteldunkle Hautfarbe, weisses Haar
ğŸ‘©ğŸ¿â€ğŸ¦³	Frau, Frau: dunkle Hautfarbe, weisses Haar, Gesicht, dunkle Hautfarbe, erwachsen, weisses Haar
ğŸ§“ğŸ»	Grosseltern, Mensch, Person, alt, erwachsen, helle Hautfarbe, weise, Ã¤lter
ğŸ§“ğŸ¼	Grosseltern, Mensch, Person, alt, erwachsen, mittelhelle Hautfarbe, weise, Ã¤lter
ğŸ§“ğŸ½	Grosseltern, Mensch, Person, alt, erwachsen, mittlere Hautfarbe, weise, Ã¤lter
ğŸ§“ğŸ¾	Grosseltern, Mensch, Person, alt, erwachsen, mitteldunkle Hautfarbe, weise, Ã¤lter
ğŸ§“ğŸ¿	Grosseltern, Mensch, Person, alt, dunkle Hautfarbe, erwachsen, weise, Ã¤lter
ğŸ‘´	Gesicht, Glatze, Grossvater, Mann, Opa, Senior, Ã„lterer Mann, Ã¤lterer Mann
ğŸ‘´ğŸ»	Gesicht, Glatze, Grossvater, Mann, Opa, Senior, helle Hautfarbe, Ã„lterer Mann, Ã¤lterer Mann
ğŸ‘´ğŸ¼	Gesicht, Glatze, Grossvater, Mann, Opa, Senior, mittelhelle Hautfarbe, Ã„lterer Mann, Ã¤lterer Mann
ğŸ‘´ğŸ½	Gesicht, Glatze, Grossvater, Mann, Opa, Senior, mittlere Hautfarbe, Ã„lterer Mann, Ã¤lterer Mann
ğŸ‘´ğŸ¾	Gesicht, Glatze, Grossvater, Mann, Opa, Senior, mitteldunkle Hautfarbe, Ã„lterer Mann, Ã¤lterer Mann
ğŸ‘´ğŸ¿	Gesicht, Glatze, Grossvater, Mann, Opa, Senior, dunkle Hautfarbe, Ã„lterer Mann, Ã¤lterer Mann
ğŸ‘µ	Brille, Dutt, Frau, Gesicht, Grossmutter, Oma, Seniorin, Ã„ltere Frau, Ã¤ltere Frau
ğŸ‘µğŸ»	Brille, Dutt, Frau, Gesicht, Grossmutter, Oma, Seniorin, helle Hautfarbe, Ã„ltere Frau, Ã¤ltere Frau
ğŸ‘µğŸ¼	Brille, Dutt, Frau, Gesicht, Grossmutter, Oma, Seniorin, mittelhelle Hautfarbe, Ã„ltere Frau, Ã¤ltere Frau
ğŸ‘µğŸ½	Brille, Dutt, Frau, Gesicht, Grossmutter, Oma, Seniorin, mittlere Hautfarbe, Ã„ltere Frau, Ã¤ltere Frau
ğŸ‘µğŸ¾	Brille, Dutt, Frau, Gesicht, Grossmutter, Oma, Seniorin, mitteldunkle Hautfarbe, Ã„ltere Frau, Ã¤ltere Frau
ğŸ‘µğŸ¿	Brille, Dutt, Frau, Gesicht, Grossmutter, Oma, Seniorin, dunkle Hautfarbe, Ã„ltere Frau, Ã¤ltere Frau
ğŸ™…	Geste, Nein, Person, Person mit Ã¼berkreuzten Armen, ausschliessen, falsch, keine Chance, verbieten, verboten, verschrÃ¤nkte Arme, x
ğŸ™…ğŸ»	Geste, Nein, Person, Person mit Ã¼berkreuzten Armen, ausschliessen, falsch, helle Hautfarbe, keine Chance, verbieten, verboten, verschrÃ¤nkte Arme, x
ğŸ™…ğŸ¼	Geste, Nein, Person, Person mit Ã¼berkreuzten Armen, ausschliessen, falsch, keine Chance, mittelhelle Hautfarbe, verbieten, verboten, verschrÃ¤nkte Arme, x
ğŸ™…ğŸ½	Geste, Nein, Person, Person mit Ã¼berkreuzten Armen, ausschliessen, falsch, keine Chance, mittlere Hautfarbe, verbieten, verboten, verschrÃ¤nkte Arme, x
ğŸ™…ğŸ¾	Geste, Nein, Person, Person mit Ã¼berkreuzten Armen, ausschliessen, falsch, keine Chance, mitteldunkle Hautfarbe, verbieten, verboten, verschrÃ¤nkte Arme, x
ğŸ™…ğŸ¿	Geste, Nein, Person, Person mit Ã¼berkreuzten Armen, ausschliessen, dunkle Hautfarbe, falsch, keine Chance, verbieten, verboten, verschrÃ¤nkte Arme, x
ğŸ™‹	Hand heben, Hand hoch, Person, Person mit erhobenem Arm, Siegerpose, erhobener Arm, ich weiss, nimm mich
ğŸ™‹ğŸ»	Hand heben, Hand hoch, Person, Person mit erhobenem Arm, Siegerpose, erhobener Arm, helle Hautfarbe, ich weiss, nimm mich
ğŸ™‹ğŸ¼	Hand heben, Hand hoch, Person, Person mit erhobenem Arm, Siegerpose, erhobener Arm, ich weiss, mittelhelle Hautfarbe, nimm mich
ğŸ™‹ğŸ½	Hand heben, Hand hoch, Person, Person mit erhobenem Arm, Siegerpose, erhobener Arm, ich weiss, mittlere Hautfarbe, nimm mich
ğŸ™‹ğŸ¾	Hand heben, Hand hoch, Person, Person mit erhobenem Arm, Siegerpose, erhobener Arm, ich weiss, mitteldunkle Hautfarbe, nimm mich
ğŸ™‹ğŸ¿	Hand heben, Hand hoch, Person, Person mit erhobenem Arm, Siegerpose, dunkle Hautfarbe, erhobener Arm, ich weiss, nimm mich
ğŸ¤·	Person, Schultern zucken, Zweifel, egal, gleichgÃ¼ltig, ich weiss nicht, keine Ahnung, schulterzuckende Person, weiss nicht, wer weiss
ğŸ¤·ğŸ»	Person, Schultern zucken, Zweifel, egal, gleichgÃ¼ltig, helle Hautfarbe, ich weiss nicht, keine Ahnung, schulterzuckende Person, weiss nicht, wer weiss
ğŸ¤·ğŸ¼	Person, Schultern zucken, Zweifel, egal, gleichgÃ¼ltig, ich weiss nicht, keine Ahnung, mittelhelle Hautfarbe, schulterzuckende Person, weiss nicht, wer weiss
ğŸ¤·ğŸ½	Person, Schultern zucken, Zweifel, egal, gleichgÃ¼ltig, ich weiss nicht, keine Ahnung, mittlere Hautfarbe, schulterzuckende Person, weiss nicht, wer weiss
ğŸ¤·ğŸ¾	Person, Schultern zucken, Zweifel, egal, gleichgÃ¼ltig, ich weiss nicht, keine Ahnung, mitteldunkle Hautfarbe, schulterzuckende Person, weiss nicht, wer weiss
ğŸ¤·ğŸ¿	Person, Schultern zucken, Zweifel, dunkle Hautfarbe, egal, gleichgÃ¼ltig, ich weiss nicht, keine Ahnung, schulterzuckende Person, weiss nicht, wer weiss
ğŸ¤·â€â™‚	Mann, Person, Schultern zucken, Zweifel, egal, gleichgÃ¼ltig, ich weiss nicht, keine Ahnung, schulterzuckender Mann, weiss nicht, wer weiss
ğŸ¤·ğŸ»â€â™‚	Mann, Person, Schultern zucken, Zweifel, egal, gleichgÃ¼ltig, helle Hautfarbe, ich weiss nicht, keine Ahnung, schulterzuckender Mann, weiss nicht, wer weiss
ğŸ¤·ğŸ¼â€â™‚	Mann, Person, Schultern zucken, Zweifel, egal, gleichgÃ¼ltig, ich weiss nicht, keine Ahnung, mittelhelle Hautfarbe, schulterzuckender Mann, weiss nicht, wer weiss
ğŸ¤·ğŸ½â€â™‚	Mann, Person, Schultern zucken, Zweifel, egal, gleichgÃ¼ltig, ich weiss nicht, keine Ahnung, mittlere Hautfarbe, schulterzuckender Mann, weiss nicht, wer weiss
ğŸ¤·ğŸ¾â€â™‚	Mann, Person, Schultern zucken, Zweifel, egal, gleichgÃ¼ltig, ich weiss nicht, keine Ahnung, mitteldunkle Hautfarbe, schulterzuckender Mann, weiss nicht, wer weiss
ğŸ¤·ğŸ¿â€â™‚	Mann, Person, Schultern zucken, Zweifel, dunkle Hautfarbe, egal, gleichgÃ¼ltig, ich weiss nicht, keine Ahnung, schulterzuckender Mann, weiss nicht, wer weiss
ğŸ¤·â€â™€	Frau, Person, Schultern zucken, Zweifel, egal, gleichgÃ¼ltig, ich weiss nicht, keine Ahnung, schulterzuckende Frau, weiss nicht
ğŸ¤·ğŸ»â€â™€	Frau, Person, Schultern zucken, Zweifel, egal, gleichgÃ¼ltig, helle Hautfarbe, ich weiss nicht, keine Ahnung, schulterzuckende Frau, weiss nicht
ğŸ¤·ğŸ¼â€â™€	Frau, Person, Schultern zucken, Zweifel, egal, gleichgÃ¼ltig, ich weiss nicht, keine Ahnung, mittelhelle Hautfarbe, schulterzuckende Frau, weiss nicht
ğŸ¤·ğŸ½â€â™€	Frau, Person, Schultern zucken, Zweifel, egal, gleichgÃ¼ltig, ich weiss nicht, keine Ahnung, mittlere Hautfarbe, schulterzuckende Frau, weiss nicht
ğŸ¤·ğŸ¾â€â™€	Frau, Person, Schultern zucken, Zweifel, egal, gleichgÃ¼ltig, ich weiss nicht, keine Ahnung, mitteldunkle Hautfarbe, schulterzuckende Frau, weiss nicht
ğŸ¤·ğŸ¿â€â™€	Frau, Person, Schultern zucken, Zweifel, dunkle Hautfarbe, egal, gleichgÃ¼ltig, ich weiss nicht, keine Ahnung, schulterzuckende Frau, weiss nicht
ğŸ§‘â€âš•	Arzt, Arzt/Ã„rztin, Gesundheitswesen, Krankenpfleger, Krankenpflegerin, Therapeut
ğŸ§‘ğŸ»â€âš•	Arzt, Arzt/Ã„rztin, Gesundheitswesen, Krankenpfleger, Krankenpflegerin, Therapeut, helle Hautfarbe
ğŸ§‘ğŸ¼â€âš•	Arzt, Arzt/Ã„rztin, Gesundheitswesen, Krankenpfleger, Krankenpflegerin, Therapeut, mittelhelle Hautfarbe
ğŸ§‘ğŸ½â€âš•	Arzt, Arzt/Ã„rztin, Gesundheitswesen, Krankenpfleger, Krankenpflegerin, Therapeut, mittlere Hautfarbe
ğŸ§‘ğŸ¾â€âš•	Arzt, Arzt/Ã„rztin, Gesundheitswesen, Krankenpfleger, Krankenpflegerin, Therapeut, mitteldunkle Hautfarbe
ğŸ§‘ğŸ¿â€âš•	Arzt, Arzt/Ã„rztin, Gesundheitswesen, Krankenpfleger, Krankenpflegerin, Therapeut, dunkle Hautfarbe
ğŸ§‘â€ğŸ”§	Add a translation Elektriker(in), Klempner(in), Mechaniker(in), SanitÃ¤r(in)
ğŸ§‘ğŸ»â€ğŸ”§	Add a translation Elektriker(in), Klempner(in), Mechaniker(in), SanitÃ¤r(in), helle Hautfarbe
ğŸ§‘ğŸ¼â€ğŸ”§	Add a translation Elektriker(in), Klempner(in), Mechaniker(in), SanitÃ¤r(in), mittelhelle Hautfarbe
ğŸ§‘ğŸ½â€ğŸ”§	Add a translation Elektriker(in), Klempner(in), Mechaniker(in), SanitÃ¤r(in), mittlere Hautfarbe
ğŸ§‘ğŸ¾â€ğŸ”§	Add a translation Elektriker(in), Klempner(in), Mechaniker(in), SanitÃ¤r(in), mitteldunkle Hautfarbe
ğŸ§‘ğŸ¿â€ğŸ”§	Add a translation Elektriker(in), Klempner(in), Mechaniker(in), SanitÃ¤r(in), dunkle Hautfarbe
ğŸ‘¨â€ğŸ­	Arbeiter, Fabrik, Fabrikarbeiter, Montage, industriell
ğŸ‘¨ğŸ»â€ğŸ­	Arbeiter, Fabrik, Fabrikarbeiter, Montage, helle Hautfarbe, industriell
ğŸ‘¨ğŸ¼â€ğŸ­	Arbeiter, Fabrik, Fabrikarbeiter, Montage, industriell, mittelhelle Hautfarbe
ğŸ‘¨ğŸ½â€ğŸ­	Arbeiter, Fabrik, Fabrikarbeiter, Montage, industriell, mittlere Hautfarbe
ğŸ‘¨ğŸ¾â€ğŸ­	Arbeiter, Fabrik, Fabrikarbeiter, Montage, industriell, mitteldunkle Hautfarbe
ğŸ‘¨ğŸ¿â€ğŸ­	Arbeiter, Fabrik, Fabrikarbeiter, Montage, dunkle Hautfarbe, industriell
ğŸ‘©â€ğŸ­	Arbeiter, Fabrik, Fabrikarbeiterin, Montage, industriell
ğŸ‘©ğŸ»â€ğŸ­	Arbeiter, Fabrik, Fabrikarbeiterin, Montage, helle Hautfarbe, industriell
ğŸ‘©ğŸ¼â€ğŸ­	Arbeiter, Fabrik, Fabrikarbeiterin, Montage, industriell, mittelhelle Hautfarbe
ğŸ‘©ğŸ½â€ğŸ­	Arbeiter, Fabrik, Fabrikarbeiterin, Montage, industriell, mittlere Hautfarbe
ğŸ‘©ğŸ¾â€ğŸ­	Arbeiter, Fabrik, Fabrikarbeiterin, Montage, industriell, mitteldunkle Hautfarbe
ğŸ‘©ğŸ¿â€ğŸ­	Arbeiter, Fabrik, Fabrikarbeiterin, Montage, dunkle Hautfarbe, industriell
ğŸ…	Samichlaus, Weihnachten, Weihnachtsmann
ğŸ…ğŸ»	Samichlaus, Weihnachten, Weihnachtsmann, helle Hautfarbe
ğŸ…ğŸ¼	Samichlaus, Weihnachten, Weihnachtsmann, mittelhelle Hautfarbe
ğŸ…ğŸ½	Samichlaus, Weihnachten, Weihnachtsmann, mittlere Hautfarbe
ğŸ…ğŸ¾	Samichlaus, Weihnachten, Weihnachtsmann, mitteldunkle Hautfarbe
ğŸ…ğŸ¿	Samichlaus, Weihnachten, Weihnachtsmann, dunkle Hautfarbe
ğŸ§›	Blutsauger, Dracula, Halloween, Person, ReisszÃ¤hne, Untoter, Vampir, ZÃ¤hne, untot
ğŸ§›ğŸ»	Blutsauger, Dracula, Halloween, Person, ReisszÃ¤hne, Untoter, Vampir, ZÃ¤hne, helle Hautfarbe, untot
ğŸ§›ğŸ¼	Blutsauger, Dracula, Halloween, Person, ReisszÃ¤hne, Untoter, Vampir, ZÃ¤hne, mittelhelle Hautfarbe, untot
ğŸ§›ğŸ½	Blutsauger, Dracula, Halloween, Person, ReisszÃ¤hne, Untoter, Vampir, ZÃ¤hne, mittlere Hautfarbe, untot
ğŸ§›ğŸ¾	Blutsauger, Dracula, Halloween, Person, ReisszÃ¤hne, Untoter, Vampir, ZÃ¤hne, mitteldunkle Hautfarbe, untot
ğŸ§›ğŸ¿	Blutsauger, Dracula, Halloween, Person, ReisszÃ¤hne, Untoter, Vampir, ZÃ¤hne, dunkle Hautfarbe, untot
ğŸ§Ÿâ€â™‚	Zombiemann
ğŸ’‡	Coiffeur, Friseur(in), Friseuse, Frisur, FrisÃ¶r(in), Haare, Haarschnitt, Person, Person beim Haareschneiden, Schere
ğŸ’‡ğŸ»	Coiffeur, Friseur(in), Friseuse, Frisur, FrisÃ¶r(in), Haare, Haarschnitt, Person, Person beim Haareschneiden, Schere, helle Hautfarbe
ğŸ’‡ğŸ¼	Coiffeur, Friseur(in), Friseuse, Frisur, FrisÃ¶r(in), Haare, Haarschnitt, Person, Person beim Haareschneiden, Schere, mittelhelle Hautfarbe
ğŸ’‡ğŸ½	Coiffeur, Friseur(in), Friseuse, Frisur, FrisÃ¶r(in), Haare, Haarschnitt, Person, Person beim Haareschneiden, Schere, mittlere Hautfarbe
ğŸ’‡ğŸ¾	Coiffeur, Friseur(in), Friseuse, Frisur, FrisÃ¶r(in), Haare, Haarschnitt, Person, Person beim Haareschneiden, Schere, mitteldunkle Hautfarbe
ğŸ’‡ğŸ¿	Coiffeur, Friseur(in), Friseuse, Frisur, FrisÃ¶r(in), Haare, Haarschnitt, Person, Person beim Haareschneiden, Schere, dunkle Hautfarbe
ğŸ’‡â€â™‚	Coiffeur, Friseur, Haarschnitt, Mann, Mann beim Haareschneiden, Schere
ğŸ’‡ğŸ»â€â™‚	Coiffeur, Friseur, Haarschnitt, Mann, Mann beim Haareschneiden, Schere, helle Hautfarbe
ğŸ’‡ğŸ¼â€â™‚	Coiffeur, Friseur, Haarschnitt, Mann, Mann beim Haareschneiden, Schere, mittelhelle Hautfarbe
ğŸ’‡ğŸ½â€â™‚	Coiffeur, Friseur, Haarschnitt, Mann, Mann beim Haareschneiden, Schere, mittlere Hautfarbe
ğŸ’‡ğŸ¾â€â™‚	Coiffeur, Friseur, Haarschnitt, Mann, Mann beim Haareschneiden, Schere, mitteldunkle Hautfarbe
ğŸ’‡ğŸ¿â€â™‚	Coiffeur, Friseur, Haarschnitt, Mann, Mann beim Haareschneiden, Schere, dunkle Hautfarbe
ğŸ’‡â€â™€	Coiffeur, Frau, Frau beim Haareschneiden, Friseur, Haarschnitt, Schere
ğŸ’‡ğŸ»â€â™€	Coiffeur, Frau, Frau beim Haareschneiden, Friseur, Haarschnitt, Schere, helle Hautfarbe
ğŸ’‡ğŸ¼â€â™€	Coiffeur, Frau, Frau beim Haareschneiden, Friseur, Haarschnitt, Schere, mittelhelle Hautfarbe
ğŸ’‡ğŸ½â€â™€	Coiffeur, Frau, Frau beim Haareschneiden, Friseur, Haarschnitt, Schere, mittlere Hautfarbe
ğŸ’‡ğŸ¾â€â™€	Coiffeur, Frau, Frau beim Haareschneiden, Friseur, Haarschnitt, Schere, mitteldunkle Hautfarbe
ğŸ’‡ğŸ¿â€â™€	Coiffeur, Frau, Frau beim Haareschneiden, Friseur, Haarschnitt, Schere, dunkle Hautfarbe
ğŸš¶	FussgÃ¤nger(in), gehen, gehend, wandern
ğŸš¶ğŸ»	FussgÃ¤nger(in), FussgÃ¤nger(in): helle Hautfarbe, gehen, gehend, helle Hautfarbe, wandern
ğŸš¶ğŸ¼	FussgÃ¤nger(in), FussgÃ¤nger(in): mittelhelle Hautfarbe, gehen, gehend, mittelhelle Hautfarbe, wandern
ğŸš¶ğŸ½	FussgÃ¤nger(in), FussgÃ¤nger(in): mittlere Hautfarbe, gehen, gehend, mittlere Hautfarbe, wandern
ğŸš¶ğŸ¾	FussgÃ¤nger(in), FussgÃ¤nger(in): mitteldunkle Hautfarbe, gehen, gehend, mitteldunkle Hautfarbe, wandern
ğŸš¶ğŸ¿	FussgÃ¤nger(in), FussgÃ¤nger(in): dunkle Hautfarbe, dunkle Hautfarbe, gehen, gehend, wandern
ğŸš¶â€â™‚	FussgÃ¤nger, Mann, Spaziergang, gehen
ğŸš¶ğŸ»â€â™‚	FussgÃ¤nger, FussgÃ¤nger: helle Hautfarbe, Mann, Spaziergang, gehen, helle Hautfarbe
ğŸš¶ğŸ¼â€â™‚	FussgÃ¤nger, FussgÃ¤nger: mittelhelle Hautfarbe, Mann, Spaziergang, gehen, mittelhelle Hautfarbe
ğŸš¶ğŸ½â€â™‚	FussgÃ¤nger, FussgÃ¤nger: mittlere Hautfarbe, Mann, Spaziergang, gehen, mittlere Hautfarbe
ğŸš¶ğŸ¾â€â™‚	FussgÃ¤nger, FussgÃ¤nger: mitteldunkle Hautfarbe, Mann, Spaziergang, gehen, mitteldunkle Hautfarbe
ğŸš¶ğŸ¿â€â™‚	FussgÃ¤nger, FussgÃ¤nger: dunkle Hautfarbe, Mann, Spaziergang, dunkle Hautfarbe, gehen
ğŸš¶â€â™€	Frau, FussgÃ¤ngerin, Spaziergang, gehen
ğŸš¶ğŸ»â€â™€	Frau, FussgÃ¤ngerin, FussgÃ¤ngerin: helle Hautfarbe, Spaziergang, gehen, helle Hautfarbe
ğŸš¶ğŸ¼â€â™€	Frau, FussgÃ¤ngerin, FussgÃ¤ngerin: mittelhelle Hautfarbe, Spaziergang, gehen, mittelhelle Hautfarbe
ğŸš¶ğŸ½â€â™€	Frau, FussgÃ¤ngerin, FussgÃ¤ngerin: mittlere Hautfarbe, Spaziergang, gehen, mittlere Hautfarbe
ğŸš¶ğŸ¾â€â™€	Frau, FussgÃ¤ngerin, FussgÃ¤ngerin: mitteldunkle Hautfarbe, Spaziergang, gehen, mitteldunkle Hautfarbe
ğŸš¶ğŸ¿â€â™€	Frau, FussgÃ¤ngerin, FussgÃ¤ngerin: dunkle Hautfarbe, Spaziergang, dunkle Hautfarbe, gehen
ğŸš¶â€â¡	FussgÃ¤nger(in), FussgÃ¤nger(in) nach rechts, gehen, gehend, wandern
ğŸš¶ğŸ»â€â¡	FussgÃ¤nger(in), FussgÃ¤nger(in) nach rechts, gehen, gehend, wandern
ğŸš¶ğŸ¼â€â¡	FussgÃ¤nger(in), FussgÃ¤nger(in) nach rechts, gehen, gehend, wandern
ğŸš¶ğŸ½â€â¡	FussgÃ¤nger(in), FussgÃ¤nger(in) nach rechts, gehen, gehend, wandern
ğŸš¶ğŸ¾â€â¡	FussgÃ¤nger(in), FussgÃ¤nger(in) nach rechts, gehen, gehend, wandern
ğŸš¶ğŸ¿â€â¡	FussgÃ¤nger(in), FussgÃ¤nger(in) nach rechts, gehen, gehend, wandern
ğŸš¶â€â™€â€â¡	Frau, FussgÃ¤ngerin, FussgÃ¤ngerin nach rechts, Spaziergang, gehen
ğŸš¶ğŸ»â€â™€â€â¡	Frau, FussgÃ¤ngerin, FussgÃ¤ngerin nach rechts, Spaziergang, gehen
ğŸš¶ğŸ¼â€â™€â€â¡	Frau, FussgÃ¤ngerin, FussgÃ¤ngerin nach rechts, Spaziergang, gehen
ğŸš¶ğŸ½â€â™€â€â¡	Frau, FussgÃ¤ngerin, FussgÃ¤ngerin nach rechts, Spaziergang, gehen
ğŸš¶ğŸ¾â€â™€â€â¡	Frau, FussgÃ¤ngerin, FussgÃ¤ngerin nach rechts, Spaziergang, gehen
ğŸš¶ğŸ¿â€â™€â€â¡	Frau, FussgÃ¤ngerin, FussgÃ¤ngerin nach rechts, Spaziergang, gehen
ğŸš¶â€â™‚â€â¡	FussgÃ¤nger, FussgÃ¤nger nach rechts, Mann, Spaziergang, gehen
ğŸš¶ğŸ»â€â™‚â€â¡	FussgÃ¤nger, FussgÃ¤nger nach rechts, Mann, Spaziergang, gehen
ğŸš¶ğŸ¼â€â™‚â€â¡	FussgÃ¤nger, FussgÃ¤nger nach rechts, Mann, Spaziergang, gehen
ğŸš¶ğŸ½â€â™‚â€â¡	FussgÃ¤nger, FussgÃ¤nger nach rechts, Mann, Spaziergang, gehen
ğŸš¶ğŸ¾â€â™‚â€â¡	FussgÃ¤nger, FussgÃ¤nger nach rechts, Mann, Spaziergang, gehen
ğŸš¶ğŸ¿â€â™‚â€â¡	FussgÃ¤nger, FussgÃ¤nger nach rechts, Mann, Spaziergang, gehen
ğŸ§‘â€ğŸ¦¯	Barrierefreiheit, Person mit Langstock, blind
ğŸ§‘ğŸ»â€ğŸ¦¯	Barrierefreiheit, Person mit Langstock, blind, helle Hautfarbe
ğŸ§‘ğŸ¼â€ğŸ¦¯	Barrierefreiheit, Person mit Langstock, blind, mittelhelle Hautfarbe
ğŸ§‘ğŸ½â€ğŸ¦¯	Barrierefreiheit, Person mit Langstock, blind, mittlere Hautfarbe
ğŸ§‘ğŸ¾â€ğŸ¦¯	Barrierefreiheit, Person mit Langstock, blind, mitteldunkle Hautfarbe
ğŸ§‘ğŸ¿â€ğŸ¦¯	Barrierefreiheit, Person mit Langstock, blind, dunkle Hautfarbe
ğŸ§‘â€ğŸ¦¯â€â¡	Barrierefreiheit, Person mit Langstock, blind
ğŸ§‘ğŸ»â€ğŸ¦¯â€â¡	Barrierefreiheit, Person mit Langstock, blind
ğŸ§‘ğŸ¼â€ğŸ¦¯â€â¡	Barrierefreiheit, Person mit Langstock, blind
ğŸ§‘ğŸ½â€ğŸ¦¯â€â¡	Barrierefreiheit, Person mit Langstock, blind
ğŸ§‘ğŸ¾â€ğŸ¦¯â€â¡	Barrierefreiheit, Person mit Langstock, blind
ğŸ§‘ğŸ¿â€ğŸ¦¯â€â¡	Barrierefreiheit, Person mit Langstock, blind
ğŸ§—â€â™‚	Bergsteiger, Kletterer, bergsteigen, klettern
ğŸ§—ğŸ»â€â™‚	Bergsteiger, Kletterer, bergsteigen, helle Hautfarbe, klettern
ğŸ§—ğŸ¼â€â™‚	Bergsteiger, Kletterer, bergsteigen, klettern, mittelhelle Hautfarbe
ğŸ§—ğŸ½â€â™‚	Bergsteiger, Kletterer, bergsteigen, klettern, mittlere Hautfarbe
ğŸ§—ğŸ¾â€â™‚	Bergsteiger, Kletterer, bergsteigen, klettern, mitteldunkle Hautfarbe
ğŸ§—ğŸ¿â€â™‚	Bergsteiger, Kletterer, bergsteigen, dunkle Hautfarbe, klettern
ğŸ§—â€â™€	Bergsteigerin, Kletterin, bergsteigen, klettern
ğŸ§—ğŸ»â€â™€	Bergsteigerin, Kletterin, bergsteigen, helle Hautfarbe, klettern
ğŸ§—ğŸ¼â€â™€	Bergsteigerin, Kletterin, bergsteigen, klettern, mittelhelle Hautfarbe
ğŸ§—ğŸ½â€â™€	Bergsteigerin, Kletterin, bergsteigen, klettern, mittlere Hautfarbe
ğŸ§—ğŸ¾â€â™€	Bergsteigerin, Kletterin, bergsteigen, klettern, mitteldunkle Hautfarbe
ğŸ§—ğŸ¿â€â™€	Bergsteigerin, Kletterin, bergsteigen, dunkle Hautfarbe, klettern
ğŸ‘£	Abdruck, Fussabdruck, FussabdrÃ¼cke
ğŸ«†	Abdruck, Fingerabdruck, Polizei, Sicherheit, TÃ¤ter, TÃ¤terin
ğŸ¦³	weisses Haar
ğŸ«	Dummkopf, Esel, Grautier, Maultier, SÃ¤ugetier, Tier, stur, stÃ¶rrisch
ğŸ¦£	Aussterben, Mammut, Stosszahn, gross, wollig
ğŸ	Maus, Nage, Tier, weiss
ğŸ»â€â„	Arktis, EisbÃ¤r, Nordpol, weiss
ğŸ¦¤	Aussterben, Dodo, Mauritius, gross
ğŸª½	Engel, Federn, FlÃ¼gel, Mythologie, Vogel, fliegen
ğŸ¦â€ğŸ”¥	Asche, Donnervogel, Fantasy, Feuer, Feuervogel, PhÃ¶nix, Vogel, Wiedergeburt
ğŸ›	Insekt, Raupe, Tier, gefrÃ¤ssig
ğŸª°	Fliege, Insekt, Krankheit, Made, MÃ¼cke, Plage, Schmeissfliege, Tier, fliegen, verwesen
ğŸ’	Blumen, Blumenstrauss, Bouquet
ğŸª»	Blume, Hyazinthe, Lavendel, Lupine, LÃ¶wenmaul
ğŸª¾	Baum ohne BlÃ¤tter, DÃ¼rre, Herbst, Winter, blÃ¤tterlos, kahl
ğŸŒ¶ï¸	Chili
ğŸ«‘	GemÃ¼se, Paprika, Peperoni
ğŸ«š	Ginger Beer, Ingwer, Ingwerwurzel, scharf
ğŸ«›	Bohne, Edamame, Erbse, GemÃ¼se, HÃ¼lsenfrÃ¼chte
ğŸ«œ	Beete, Garten, GemÃ¼se, Rande, Randen, RÃ¼be, Wurzel
ğŸ	Brot, Brotlaib, Essen, Kohlenhydrate, Laib Brot, Toast, Weissbrot, Weizen
ğŸ—	GeflÃ¼gel, Poulet, Pouletschenkel
ğŸ	Nudeln mit Tomatensauce, Pasta, Spaghetti
ğŸ 	GerÃ¶stete SÃ¼sskartoffel, SÃ¼sskartoffel, gerÃ¶stet
ğŸ¡	Dango, Mochi-Kugeln auf einem Spiess, Restaurant, japanisches Gericht
ğŸ¥Ÿ	Empanada, GyÅza, Jiaozi, Kloss, Pierogi, Teigtasche, chinesische Teigtasche, dumpling, empanada, essen, potsticker
ğŸ§	Eis, Sorbet, Wassereis, zerstossen
ğŸ©	Donut, Doughnut, Essen, Kuchen, sÃ¼ss
ğŸ§	Cupcake, GebÃ¤ck, Konditorei, Muffin, sÃ¼ss
ğŸ«	Essen, Schokolade, Schokoladentafel, SÃ¼ssigkeit
ğŸ¬	Bonbon, SÃ¼ssigkeit
ğŸ­	Lolli, Lutscher, SÃ¼ssigkeit
ğŸ®	Dessert, Nachspeise, Nachtisch, Pudding, Sauce, Schokolade
ğŸ¯	Honig, Honigtopf, sÃ¼ss
â˜•ï¸	GetrÃ¤nk, HeissgetrÃ¤nk, Kaffee, Tee, dampfend, heiss, trinken
ğŸ«–	Kanne, Tee, Teekanne, Teekrug, trinken
ğŸ»	Bier, BierkrÃ¼ge, anstossen
ğŸ¥‚	Champagner, GetrÃ¤nk, Sekt, SektglÃ¤ser, anstossen, feiern
ğŸ«—	FlÃ¼ssigkeit ausgiessen, GetrÃ¤nk, Glas, ausgiessen, giessen, leer, trinken
ğŸº	Amphore, GefÃ¤ss, Krug, Vase, Wassermann, kochen
ğŸœï¸	WÃ¼ste, heiss
ğŸ™ï¸	GebÃ¤ude, Grossstadt, HochhÃ¤user, HÃ¤user, Skyline, Stadt, Wolkenkratzer
ğŸŒ‡	Grossstadt, HochhÃ¤user, Morgenrot, Sonnenaufgang, Sonnenuntergang, Sonnenuntergang in der Stadt, Wolkenkratzer
â™¨ï¸	Dampf, Heisse Quellen, Quellen, dampfend, heiss, heisse Quellen
ğŸšƒ	Eisenbahnwagen, Fahrzeug, Strassenbahn, Strassenbahnwagen, Tram, Wagen, Wagon, Zug
ğŸšŠ	Strassenbahn, Tram
ğŸš‹	Strassenbahn, Strassenbahnwagen, Tram, Tramwagen
ğŸš	Oberleitungsbus, Strassenbahn, Tram, Trolleybus
ğŸ›£ï¸	Autobahn, Schnellstrasse
ğŸ›¸	Alien, Ausserirdisch, UFO, fliegende Untertasse
â­ï¸	Stern, weisser mittelgrosser Stern
ğŸŒŒ	Galaxie, Milchstrasse
ğŸŒ¥ï¸	Sonne, Sonne hinter grosser Wolke, Wetter, Wolke, grosse Wolke
ğŸ”¥	Feuer, Flamme, heiss
ğŸ’§	Schweiss, Tropfen, Wasser, Wassertropfen
âš½ï¸	Ball, Fussball
ğŸ¥…	Fussball, Netz, Sport, Tor
ğŸª…	Feier, Hau drauf, Mexiko, Objekt, Party, Pinada, Pinata, PiÃ±ata, SÃ¼ssigkeiten, mexikanisch, sÃ¼ss
ğŸ¥½	Augenschutz, Schutzbrille, Schweissen, Schwimmen
ğŸ¥¼	Arzt, Arztkittel, Doc, Doktor, Experiment, Kleidung, KleidungsstÃ¼ck, Laborkittel, Labormantel, Wissenschaftler, weisse Jacke, weisser Mantel
ğŸª­	FaltfÃ¤cher, Flamenco, FÃ¤cher, fÃ¤chern, heiss, kÃ¼hl, scheu, tanzen
ğŸ’	Ranzen, Rucksack, Schule, Schulranzen, Schulsack, Tornister
ğŸ©´	Flipflops, Zehensandale, Zehensandalen
ğŸª®	Afro Pick, Kamm, kÃ¤mmen
â›‘ï¸	Helm, Helm mit weissem Kreuz, Hilfe, Kreuz
ğŸª‡	Instrument, Maraca, Musik, Trommel, schÃ¼tteln
ğŸªˆ	BlockflÃ¶te, FlÃ¶te, Holzblasinstrument, Musik, Pfeife
ğŸª‰	Amor, Harfe, Instrument, Liebe, Musik, Orchester
ğŸª«	Akku leer, Batterie leer, schwache Batterie
ğŸ”	Lupe nach links, Suche, VergrÃ¶sserungsglas
ğŸ”	Lupe nach rechts, Suche, VergrÃ¶sserungsglas
ğŸ“†	Abreisskalender, Kalender
ğŸ“Œ	Reisszwecke, anpinnen
ğŸ“	Reisszwecke, anpinnen, rund, runde Reisszwecke
âœ‚ï¸	Schere, basteln, schneiden
ğŸ”‘	Passwort, SchlÃ¼ssel, schliessen
â›“â€ğŸ’¥	Freiheit, Kette, befreien, kaputt, kaputte Kette, losreissen, reissen
ğŸª	Loch, Schaufel, Spaten, ausgraben, graben, schaufeln, vergraben
ğŸ©¼	Behinderung, Beinverletzung, Fussverletzung, Gehhilfe, GehstÃ¼tze, Hilfe, KrÃ¼cke, Schmerzen, Stock, Verletzung, verletzt
ğŸ©»	RÃ¶ntgen
ğŸ›—	Lift
ğŸª 	Klempner, PÃ¼mpel, SanitÃ¤r, Saugglocke, WC
ğŸ«§	Schaum, Seife, Seifenblasen, sauber
ğŸªª	Ausweis, Fahrausweis, ID
ğŸš®	Abfall, MÃ¼ll, MÃ¼lleimer, Sauberkeit, Symbol â€Papierkorbâ€œ, wegschmeissen, wegwerfen
ğŸš¼ï¸	Baby-Symbol, Symbol â€Babyâ€œ, Wickelraum
ğŸ›…	GepÃ¤ck, GepÃ¤ckaufbewahrung, Schliessfach
ğŸš¸	Kinder, Kinder-queren-die-Strasse-Schild, Vorsicht
ğŸš·	FussgÃ¤nger-verboten-Schild, verboten
â˜¢ï¸	RadioaktivitÃ¤t, radioaktiv
ğŸª¯	Khanda-Emblem
ğŸ›œ	Computer, Internet, Netzwerk, WIFI, WLAN, drahtlos, kabellos
â•ï¸	Plus
â–ï¸	Minus
â”ï¸	Satzzeichen, weiss, weisses Fragezeichen
â•ï¸	Satzzeichen, weiss, weisses Ausrufezeichen
â­•ï¸	Kreis, grosser Kreis, hohler roter Kreis, o, rot
âœ…ï¸	Weisses HÃ¤kchen, abgehakt, erledigt
â°ï¸	Looping, Schleife
ğŸ«Ÿ	Farbe, Farbklecks, Fleck, Klecks, Spritzer, kleckern, verschÃ¼tten
ğŸ” 	Eingabesymbol lateinische Grossbuchstaben, Grossbuchstaben, lateinische Grossbuchstaben
ğŸ…°ï¸	Blut, Blutgruppe, Grossbuchstabe A in Quadrat, a, negativ, positiv
ğŸ†	Blut, Blutgruppe, Grossbuchstaben AB in rotem Quadrat, ab, negativ, positiv
ğŸ…±ï¸	Blut, Blutgruppe, Grossbuchstabe B in Quadrat, b, negativ, positiv
ğŸ†‘	CL, Grossbuchstaben CL in rotem Quadrat
ğŸ†”	Grossbuchstaben ID in lila Quadrat, ID
â“‚ï¸	Buchstabe, Grossbuchstabe, Kreis, M, eingekreist
ğŸ†–	Grossbuchstaben NG in blauem Quadrat, NG
ğŸ…¾ï¸	0, Blut, Blutgruppe, Grossbuchstabe O in Quadrat, negativ, positiv
ğŸ†—	Grossbuchstaben OK in blauem Quadrat, OK
ğŸ…¿ï¸	Grossbuchstabe P in Quadrat, Parkplatz, Quadrat
ğŸ†š	Grossbuchstaben VS in orangefarbenem Quadrat, VS, versus
ğŸ”´	Ball, Grosser roter Kreis, Kreis, rot
ğŸ”µ	Ball, Grosser blauer Kreis, Kreis, blau
âš«ï¸	Ball, Grosser schwarzer Kreis, Kreis, schwarz
âšªï¸	Ball, Grosser weisser Kreis, Kreis, weiss
â¬›ï¸	Grosses schwarzes Quadrat, Quadrat, schwarz
â¬œï¸	Grosses weisses Quadrat, Quadrat, weiss
â—¼ï¸	Mittelgrosses schwarzes Quadrat, Quadrat, schwarz
â—»ï¸	Mittelgrosses weisses Quadrat, Quadrat, weiss
â—½ï¸	Mittelkleines weisses Quadrat, Quadrat, weiss
â–«ï¸	Kleines weisses Quadrat, Quadrat, weiss
ğŸ”¶	Grosse orangefarbene Raute, Raute, orangefarben
ğŸ”·	Grosse blaue Raute, Raute, blau
ğŸ”³	SchaltflÃ¤che, Weisse quadratische SchaltflÃ¤che, quadratisch, weiss
ğŸ³ï¸	Fahne, Wehende weisse Fahne, wehen, weisse Fahne
ğŸ³â€âš§	Flagge, Transgender, Transgenderflagge, hellblau, pink, weiss
ğŸ‡§ğŸ‡³	Flagge: Brunei
ğŸ‡§ğŸ‡¼	Flagge: Botswana
ğŸ‡¨ğŸ‡»	Flagge: Kapverden
ğŸ‡¸ğŸ‡§	Flagge: Salomon-Inseln
ğŸ‡¹ğŸ‡±	Flagge: Osttimor
ğŸ‡¿ğŸ‡¼	Flagge: Zimbabwe
$	Dollar, Dollarzeichen, Geld, Peso, USD
â‚¤	Lira, WÃ¤hrung
â‚°	Deutscher Pfennig, Pfennig, WÃ¤hrung
â‚³	ARA, Austral, WÃ¤hrung
â‚¶	Livre tournois, Livre tournoise, WÃ¤hrung
â‚·	Spesmilo, WÃ¤hrung
â‚¨	Rupie, WÃ¤hrung
ï·¼	Rial, WÃ¤hrung
Âµ	Masseinheit, Mikro-Zeichen, My
