_	dash, line, low dash, underdash, underline, underscore
ØŒ	Arabic, Arabic comma, comma
Ø›	Arabic, Arabic semicolon, semi-colon
ØŸ	Arabic, Arabic question mark, question, question mark
.	full stop
ã€‚	full stop, ideographic, ideographic full stop, period
'	apostrophe, quote, single quote, straight apostrophe, typewriter apostrophe
â€˜	apostrophe, curly quote, left apostrophe, quote, single quote, smart quote
â€™	apostrophe, curly quote, quote, right apostrophe, single quote, smart quote
â€œ	curly quotes, double quote, left quotation mark, quotation, quote, smart quotation
â€	curly quotes, double quote, quotation, quote, right quotation mark, smart quotation
)	bracket, close parenthesis, parens, parenthesis, round bracket
[	bracket, crotchet, left square bracket, open square bracket, square bracket
]	bracket, close square bracket, crotchet, right square bracket, square bracket
{	brace, bracket, curly brace, curly bracket, gullwing, left curly bracket, open curly bracket
}	brace, bracket, close curly bracket, curly brace, curly bracket, gullwing, right curly bracket
ã€ˆ	angle bracket, chevron, diamond bracket, left angle bracket, open angle bracket, pointy bracket, tuple
ã€‰	angle bracket, chevron, close angle bracket, diamond bracket, pointy bracket, right angle bracket, tuple
ã€Š	bracket, double angle bracket, left double angle bracket, open double angle bracket
ã€‹	bracket, close double angle bracket, double angle bracket, right double angle bracket
ã€Œ	bracket, corner bracket, left corner bracket, open corner bracket
ã€	bracket, close corner bracket, corner bracket, right corner bracket
ã€	bracket, hollow corner bracket, left hollow corner bracket, open hollow corner bracket
ã€	bracket, close hollow corner bracket, hollow corner bracket, right hollow corner bracket
ã€	bracket, left black lenticular bracket, lens bracket, lenticular bracket, open black lenticular bracket
ã€‘	bracket, close black lenticular bracket, lens bracket, lenticular bracket, right black lenticular bracket
ã€”	bracket, left tortoise shell bracket, open tortoise shell bracket, shell bracket, tortoise shell bracket
ã€•	bracket, close tortoise shell bracket, right tortoise shell bracket, shell bracket, tortoise shell bracket
ã€–	bracket, hollow lens bracket, hollow lenticular bracket, left hollow lenticular bracket, open hollow lenticular bracket
ã€—	bracket, close hollow lenticular bracket, hollow lens bracket, hollow lenticular bracket, right hollow lenticular bracket
@	ampersat, arobase, arroba, at mark, at sign, commercial at, strudel
%	per cent
â€°	per mil, per mill, per mille, permil, permille
â€ 	dagger, dagger sign, dagger symbol, obelisk, obelus
â€¡	dagger, double, double dagger sign, double dagger symbol, obelisk, obelus
^	accent, caret, chevron, circumflex, hat, power, wedge
â†š	leftwards arrow with stroke
â†›	rightwards arrow with stroke
â†	leftwards two-headed arrow
â†Ÿ	upwards two-headed arrow
â† 	rightwards two-headed arrow
â†¡	downwards two-headed arrow
â†¢	leftwards arrow with tail
â†£	rightwards arrow with tail
â†¨	up-down arrow with base
â†«	leftwards arrow with loop
â†¬	rightwards arrow with loop
â†­	left-right wave arrow
â†°	upwards arrow with leftwards tip
â†±	upwards arrow with rightwards tip
â†²	downwards arrow with leftwards tip
â†³	downwards arrow with rightwards tip
â†´	rightwards arrow with downwards corner
â†µ	downwards arrow with leftwards corner
â†¶	anticlockwise top-semicircle arrow
â†·	clockwise top-semicircle arrow
â†¸	north-west arrow to long bar
â†¹	leftwards over rightwards arrow bars
â†º	anticlockwise open-circle arrow
â†»	clockwise open-circle arrow
â†¼	leftwards harpoon with upwards barb
â†½	leftwards harpoon with downwards barb
â†¾	upwards harpoon with rightwards barb
â†¿	upwards harpoon with leftwards barb
â‡€	rightwards harpoon with upwards barb
â‡	rightwards harpoon with downwards barb
â‡‚	downwards harpoon with rightwards barb
â‡ƒ	downwards harpoon with leftwards barb
â‡	leftwards double arrow with stroke
â‡	rightwards double arrow with stroke
â‡”	left-right double arrow
â‡	left-right double arrow with stroke
â‡–	north-west double arrow
â‡—	north-east double arrow
â‡˜	south-east double arrow
â‡™	south-west double arrow
â‡	upwards arrow with double stroke
â‡Ÿ	downwards arrow with double stroke
â‡¤	leftwards arrow bar, leftwards arrow to bar
â‡¥	rightwards arrow bar, rightwards arrow to bar
â‡µ	downwards and upwards arrows
âˆ‚	differential, partial derivative, partial differential
âˆƒ	existential, mathematics, quantifier, there exists
âˆ…	empty set, mathematics, null set, null sign, set operator
âˆ‰	element, not an element, not an element of, set
âˆ	end of proof, end proof, halmos, q.e.d., qed, tombstone
âˆ‘	mathematics, n-ary summation, sigma, summation
|	bar, line, pipe, sheffer stroke, vertical bar, vertical line
âˆ“	minus-or-plus, minus-plus
âˆ	is proportional, proportional, proportionality
âˆ£	divides, divisor, vertical bar
âˆ¥	parallel, parallel to
âˆ®	complex analysis, contour integral
â‰ƒ	asymptote, asymptotically equal, asymptotically equal to, mathematics
â‰…	approximately equal, approximately equal to, congruence, equality, isomorphism, mathematics
â‰Œ	all equal, all equal to, equality, mathematics
â‰£	equality, mathematics, strictly equivalent, strictly equivalent to
â‰³	equivalent, greater-than, greater-than or equivalent to, inequality, mathematics
â‰º	mathematics, ordered set, precedes, set operator
â‰»	follows, mathematics, ordered set, set operator, succeeds
âŠ	does not succeed, mathematics, ordered set, set operator
âŠƒ	mathematics, proper superset, set operator, superset of
âŠ†	equal, mathematics, subset, subset of or equal to
âŠ‡	equal, mathematics, superset, superset of or equal to
âŠ•	circled plus, direct sum, exclusive or, logic, mathematics
âŠ–	circled minus, erosion, mathematics, symmetric difference
âŠ—	Kronecker, circled times, product, tensor
âŠ™	XNOR, circled dot operator, mathematics, vector
âŠ›	circled asterisk operator
âŠ	addition-like, free additive convolution, mathematics, squared plus
âŠ®	does not force, mathematics
âŠ°	mathematics, ordered set, precedes under relation, set operator
âŠ±	mathematics, ordered set, set operator, succeeds under relation
â‹­	does not contain as normal subgroup equal, does not contain as normal subgroup or equal, group theory, mathematics
âŠ¶	original, original of
â‹°	ellipsis, mathematics, upwards diagonal ellipsis, upwards right diagonal ellipsis
â‹±	downwards right diagonal ellipsis, ellipsis, mathematics
â– 	black square, filled square
â–¡	hollow square, white square
â–¢	hollow square with rounded corners, white square with rounded corners
â–£	hollow square containing filled square, white square containing black small square
â–¦	square with orthogonal crosshatch fill
â–§	square with upper left to lower right fill
â–¨	square with upper right to lower left fill
â–©	square with diagonal crosshatch fill
â–¬	black rectangle, filled rectangle
â–­	hollow rectangle, white rectangle
â–®	black vertical rectangle, filled vertical rectangle
â–°	black parallelogram, filled parallelogram
â–²	arrow, black up-pointing triangle, filled up-pointing triangle, triangle, up
â–³	hollow up-pointing triangle, white up-pointing triangle
â–´	black up-pointing small triangle, filled up-pointing small triangle
â–µ	hollow up-pointing small triangle, white up-pointing small triangle
â–·	hollow right-pointing triangle, white right-pointing triangle
â–¸	black right-pointing triangle, filled right-pointing small triangle
â–¹	hollow right-pointing small triangle, white right-pointing small triangle
â–º	black right-pointing pointer, filled right-pointing pointer
â–»	hollow right-pointing pointer, white right-pointing pointer
â–¼	arrow, black down-pointing triangle, down, filled down-pointing triangle, triangle
â–½	hollow down-pointing triangle, white down-pointing triangle
â–¾	black down-pointing small triangle, filled down-pointing small triangle
â–¿	hollow down-pointing small triangle, white down-pointing small triangle
â—	hollow left-pointing triangle, white left-pointing triangle
â—‚	black left-pointing small triangle, filled left-pointing small triangle
â—ƒ	hollow left-pointing small triangle, white left-pointing small triangle
â—„	black left-pointing pointer, filled left-pointing pointer
â—…	hollow left-pointing pointer, white left-pointing pointer
â—†	black diamond, filled diamond
â—‡	hollow diamond, white diamond
â—ˆ	hollow diamond containing filled diamond, white diamond containing black small diamond
â—‰	circled dot, concentric circles filled, fisheye, hollow circle containing filled circle, white circle containing black small circle
â—‹	circle, hollow circle, ring, white circle
â—	black circle, circle, filled circle
â—	circle with left half filled
â—‘	circle with right half filled
â—’	circle with lower half filled
â—“	circle with upper half filled
â—”	circle with upper-right quadrant filled
â—•	circle with all but upper-left quadrant filled
â—–	left half black circle, left half filled circle
â——	right half black circle, right half filled circle
â—™	black square containing hollow circle, filled square containing hollow circle, inverse hollow circle
â—œ	upper-left quadrant circular arc
â—	upper-right quadrant circular arc
â—	lower-right quadrant circular arc
â—Ÿ	lower-left quadrant circular arc
â—¢	black lower-right triangle, filled lower-right triangle
â—£	black lower-left triangle, filled lower-left triangle
â—¤	black upper-left triangle, filled upper-left triangle
â—¥	black upper-right triangle, filled upper-right triangle
â—¯	circle, large hollow circle, large white circle, ring
â—³	hollow square with upper-right quadrant, white square with upper-right quadrant
â—·	hollow circle with upper-right quadrant, white circle with upper-right quadrant
â—¿	lower-right triangle, white
â™ª	eighth, music, note, quaver
â¨§	plus sign with subscript two
â¨¯	vector or cross product
â¨¼	interior product, mathematics
â©£	logical or with double underbar, mathematics
â©½	inequality, less-than or slanted equal to, mathematics
âª	less-than above similar or equal
âªš	double-line equal to or greater-than, inequality, mathematics
ğŸ˜˜	adorbs, bae, blowing, face, flirt, heart, ily, kiss, love, lover, miss, muah, mwah, romantic, smooch, xoxo, you
ğŸ˜‹	delicious, face, face savouring food, savouring, smile, yum
ğŸ¤­	embarrassed, face, giggle, giggling, hand, mouth, oops, realisation, secret, shock, sudden, surprise, whoops
ğŸ¤	face, keep, mouth, quiet, secret, shut, zip, zip-mouth face
ğŸ¤¨	disapproval, disbelief, distrust, emoji, eyebrow, face, hmm, mild, raised, sceptic, sceptical, scepticism, surprise, what
ğŸ˜¶â€ğŸŒ«	absent-minded, face in clouds, face in the fog, head in clouds
ğŸ˜·	cold, dentist, dermatologist, doctor, dr, face, germs, mask, medical, medicine, poorly, sick
ğŸ˜µâ€ğŸ’«	confused, dizzy, eyes, face, hypnotised, omg, smiley, spiral, trouble, whoa, woah, woozy
ğŸ«¤	disappointed, face with diagonal mouth, meh, sceptical, unsure
ğŸ˜®	believe, face, forgot, mouth, omg, open, shocked, surprised, sympathy, unbelievable, unreal, whoa, woah, wow, you
ğŸ˜¤	anger, angry, face, feels, frustration, fume, fuming, furious, fury, mad, nose, steam, triumph, unhappy, won
ğŸ™ˆ	embarrassed, evil, face, forbidden, forgot, gesture, hide, monkey, no, omg, prohibited, scared, secret, see, smh, watch
ğŸ’—	143, emotion, excited, growing, heart, heartpulse, ily, kisses, muah, mwah, nervous, pulse, xoxo
ğŸ©¶	grey, heart, silver, slate
ğŸ’¬	balloon, bubble, comic, dialogue, message, sms, speech, talk, text, typing
ğŸ—¨ï¸	balloon, bubble, dialogue, left speech bubble, speech
ğŸ’­	balloon, bubble, cartoon, cloud, comic, daydream, decisions, dream, idea, invent, invention, realise, think, thoughts, wonder
ğŸ™Œ	celebration, gesture, hand, hooray, raising hands, woo hoo, yay
ğŸ™ŒğŸ»	celebration, gesture, hand, hooray, light skin tone, raising hands, woo hoo, yay
ğŸ™ŒğŸ¼	celebration, gesture, hand, hooray, medium-light skin tone, raising hands, woo hoo, yay
ğŸ™ŒğŸ½	celebration, gesture, hand, hooray, medium skin tone, raising hands, woo hoo, yay
ğŸ™ŒğŸ¾	celebration, gesture, hand, hooray, medium-dark skin tone, raising hands, woo hoo, yay
ğŸ™ŒğŸ¿	celebration, dark skin tone, gesture, hand, hooray, raising hands, woo hoo, yay
ğŸ‘ƒ	body, nose, noses, nosey, odour, smell, smells
ğŸ‘ƒğŸ»	body, light skin tone, nose, noses, nosey, odour, smell, smells
ğŸ‘ƒğŸ¼	body, medium-light skin tone, nose, noses, nosey, odour, smell, smells
ğŸ‘ƒğŸ½	body, medium skin tone, nose, noses, nosey, odour, smell, smells
ğŸ‘ƒğŸ¾	body, medium-dark skin tone, nose, noses, nosey, odour, smell, smells
ğŸ‘ƒğŸ¿	body, dark skin tone, nose, noses, nosey, odour, smell, smells
ğŸ«€	anatomical, beat, cardiology, heart, heartbeat, organ, pulse, red
ğŸ§‘ğŸ»â€â¤â€ğŸ’‹â€ğŸ§‘ğŸ¼	anniversary, babe, bae, couple, date, dating, heart, kiss, light skin tone, love, medium-light skin tone, muah, mwah, person, romance, together, xoxo
ğŸ§‘ğŸ»â€â¤â€ğŸ’‹â€ğŸ§‘ğŸ½	anniversary, babe, bae, couple, date, dating, heart, kiss, light skin tone, love, medium skin tone, muah, mwah, person, romance, together, xoxo
ğŸ§‘ğŸ»â€â¤â€ğŸ’‹â€ğŸ§‘ğŸ¾	anniversary, babe, bae, couple, date, dating, heart, kiss, light skin tone, love, medium-dark skin tone, muah, mwah, person, romance, together, xoxo
ğŸ§‘ğŸ»â€â¤â€ğŸ’‹â€ğŸ§‘ğŸ¿	anniversary, babe, bae, couple, dark skin tone, date, dating, heart, kiss, light skin tone, love, muah, mwah, person, romance, together, xoxo
ğŸ§‘ğŸ¼â€â¤â€ğŸ’‹â€ğŸ§‘ğŸ»	anniversary, babe, bae, couple, date, dating, heart, kiss, light skin tone, love, medium-light skin tone, muah, mwah, person, romance, together, xoxo
ğŸ§‘ğŸ¼â€â¤â€ğŸ’‹â€ğŸ§‘ğŸ½	anniversary, babe, bae, couple, date, dating, heart, kiss, love, medium skin tone, medium-light skin tone, muah, mwah, person, romance, together, xoxo
ğŸ§‘ğŸ¼â€â¤â€ğŸ’‹â€ğŸ§‘ğŸ¾	anniversary, babe, bae, couple, date, dating, heart, kiss, love, medium-dark skin tone, medium-light skin tone, muah, mwah, person, romance, together, xoxo
ğŸ§‘ğŸ¼â€â¤â€ğŸ’‹â€ğŸ§‘ğŸ¿	anniversary, babe, bae, couple, dark skin tone, date, dating, heart, kiss, love, medium-light skin tone, muah, mwah, person, romance, together, xoxo
ğŸ§‘ğŸ½â€â¤â€ğŸ’‹â€ğŸ§‘ğŸ»	anniversary, babe, bae, couple, date, dating, heart, kiss, light skin tone, love, medium skin tone, muah, mwah, person, romance, together, xoxo
ğŸ§‘ğŸ½â€â¤â€ğŸ’‹â€ğŸ§‘ğŸ¼	anniversary, babe, bae, couple, date, dating, heart, kiss, love, medium skin tone, medium-light skin tone, muah, mwah, person, romance, together, xoxo
ğŸ§‘ğŸ½â€â¤â€ğŸ’‹â€ğŸ§‘ğŸ¾	anniversary, babe, bae, couple, date, dating, heart, kiss, love, medium skin tone, medium-dark skin tone, muah, mwah, person, romance, together, xoxo
ğŸ§‘ğŸ½â€â¤â€ğŸ’‹â€ğŸ§‘ğŸ¿	anniversary, babe, bae, couple, dark skin tone, date, dating, heart, kiss, love, medium skin tone, muah, mwah, person, romance, together, xoxo
ğŸ§‘ğŸ¾â€â¤â€ğŸ’‹â€ğŸ§‘ğŸ»	anniversary, babe, bae, couple, date, dating, heart, kiss, light skin tone, love, medium-dark skin tone, muah, mwah, person, romance, together, xoxo
ğŸ§‘ğŸ¾â€â¤â€ğŸ’‹â€ğŸ§‘ğŸ¼	anniversary, babe, bae, couple, date, dating, heart, kiss, love, medium-dark skin tone, medium-light skin tone, muah, mwah, person, romance, together, xoxo
ğŸ§‘ğŸ¾â€â¤â€ğŸ’‹â€ğŸ§‘ğŸ½	anniversary, babe, bae, couple, date, dating, heart, kiss, love, medium skin tone, medium-dark skin tone, muah, mwah, person, romance, together, xoxo
ğŸ§‘ğŸ¾â€â¤â€ğŸ’‹â€ğŸ§‘ğŸ¿	anniversary, babe, bae, couple, dark skin tone, date, dating, heart, kiss, love, medium-dark skin tone, muah, mwah, person, romance, together, xoxo
ğŸ§‘ğŸ¿â€â¤â€ğŸ’‹â€ğŸ§‘ğŸ»	anniversary, babe, bae, couple, dark skin tone, date, dating, heart, kiss, light skin tone, love, muah, mwah, person, romance, together, xoxo
ğŸ§‘ğŸ¿â€â¤â€ğŸ’‹â€ğŸ§‘ğŸ¼	anniversary, babe, bae, couple, dark skin tone, date, dating, heart, kiss, love, medium-light skin tone, muah, mwah, person, romance, together, xoxo
ğŸ§‘ğŸ¿â€â¤â€ğŸ’‹â€ğŸ§‘ğŸ½	anniversary, babe, bae, couple, dark skin tone, date, dating, heart, kiss, love, medium skin tone, muah, mwah, person, romance, together, xoxo
ğŸ§‘ğŸ¿â€â¤â€ğŸ’‹â€ğŸ§‘ğŸ¾	anniversary, babe, bae, couple, dark skin tone, date, dating, heart, kiss, love, medium-dark skin tone, muah, mwah, person, romance, together, xoxo
ğŸ‘¨ğŸ»â€â¤â€ğŸ’‹â€ğŸ‘¨ğŸ»	anniversary, babe, bae, couple, date, dating, heart, kiss, light skin tone, love, man, muah, mwah, person, romance, together, xoxo
ğŸ‘¨ğŸ»â€â¤â€ğŸ’‹â€ğŸ‘¨ğŸ¼	anniversary, babe, bae, couple, date, dating, heart, kiss, light skin tone, love, man, medium-light skin tone, muah, mwah, person, romance, together, xoxo
ğŸ‘¨ğŸ»â€â¤â€ğŸ’‹â€ğŸ‘¨ğŸ½	anniversary, babe, bae, couple, date, dating, heart, kiss, light skin tone, love, man, medium skin tone, muah, mwah, person, romance, together, xoxo
ğŸ‘¨ğŸ»â€â¤â€ğŸ’‹â€ğŸ‘¨ğŸ¾	anniversary, babe, bae, couple, date, dating, heart, kiss, light skin tone, love, man, medium-dark skin tone, muah, mwah, person, romance, together, xoxo
ğŸ‘¨ğŸ»â€â¤â€ğŸ’‹â€ğŸ‘¨ğŸ¿	anniversary, babe, bae, couple, dark skin tone, date, dating, heart, kiss, light skin tone, love, man, muah, mwah, person, romance, together, xoxo
ğŸ‘¨ğŸ¼â€â¤â€ğŸ’‹â€ğŸ‘¨ğŸ»	anniversary, babe, bae, couple, date, dating, heart, kiss, light skin tone, love, man, medium-light skin tone, muah, mwah, person, romance, together, xoxo
ğŸ‘¨ğŸ¼â€â¤â€ğŸ’‹â€ğŸ‘¨ğŸ¼	anniversary, babe, bae, couple, date, dating, heart, kiss, love, man, medium-light skin tone, muah, mwah, person, romance, together, xoxo
ğŸ‘¨ğŸ¼â€â¤â€ğŸ’‹â€ğŸ‘¨ğŸ½	anniversary, babe, bae, couple, date, dating, heart, kiss, love, man, medium skin tone, medium-light skin tone, muah, mwah, person, romance, together, xoxo
ğŸ‘¨ğŸ¼â€â¤â€ğŸ’‹â€ğŸ‘¨ğŸ¾	anniversary, babe, bae, couple, date, dating, heart, kiss, love, man, medium-dark skin tone, medium-light skin tone, muah, mwah, person, romance, together, xoxo
ğŸ‘¨ğŸ¼â€â¤â€ğŸ’‹â€ğŸ‘¨ğŸ¿	anniversary, babe, bae, couple, dark skin tone, date, dating, heart, kiss, love, man, medium-light skin tone, muah, mwah, person, romance, together, xoxo
ğŸ‘¨ğŸ½â€â¤â€ğŸ’‹â€ğŸ‘¨ğŸ»	anniversary, babe, bae, couple, date, dating, heart, kiss, light skin tone, love, man, medium skin tone, muah, mwah, person, romance, together, xoxo
ğŸ‘¨ğŸ½â€â¤â€ğŸ’‹â€ğŸ‘¨ğŸ¼	anniversary, babe, bae, couple, date, dating, heart, kiss, love, man, medium skin tone, medium-light skin tone, muah, mwah, person, romance, together, xoxo
ğŸ‘¨ğŸ½â€â¤â€ğŸ’‹â€ğŸ‘¨ğŸ½	anniversary, babe, bae, couple, date, dating, heart, kiss, love, man, medium skin tone, muah, mwah, person, romance, together, xoxo
ğŸ‘¨ğŸ½â€â¤â€ğŸ’‹â€ğŸ‘¨ğŸ¾	anniversary, babe, bae, couple, date, dating, heart, kiss, love, man, medium skin tone, medium-dark skin tone, muah, mwah, person, romance, together, xoxo
ğŸ‘¨ğŸ½â€â¤â€ğŸ’‹â€ğŸ‘¨ğŸ¿	anniversary, babe, bae, couple, dark skin tone, date, dating, heart, kiss, love, man, medium skin tone, muah, mwah, person, romance, together, xoxo
ğŸ‘¨ğŸ¾â€â¤â€ğŸ’‹â€ğŸ‘¨ğŸ»	anniversary, babe, bae, couple, date, dating, heart, kiss, light skin tone, love, man, medium-dark skin tone, muah, mwah, person, romance, together, xoxo
ğŸ‘¨ğŸ¾â€â¤â€ğŸ’‹â€ğŸ‘¨ğŸ¼	anniversary, babe, bae, couple, date, dating, heart, kiss, love, man, medium-dark skin tone, medium-light skin tone, muah, mwah, person, romance, together, xoxo
ğŸ‘¨ğŸ¾â€â¤â€ğŸ’‹â€ğŸ‘¨ğŸ½	anniversary, babe, bae, couple, date, dating, heart, kiss, love, man, medium skin tone, medium-dark skin tone, muah, mwah, person, romance, together, xoxo
ğŸ‘¨ğŸ¾â€â¤â€ğŸ’‹â€ğŸ‘¨ğŸ¾	anniversary, babe, bae, couple, date, dating, heart, kiss, love, man, medium-dark skin tone, muah, mwah, person, romance, together, xoxo
ğŸ‘¨ğŸ¾â€â¤â€ğŸ’‹â€ğŸ‘¨ğŸ¿	anniversary, babe, bae, couple, dark skin tone, date, dating, heart, kiss, love, man, medium-dark skin tone, muah, mwah, person, romance, together, xoxo
ğŸ‘¨ğŸ¿â€â¤â€ğŸ’‹â€ğŸ‘¨ğŸ»	anniversary, babe, bae, couple, dark skin tone, date, dating, heart, kiss, light skin tone, love, man, muah, mwah, person, romance, together, xoxo
ğŸ‘¨ğŸ¿â€â¤â€ğŸ’‹â€ğŸ‘¨ğŸ¼	anniversary, babe, bae, couple, dark skin tone, date, dating, heart, kiss, love, man, medium-light skin tone, muah, mwah, person, romance, together, xoxo
ğŸ‘¨ğŸ¿â€â¤â€ğŸ’‹â€ğŸ‘¨ğŸ½	anniversary, babe, bae, couple, dark skin tone, date, dating, heart, kiss, love, man, medium skin tone, muah, mwah, person, romance, together, xoxo
ğŸ‘¨ğŸ¿â€â¤â€ğŸ’‹â€ğŸ‘¨ğŸ¾	anniversary, babe, bae, couple, dark skin tone, date, dating, heart, kiss, love, man, medium-dark skin tone, muah, mwah, person, romance, together, xoxo
ğŸ‘¨ğŸ¿â€â¤â€ğŸ’‹â€ğŸ‘¨ğŸ¿	anniversary, babe, bae, couple, dark skin tone, date, dating, heart, kiss, love, man, muah, mwah, person, romance, together, xoxo
ğŸ‘©ğŸ»â€â¤â€ğŸ’‹â€ğŸ‘¨ğŸ»	anniversary, babe, bae, couple, date, dating, heart, kiss, light skin tone, love, man, muah, mwah, person, romance, together, woman, xoxo
ğŸ‘©ğŸ»â€â¤â€ğŸ’‹â€ğŸ‘¨ğŸ¼	anniversary, babe, bae, couple, date, dating, heart, kiss, light skin tone, love, man, medium-light skin tone, muah, mwah, person, romance, together, woman, xoxo
ğŸ‘©ğŸ»â€â¤â€ğŸ’‹â€ğŸ‘¨ğŸ½	anniversary, babe, bae, couple, date, dating, heart, kiss, light skin tone, love, man, medium skin tone, muah, mwah, person, romance, together, woman, xoxo
ğŸ‘©ğŸ»â€â¤â€ğŸ’‹â€ğŸ‘¨ğŸ¾	anniversary, babe, bae, couple, date, dating, heart, kiss, light skin tone, love, man, medium-dark skin tone, muah, mwah, person, romance, together, woman, xoxo
ğŸ‘©ğŸ»â€â¤â€ğŸ’‹â€ğŸ‘¨ğŸ¿	anniversary, babe, bae, couple, dark skin tone, date, dating, heart, kiss, light skin tone, love, man, muah, mwah, person, romance, together, woman, xoxo
ğŸ‘©ğŸ¼â€â¤â€ğŸ’‹â€ğŸ‘¨ğŸ»	anniversary, babe, bae, couple, date, dating, heart, kiss, light skin tone, love, man, medium-light skin tone, muah, mwah, person, romance, together, woman, xoxo
ğŸ‘©ğŸ¼â€â¤â€ğŸ’‹â€ğŸ‘¨ğŸ¼	anniversary, babe, bae, couple, date, dating, heart, kiss, love, man, medium-light skin tone, muah, mwah, person, romance, together, woman, xoxo
ğŸ‘©ğŸ¼â€â¤â€ğŸ’‹â€ğŸ‘¨ğŸ½	anniversary, babe, bae, couple, date, dating, heart, kiss, love, man, medium skin tone, medium-light skin tone, muah, mwah, person, romance, together, woman, xoxo
ğŸ‘©ğŸ¼â€â¤â€ğŸ’‹â€ğŸ‘¨ğŸ¾	anniversary, babe, bae, couple, date, dating, heart, kiss, love, man, medium-dark skin tone, medium-light skin tone, muah, mwah, person, romance, together, woman, xoxo
ğŸ‘©ğŸ¼â€â¤â€ğŸ’‹â€ğŸ‘¨ğŸ¿	anniversary, babe, bae, couple, dark skin tone, date, dating, heart, kiss, love, man, medium-light skin tone, muah, mwah, person, romance, together, woman, xoxo
ğŸ‘©ğŸ½â€â¤â€ğŸ’‹â€ğŸ‘¨ğŸ»	anniversary, babe, bae, couple, date, dating, heart, kiss, light skin tone, love, man, medium skin tone, muah, mwah, person, romance, together, woman, xoxo
ğŸ‘©ğŸ½â€â¤â€ğŸ’‹â€ğŸ‘¨ğŸ¼	anniversary, babe, bae, couple, date, dating, heart, kiss, love, man, medium skin tone, medium-light skin tone, muah, mwah, person, romance, together, woman, xoxo
ğŸ‘©ğŸ½â€â¤â€ğŸ’‹â€ğŸ‘¨ğŸ½	anniversary, babe, bae, couple, date, dating, heart, kiss, love, man, medium skin tone, muah, mwah, person, romance, together, woman, xoxo
ğŸ‘©ğŸ½â€â¤â€ğŸ’‹â€ğŸ‘¨ğŸ¾	anniversary, babe, bae, couple, date, dating, heart, kiss, love, man, medium skin tone, medium-dark skin tone, muah, mwah, person, romance, together, woman, xoxo
ğŸ‘©ğŸ½â€â¤â€ğŸ’‹â€ğŸ‘¨ğŸ¿	anniversary, babe, bae, couple, dark skin tone, date, dating, heart, kiss, love, man, medium skin tone, muah, mwah, person, romance, together, woman, xoxo
ğŸ‘©ğŸ¾â€â¤â€ğŸ’‹â€ğŸ‘¨ğŸ»	anniversary, babe, bae, couple, date, dating, heart, kiss, light skin tone, love, man, medium-dark skin tone, muah, mwah, person, romance, together, woman, xoxo
ğŸ‘©ğŸ¾â€â¤â€ğŸ’‹â€ğŸ‘¨ğŸ¼	anniversary, babe, bae, couple, date, dating, heart, kiss, love, man, medium-dark skin tone, medium-light skin tone, muah, mwah, person, romance, together, woman, xoxo
ğŸ‘©ğŸ¾â€â¤â€ğŸ’‹â€ğŸ‘¨ğŸ½	anniversary, babe, bae, couple, date, dating, heart, kiss, love, man, medium skin tone, medium-dark skin tone, muah, mwah, person, romance, together, woman, xoxo
ğŸ‘©ğŸ¾â€â¤â€ğŸ’‹â€ğŸ‘¨ğŸ¾	anniversary, babe, bae, couple, date, dating, heart, kiss, love, man, medium-dark skin tone, muah, mwah, person, romance, together, woman, xoxo
ğŸ‘©ğŸ¾â€â¤â€ğŸ’‹â€ğŸ‘¨ğŸ¿	anniversary, babe, bae, couple, dark skin tone, date, dating, heart, kiss, love, man, medium-dark skin tone, muah, mwah, person, romance, together, woman, xoxo
ğŸ‘©ğŸ¿â€â¤â€ğŸ’‹â€ğŸ‘¨ğŸ»	anniversary, babe, bae, couple, dark skin tone, date, dating, heart, kiss, light skin tone, love, man, muah, mwah, person, romance, together, woman, xoxo
ğŸ‘©ğŸ¿â€â¤â€ğŸ’‹â€ğŸ‘¨ğŸ¼	anniversary, babe, bae, couple, dark skin tone, date, dating, heart, kiss, love, man, medium-light skin tone, muah, mwah, person, romance, together, woman, xoxo
ğŸ‘©ğŸ¿â€â¤â€ğŸ’‹â€ğŸ‘¨ğŸ½	anniversary, babe, bae, couple, dark skin tone, date, dating, heart, kiss, love, man, medium skin tone, muah, mwah, person, romance, together, woman, xoxo
ğŸ‘©ğŸ¿â€â¤â€ğŸ’‹â€ğŸ‘¨ğŸ¾	anniversary, babe, bae, couple, dark skin tone, date, dating, heart, kiss, love, man, medium-dark skin tone, muah, mwah, person, romance, together, woman, xoxo
ğŸ‘©ğŸ¿â€â¤â€ğŸ’‹â€ğŸ‘¨ğŸ¿	anniversary, babe, bae, couple, dark skin tone, date, dating, heart, kiss, love, man, muah, mwah, person, romance, together, woman, xoxo
ğŸ‘©ğŸ»â€â¤â€ğŸ’‹â€ğŸ‘©ğŸ»	anniversary, babe, bae, couple, date, dating, heart, kiss, light skin tone, love, muah, mwah, person, romance, together, woman, xoxo
ğŸ‘©ğŸ»â€â¤â€ğŸ’‹â€ğŸ‘©ğŸ¼	anniversary, babe, bae, couple, date, dating, heart, kiss, light skin tone, love, medium-light skin tone, muah, mwah, person, romance, together, woman, xoxo
ğŸ‘©ğŸ»â€â¤â€ğŸ’‹â€ğŸ‘©ğŸ½	anniversary, babe, bae, couple, date, dating, heart, kiss, light skin tone, love, medium skin tone, muah, mwah, person, romance, together, woman, xoxo
ğŸ‘©ğŸ»â€â¤â€ğŸ’‹â€ğŸ‘©ğŸ¾	anniversary, babe, bae, couple, date, dating, heart, kiss, light skin tone, love, medium-dark skin tone, muah, mwah, person, romance, together, woman, xoxo
ğŸ‘©ğŸ»â€â¤â€ğŸ’‹â€ğŸ‘©ğŸ¿	anniversary, babe, bae, couple, dark skin tone, date, dating, heart, kiss, light skin tone, love, muah, mwah, person, romance, together, woman, xoxo
ğŸ‘©ğŸ¼â€â¤â€ğŸ’‹â€ğŸ‘©ğŸ»	anniversary, babe, bae, couple, date, dating, heart, kiss, light skin tone, love, medium-light skin tone, muah, mwah, person, romance, together, woman, xoxo
ğŸ‘©ğŸ¼â€â¤â€ğŸ’‹â€ğŸ‘©ğŸ¼	anniversary, babe, bae, couple, date, dating, heart, kiss, love, medium-light skin tone, muah, mwah, person, romance, together, woman, xoxo
ğŸ‘©ğŸ¼â€â¤â€ğŸ’‹â€ğŸ‘©ğŸ½	anniversary, babe, bae, couple, date, dating, heart, kiss, love, medium skin tone, medium-light skin tone, muah, mwah, person, romance, together, woman, xoxo
ğŸ‘©ğŸ¼â€â¤â€ğŸ’‹â€ğŸ‘©ğŸ¾	anniversary, babe, bae, couple, date, dating, heart, kiss, love, medium-dark skin tone, medium-light skin tone, muah, mwah, person, romance, together, woman, xoxo
ğŸ‘©ğŸ¼â€â¤â€ğŸ’‹â€ğŸ‘©ğŸ¿	anniversary, babe, bae, couple, dark skin tone, date, dating, heart, kiss, love, medium-light skin tone, muah, mwah, person, romance, together, woman, xoxo
ğŸ‘©ğŸ½â€â¤â€ğŸ’‹â€ğŸ‘©ğŸ»	anniversary, babe, bae, couple, date, dating, heart, kiss, light skin tone, love, medium skin tone, muah, mwah, person, romance, together, woman, xoxo
ğŸ‘©ğŸ½â€â¤â€ğŸ’‹â€ğŸ‘©ğŸ¼	anniversary, babe, bae, couple, date, dating, heart, kiss, love, medium skin tone, medium-light skin tone, muah, mwah, person, romance, together, woman, xoxo
ğŸ‘©ğŸ½â€â¤â€ğŸ’‹â€ğŸ‘©ğŸ½	anniversary, babe, bae, couple, date, dating, heart, kiss, love, medium skin tone, muah, mwah, person, romance, together, woman, xoxo
ğŸ‘©ğŸ½â€â¤â€ğŸ’‹â€ğŸ‘©ğŸ¾	anniversary, babe, bae, couple, date, dating, heart, kiss, love, medium skin tone, medium-dark skin tone, muah, mwah, person, romance, together, woman, xoxo
ğŸ‘©ğŸ½â€â¤â€ğŸ’‹â€ğŸ‘©ğŸ¿	anniversary, babe, bae, couple, dark skin tone, date, dating, heart, kiss, love, medium skin tone, muah, mwah, person, romance, together, woman, xoxo
ğŸ‘©ğŸ¾â€â¤â€ğŸ’‹â€ğŸ‘©ğŸ»	anniversary, babe, bae, couple, date, dating, heart, kiss, light skin tone, love, medium-dark skin tone, muah, mwah, person, romance, together, woman, xoxo
ğŸ‘©ğŸ¾â€â¤â€ğŸ’‹â€ğŸ‘©ğŸ¼	anniversary, babe, bae, couple, date, dating, heart, kiss, love, medium-dark skin tone, medium-light skin tone, muah, mwah, person, romance, together, woman, xoxo
ğŸ‘©ğŸ¾â€â¤â€ğŸ’‹â€ğŸ‘©ğŸ½	anniversary, babe, bae, couple, date, dating, heart, kiss, love, medium skin tone, medium-dark skin tone, muah, mwah, person, romance, together, woman, xoxo
ğŸ‘©ğŸ¾â€â¤â€ğŸ’‹â€ğŸ‘©ğŸ¾	anniversary, babe, bae, couple, date, dating, heart, kiss, love, medium-dark skin tone, muah, mwah, person, romance, together, woman, xoxo
ğŸ‘©ğŸ¾â€â¤â€ğŸ’‹â€ğŸ‘©ğŸ¿	anniversary, babe, bae, couple, dark skin tone, date, dating, heart, kiss, love, medium-dark skin tone, muah, mwah, person, romance, together, woman, xoxo
ğŸ‘©ğŸ¿â€â¤â€ğŸ’‹â€ğŸ‘©ğŸ»	anniversary, babe, bae, couple, dark skin tone, date, dating, heart, kiss, light skin tone, love, muah, mwah, person, romance, together, woman, xoxo
ğŸ‘©ğŸ¿â€â¤â€ğŸ’‹â€ğŸ‘©ğŸ¼	anniversary, babe, bae, couple, dark skin tone, date, dating, heart, kiss, love, medium-light skin tone, muah, mwah, person, romance, together, woman, xoxo
ğŸ‘©ğŸ¿â€â¤â€ğŸ’‹â€ğŸ‘©ğŸ½	anniversary, babe, bae, couple, dark skin tone, date, dating, heart, kiss, love, medium skin tone, muah, mwah, person, romance, together, woman, xoxo
ğŸ‘©ğŸ¿â€â¤â€ğŸ’‹â€ğŸ‘©ğŸ¾	anniversary, babe, bae, couple, dark skin tone, date, dating, heart, kiss, love, medium-dark skin tone, muah, mwah, person, romance, together, woman, xoxo
ğŸ‘©ğŸ¿â€â¤â€ğŸ’‹â€ğŸ‘©ğŸ¿	anniversary, babe, bae, couple, dark skin tone, date, dating, heart, kiss, love, muah, mwah, person, romance, together, woman, xoxo
ğŸ™‡	apology, ask, beg, bow, bowing, favour, forgive, gesture, meditate, meditation, person, pity, regret, sorry
ğŸ™‡ğŸ»	apology, ask, beg, bow, bowing, favour, forgive, gesture, light skin tone, meditate, meditation, person, pity, regret, sorry
ğŸ™‡ğŸ¼	apology, ask, beg, bow, bowing, favour, forgive, gesture, meditate, meditation, medium-light skin tone, person, pity, regret, sorry
ğŸ™‡ğŸ½	apology, ask, beg, bow, bowing, favour, forgive, gesture, meditate, meditation, medium skin tone, person, pity, regret, sorry
ğŸ™‡ğŸ¾	apology, ask, beg, bow, bowing, favour, forgive, gesture, meditate, meditation, medium-dark skin tone, person, pity, regret, sorry
ğŸ™‡ğŸ¿	apology, ask, beg, bow, bowing, dark skin tone, favour, forgive, gesture, meditate, meditation, person, pity, regret, sorry
ğŸ™‡â€â™‚	apology, ask, beg, bow, bowing, favour, forgive, gesture, man, meditate, meditation, pity, regret, sorry
ğŸ™‡ğŸ»â€â™‚	apology, ask, beg, bow, bowing, favour, forgive, gesture, light skin tone, man, meditate, meditation, pity, regret, sorry
ğŸ™‡ğŸ¼â€â™‚	apology, ask, beg, bow, bowing, favour, forgive, gesture, man, meditate, meditation, medium-light skin tone, pity, regret, sorry
ğŸ™‡ğŸ½â€â™‚	apology, ask, beg, bow, bowing, favour, forgive, gesture, man, meditate, meditation, medium skin tone, pity, regret, sorry
ğŸ™‡ğŸ¾â€â™‚	apology, ask, beg, bow, bowing, favour, forgive, gesture, man, meditate, meditation, medium-dark skin tone, pity, regret, sorry
ğŸ™‡ğŸ¿â€â™‚	apology, ask, beg, bow, bowing, dark skin tone, favour, forgive, gesture, man, meditate, meditation, pity, regret, sorry
ğŸ™‡â€â™€	apology, ask, beg, bow, bowing, favour, forgive, gesture, meditate, meditation, pity, regret, sorry, woman
ğŸ™‡ğŸ»â€â™€	apology, ask, beg, bow, bowing, favour, forgive, gesture, light skin tone, meditate, meditation, pity, regret, sorry, woman
ğŸ™‡ğŸ¼â€â™€	apology, ask, beg, bow, bowing, favour, forgive, gesture, meditate, meditation, medium-light skin tone, pity, regret, sorry, woman
ğŸ™‡ğŸ½â€â™€	apology, ask, beg, bow, bowing, favour, forgive, gesture, meditate, meditation, medium skin tone, pity, regret, sorry, woman
ğŸ™‡ğŸ¾â€â™€	apology, ask, beg, bow, bowing, favour, forgive, gesture, meditate, meditation, medium-dark skin tone, pity, regret, sorry, woman
ğŸ™‡ğŸ¿â€â™€	apology, ask, beg, bow, bowing, dark skin tone, favour, forgive, gesture, meditate, meditation, pity, regret, sorry, woman
ğŸ§‘â€âš–	judge, law
ğŸ§‘ğŸ»â€âš–	judge, law, light skin tone
ğŸ§‘ğŸ¼â€âš–	judge, law, medium-light skin tone
ğŸ§‘ğŸ½â€âš–	judge, law, medium skin tone
ğŸ§‘ğŸ¾â€âš–	judge, law, medium-dark skin tone
ğŸ§‘ğŸ¿â€âš–	dark skin tone, judge, law
ğŸ‘¨â€âš–	judge, justice, law, man
ğŸ‘¨ğŸ»â€âš–	judge, justice, law, light skin tone, man
ğŸ‘¨ğŸ¼â€âš–	judge, justice, law, man, medium-light skin tone
ğŸ‘¨ğŸ½â€âš–	judge, justice, law, man, medium skin tone
ğŸ‘¨ğŸ¾â€âš–	judge, justice, law, man, medium-dark skin tone
ğŸ‘¨ğŸ¿â€âš–	dark skin tone, judge, justice, law, man
ğŸ‘©â€âš–	judge, justice, law, woman
ğŸ‘©ğŸ»â€âš–	judge, justice, law, light skin tone, woman
ğŸ‘©ğŸ¼â€âš–	judge, justice, law, medium-light skin tone, woman
ğŸ‘©ğŸ½â€âš–	judge, justice, law, medium skin tone, woman
ğŸ‘©ğŸ¾â€âš–	judge, justice, law, medium-dark skin tone, woman
ğŸ‘©ğŸ¿â€âš–	dark skin tone, judge, justice, law, woman
ğŸ§‘â€ğŸŒ¾	farmer, gardener
ğŸ§‘ğŸ»â€ğŸŒ¾	farmer, gardener, light skin tone
ğŸ§‘ğŸ¼â€ğŸŒ¾	farmer, gardener, medium-light skin tone
ğŸ§‘ğŸ½â€ğŸŒ¾	farmer, gardener, medium skin tone
ğŸ§‘ğŸ¾â€ğŸŒ¾	farmer, gardener, medium-dark skin tone
ğŸ§‘ğŸ¿â€ğŸŒ¾	dark skin tone, farmer, gardener
ğŸ‘¨â€ğŸŒ¾	farmer, gardener, man
ğŸ‘¨ğŸ»â€ğŸŒ¾	farmer, gardener, light skin tone, man
ğŸ‘¨ğŸ¼â€ğŸŒ¾	farmer, gardener, man, medium-light skin tone
ğŸ‘¨ğŸ½â€ğŸŒ¾	farmer, gardener, man, medium skin tone
ğŸ‘¨ğŸ¾â€ğŸŒ¾	farmer, gardener, man, medium-dark skin tone
ğŸ‘¨ğŸ¿â€ğŸŒ¾	dark skin tone, farmer, gardener, man
ğŸ‘©â€ğŸŒ¾	farmer, gardener, woman
ğŸ‘©ğŸ»â€ğŸŒ¾	farmer, gardener, light skin tone, woman
ğŸ‘©ğŸ¼â€ğŸŒ¾	farmer, gardener, medium-light skin tone, woman
ğŸ‘©ğŸ½â€ğŸŒ¾	farmer, gardener, medium skin tone, woman
ğŸ‘©ğŸ¾â€ğŸŒ¾	farmer, gardener, medium-dark skin tone, woman
ğŸ‘©ğŸ¿â€ğŸŒ¾	dark skin tone, farmer, gardener, woman
ğŸ§‘â€ğŸš’	fire engine, fire truck, firefighter
ğŸ§‘ğŸ»â€ğŸš’	fire engine, fire truck, firefighter, light skin tone
ğŸ§‘ğŸ¼â€ğŸš’	fire engine, fire truck, firefighter, medium-light skin tone
ğŸ§‘ğŸ½â€ğŸš’	fire engine, fire truck, firefighter, medium skin tone
ğŸ§‘ğŸ¾â€ğŸš’	fire engine, fire truck, firefighter, medium-dark skin tone
ğŸ§‘ğŸ¿â€ğŸš’	dark skin tone, fire engine, fire truck, firefighter
ğŸ‘¨â€ğŸš’	fire truck, firefighter, man
ğŸ‘¨ğŸ»â€ğŸš’	fire truck, firefighter, light skin tone, man
ğŸ‘¨ğŸ¼â€ğŸš’	fire truck, firefighter, man, medium-light skin tone
ğŸ‘¨ğŸ½â€ğŸš’	fire truck, firefighter, man, medium skin tone
ğŸ‘¨ğŸ¾â€ğŸš’	fire truck, firefighter, man, medium-dark skin tone
ğŸ‘¨ğŸ¿â€ğŸš’	dark skin tone, fire truck, firefighter, man
ğŸ‘©â€ğŸš’	fire truck, firefighter, woman
ğŸ‘©ğŸ»â€ğŸš’	fire truck, firefighter, light skin tone, woman
ğŸ‘©ğŸ¼â€ğŸš’	fire truck, firefighter, medium-light skin tone, woman
ğŸ‘©ğŸ½â€ğŸš’	fire truck, firefighter, medium skin tone, woman
ğŸ‘©ğŸ¾â€ğŸš’	fire truck, firefighter, medium-dark skin tone, woman
ğŸ‘©ğŸ¿â€ğŸš’	dark skin tone, fire truck, firefighter, woman
ğŸ‘·	build, construction, fix, hard hat, hat, man, person, rebuild, remodel, repair, work, worker
ğŸ‘·ğŸ»	build, construction, fix, hard hat, hat, light skin tone, man, person, rebuild, remodel, repair, work, worker
ğŸ‘·ğŸ¼	build, construction, fix, hard hat, hat, man, medium-light skin tone, person, rebuild, remodel, repair, work, worker
ğŸ‘·ğŸ½	build, construction, fix, hard hat, hat, man, medium skin tone, person, rebuild, remodel, repair, work, worker
ğŸ‘·ğŸ¾	build, construction, fix, hard hat, hat, man, medium-dark skin tone, person, rebuild, remodel, repair, work, worker
ğŸ‘·ğŸ¿	build, construction, dark skin tone, fix, hard hat, hat, man, person, rebuild, remodel, repair, work, worker
ğŸ‘·â€â™‚	build, construction, fix, hard hat, hat, man, rebuild, remodel, repair, work, worker
ğŸ‘·ğŸ»â€â™‚	build, construction, fix, hard hat, hat, light skin tone, man, rebuild, remodel, repair, work, worker
ğŸ‘·ğŸ¼â€â™‚	build, construction, fix, hard hat, hat, man, medium-light skin tone, rebuild, remodel, repair, work, worker
ğŸ‘·ğŸ½â€â™‚	build, construction, fix, hard hat, hat, man, medium skin tone, rebuild, remodel, repair, work, worker
ğŸ‘·ğŸ¾â€â™‚	build, construction, fix, hard hat, hat, man, medium-dark skin tone, rebuild, remodel, repair, work, worker
ğŸ‘·ğŸ¿â€â™‚	build, construction, dark skin tone, fix, hard hat, hat, man, rebuild, remodel, repair, work, worker
ğŸ‘·â€â™€	build, construction, fix, hard hat, hat, man, rebuild, remodel, repair, woman, work, worker
ğŸ‘·ğŸ»â€â™€	build, construction, fix, hard hat, hat, light skin tone, man, rebuild, remodel, repair, woman, work, worker
ğŸ‘·ğŸ¼â€â™€	build, construction, fix, hard hat, hat, man, medium-light skin tone, rebuild, remodel, repair, woman, work, worker
ğŸ‘·ğŸ½â€â™€	build, construction, fix, hard hat, hat, man, medium skin tone, rebuild, remodel, repair, woman, work, worker
ğŸ‘·ğŸ¾â€â™€	build, construction, fix, hard hat, hat, man, medium-dark skin tone, rebuild, remodel, repair, woman, work, worker
ğŸ‘·ğŸ¿â€â™€	build, construction, dark skin tone, fix, hard hat, hat, man, rebuild, remodel, repair, woman, work, worker
ğŸ¤µ	groom, person, person in tux, person in tuxedo, tuxedo
ğŸ¤µğŸ»	groom, light skin tone, person, person in tux, person in tuxedo, tuxedo
ğŸ¤µğŸ¼	groom, medium-light skin tone, person, person in tux, person in tuxedo, tuxedo
ğŸ¤µğŸ½	groom, medium skin tone, person, person in tux, person in tuxedo, tuxedo
ğŸ¤µğŸ¾	groom, medium-dark skin tone, person, person in tux, person in tuxedo, tuxedo
ğŸ¤µğŸ¿	dark skin tone, groom, person, person in tux, person in tuxedo, tuxedo
ğŸ¤µâ€â™‚	man, man in tux, man in tuxedo, tuxedo
ğŸ¤µğŸ»â€â™‚	light skin tone, man, man in tux, man in tuxedo, tuxedo
ğŸ¤µğŸ¼â€â™‚	man, man in tux, man in tuxedo, medium-light skin tone, tuxedo
ğŸ¤µğŸ½â€â™‚	man, man in tux, man in tuxedo, medium skin tone, tuxedo
ğŸ¤µğŸ¾â€â™‚	man, man in tux, man in tuxedo, medium-dark skin tone, tuxedo
ğŸ¤µğŸ¿â€â™‚	dark skin tone, man, man in tux, man in tuxedo, tuxedo
ğŸ¤µâ€â™€	tuxedo, woman, woman in tux, woman in tuxedo
ğŸ¤µğŸ»â€â™€	light skin tone, tuxedo, woman, woman in tux, woman in tuxedo
ğŸ¤µğŸ¼â€â™€	medium-light skin tone, tuxedo, woman, woman in tux, woman in tuxedo
ğŸ¤µğŸ½â€â™€	medium skin tone, tuxedo, woman, woman in tux, woman in tuxedo
ğŸ¤µğŸ¾â€â™€	medium-dark skin tone, tuxedo, woman, woman in tux, woman in tuxedo
ğŸ¤µğŸ¿â€â™€	dark skin tone, tuxedo, woman, woman in tux, woman in tuxedo
ğŸ¤¶	Christmas, Mrs, Mrs Claus, celebration, claus, mother
ğŸ¤¶ğŸ»	Christmas, Mrs, Mrs Claus: light skin tone, celebration, claus, light skin tone, mother
ğŸ¤¶ğŸ¼	Christmas, Mrs, Mrs Claus: medium-light skin tone, celebration, claus, medium-light skin tone, mother
ğŸ¤¶ğŸ½	Christmas, Mrs, Mrs Claus: medium skin tone, celebration, claus, medium skin tone, mother
ğŸ¤¶ğŸ¾	Christmas, Mrs, Mrs Claus: medium-dark skin tone, celebration, claus, medium-dark skin tone, mother
ğŸ¤¶ğŸ¿	Christmas, Mrs, Mrs Claus: dark skin tone, celebration, claus, dark skin tone, mother
ğŸ’‡	barber, beauty, chop, cosmetology, cut, groom, hair, haircut, parlour, person, shears, style
ğŸ’‡ğŸ»	barber, beauty, chop, cosmetology, cut, groom, hair, haircut, light skin tone, parlour, person, shears, style
ğŸ’‡ğŸ¼	barber, beauty, chop, cosmetology, cut, groom, hair, haircut, medium-light skin tone, parlour, person, shears, style
ğŸ’‡ğŸ½	barber, beauty, chop, cosmetology, cut, groom, hair, haircut, medium skin tone, parlour, person, shears, style
ğŸ’‡ğŸ¾	barber, beauty, chop, cosmetology, cut, groom, hair, haircut, medium-dark skin tone, parlour, person, shears, style
ğŸ’‡ğŸ¿	barber, beauty, chop, cosmetology, cut, dark skin tone, groom, hair, haircut, parlour, person, shears, style
ğŸ’‡â€â™‚	barber, beauty, chop, cosmetology, cut, groom, hair, haircut, man, parlour, person, shears, style
ğŸ’‡ğŸ»â€â™‚	barber, beauty, chop, cosmetology, cut, groom, hair, haircut, light skin tone, man, parlour, person, shears, style
ğŸ’‡ğŸ¼â€â™‚	barber, beauty, chop, cosmetology, cut, groom, hair, haircut, man, medium-light skin tone, parlour, person, shears, style
ğŸ’‡ğŸ½â€â™‚	barber, beauty, chop, cosmetology, cut, groom, hair, haircut, man, medium skin tone, parlour, person, shears, style
ğŸ’‡ğŸ¾â€â™‚	barber, beauty, chop, cosmetology, cut, groom, hair, haircut, man, medium-dark skin tone, parlour, person, shears, style
ğŸ’‡ğŸ¿â€â™‚	barber, beauty, chop, cosmetology, cut, dark skin tone, groom, hair, haircut, man, parlour, person, shears, style
ğŸ’‡â€â™€	barber, beauty, chop, cosmetology, cut, groom, hair, haircut, parlour, person, shears, style, woman
ğŸ’‡ğŸ»â€â™€	barber, beauty, chop, cosmetology, cut, groom, hair, haircut, light skin tone, parlour, person, shears, style, woman
ğŸ’‡ğŸ¼â€â™€	barber, beauty, chop, cosmetology, cut, groom, hair, haircut, medium-light skin tone, parlour, person, shears, style, woman
ğŸ’‡ğŸ½â€â™€	barber, beauty, chop, cosmetology, cut, groom, hair, haircut, medium skin tone, parlour, person, shears, style, woman
ğŸ’‡ğŸ¾â€â™€	barber, beauty, chop, cosmetology, cut, groom, hair, haircut, medium-dark skin tone, parlour, person, shears, style, woman
ğŸ’‡ğŸ¿â€â™€	barber, beauty, chop, cosmetology, cut, dark skin tone, groom, hair, haircut, parlour, person, shears, style, woman
ğŸ§‘â€ğŸ¦¯	accessibility, blind, person with guide cane, person with white cane
ğŸ§‘ğŸ»â€ğŸ¦¯	accessibility, blind, light skin tone, person with guide cane, person with guide cane: light skin tone, person with white cane
ğŸ§‘ğŸ¼â€ğŸ¦¯	accessibility, blind, medium-light skin tone, person with guide cane, person with guide cane: medium-light skin tone, person with white cane
ğŸ§‘ğŸ½â€ğŸ¦¯	accessibility, blind, medium skin tone, person with guide cane, person with guide cane: medium skin tone, person with white cane
ğŸ§‘ğŸ¾â€ğŸ¦¯	accessibility, blind, medium-dark skin tone, person with guide cane, person with guide cane: medium-dark skin tone, person with white cane
ğŸ§‘ğŸ¿â€ğŸ¦¯	accessibility, blind, dark skin tone, person with guide cane, person with guide cane: dark skin tone, person with white cane
ğŸ§‘â€ğŸ¦¯â€â¡	accessibility, blind, person with guide cane, person with guide cane facing right, person with white cane
ğŸ§‘ğŸ»â€ğŸ¦¯â€â¡	accessibility, blind, person with guide cane, person with guide cane facing right, person with white cane
ğŸ§‘ğŸ¼â€ğŸ¦¯â€â¡	accessibility, blind, person with guide cane, person with guide cane facing right, person with white cane
ğŸ§‘ğŸ½â€ğŸ¦¯â€â¡	accessibility, blind, person with guide cane, person with guide cane facing right, person with white cane
ğŸ§‘ğŸ¾â€ğŸ¦¯â€â¡	accessibility, blind, person with guide cane, person with guide cane facing right, person with white cane
ğŸ§‘ğŸ¿â€ğŸ¦¯â€â¡	accessibility, blind, person with guide cane, person with guide cane facing right, person with white cane
ğŸ‘¨â€ğŸ¦¯	accessibility, blind, man, man with guide cane
ğŸ‘¨ğŸ»â€ğŸ¦¯	accessibility, blind, light skin tone, man, man with guide cane, man with guide cane: light skin tone
ğŸ‘¨ğŸ¼â€ğŸ¦¯	accessibility, blind, man, man with guide cane, man with guide cane: medium-light skin tone, medium-light skin tone
ğŸ‘¨ğŸ½â€ğŸ¦¯	accessibility, blind, man, man with guide cane, man with guide cane: medium skin tone, medium skin tone
ğŸ‘¨ğŸ¾â€ğŸ¦¯	accessibility, blind, man, man with guide cane, man with guide cane: medium-dark skin tone, medium-dark skin tone
ğŸ‘¨ğŸ¿â€ğŸ¦¯	accessibility, blind, dark skin tone, man, man with guide cane, man with guide cane: dark skin tone
ğŸ‘¨â€ğŸ¦¯â€â¡	accessibility, blind, man, man with guide cane, man with guide cane facing right
ğŸ‘¨ğŸ»â€ğŸ¦¯â€â¡	accessibility, blind, man, man with guide cane, man with guide cane facing right
ğŸ‘¨ğŸ¼â€ğŸ¦¯â€â¡	accessibility, blind, man, man with guide cane, man with guide cane facing right
ğŸ‘¨ğŸ½â€ğŸ¦¯â€â¡	accessibility, blind, man, man with guide cane, man with guide cane facing right
ğŸ‘¨ğŸ¾â€ğŸ¦¯â€â¡	accessibility, blind, man, man with guide cane, man with guide cane facing right
ğŸ‘¨ğŸ¿â€ğŸ¦¯â€â¡	accessibility, blind, man, man with guide cane, man with guide cane facing right
ğŸ‘©â€ğŸ¦¯	accessibility, blind, woman, woman with guide cane
ğŸ‘©ğŸ»â€ğŸ¦¯	accessibility, blind, light skin tone, woman, woman with guide cane, woman with guide cane: light skin tone
ğŸ‘©ğŸ¼â€ğŸ¦¯	accessibility, blind, medium-light skin tone, woman, woman with guide cane, woman with guide cane: medium-light skin tone
ğŸ‘©ğŸ½â€ğŸ¦¯	accessibility, blind, medium skin tone, woman, woman with guide cane, woman with guide cane: medium skin tone
ğŸ‘©ğŸ¾â€ğŸ¦¯	accessibility, blind, medium-dark skin tone, woman, woman with guide cane, woman with guide cane: medium-dark skin tone
ğŸ‘©ğŸ¿â€ğŸ¦¯	accessibility, blind, dark skin tone, woman, woman with guide cane, woman with guide cane: dark skin tone
ğŸ‘©â€ğŸ¦¯â€â¡	accessibility, blind, woman, woman with guide cane, woman with guide cane facing right
ğŸ‘©ğŸ»â€ğŸ¦¯â€â¡	accessibility, blind, woman, woman with guide cane, woman with guide cane facing right
ğŸ‘©ğŸ¼â€ğŸ¦¯â€â¡	accessibility, blind, woman, woman with guide cane, woman with guide cane facing right
ğŸ‘©ğŸ½â€ğŸ¦¯â€â¡	accessibility, blind, woman, woman with guide cane, woman with guide cane facing right
ğŸ‘©ğŸ¾â€ğŸ¦¯â€â¡	accessibility, blind, woman, woman with guide cane, woman with guide cane facing right
ğŸ‘©ğŸ¿â€ğŸ¦¯â€â¡	accessibility, blind, woman, woman with guide cane, woman with guide cane facing right
ğŸ§‘â€ğŸ¦¼	accessibility, person in motorised wheelchair, person in powered wheelchair, wheelchair
ğŸ§‘ğŸ»â€ğŸ¦¼	accessibility, light skin tone, person in motorised wheelchair, person in powered wheelchair, person in powered wheelchair: light skin tone, wheelchair
ğŸ§‘ğŸ¼â€ğŸ¦¼	accessibility, medium-light skin tone, person in motorised wheelchair, person in powered wheelchair, person in powered wheelchair: medium-light skin tone, wheelchair
ğŸ§‘ğŸ½â€ğŸ¦¼	accessibility, medium skin tone, person in motorised wheelchair, person in powered wheelchair, person in powered wheelchair: medium skin tone, wheelchair
ğŸ§‘ğŸ¾â€ğŸ¦¼	accessibility, medium-dark skin tone, person in motorised wheelchair, person in powered wheelchair, person in powered wheelchair: medium-dark skin tone, wheelchair
ğŸ§‘ğŸ¿â€ğŸ¦¼	accessibility, dark skin tone, person in motorised wheelchair, person in powered wheelchair, person in powered wheelchair: dark skin tone, wheelchair
ğŸ§‘â€ğŸ¦¼â€â¡	accessibility, person in motorised wheelchair, person in powered wheelchair, person in powered wheelchair facing right, wheelchair
ğŸ§‘ğŸ»â€ğŸ¦¼â€â¡	accessibility, person in motorised wheelchair, person in powered wheelchair, person in powered wheelchair facing right, wheelchair
ğŸ§‘ğŸ¼â€ğŸ¦¼â€â¡	accessibility, person in motorised wheelchair, person in powered wheelchair, person in powered wheelchair facing right, wheelchair
ğŸ§‘ğŸ½â€ğŸ¦¼â€â¡	accessibility, person in motorised wheelchair, person in powered wheelchair, person in powered wheelchair facing right, wheelchair
ğŸ§‘ğŸ¾â€ğŸ¦¼â€â¡	accessibility, person in motorised wheelchair, person in powered wheelchair, person in powered wheelchair facing right, wheelchair
ğŸ§‘ğŸ¿â€ğŸ¦¼â€â¡	accessibility, person in motorised wheelchair, person in powered wheelchair, person in powered wheelchair facing right, wheelchair
ğŸ‘¨â€ğŸ¦¼	accessibility, man, man in powered wheelchair, wheelchair
ğŸ‘¨ğŸ»â€ğŸ¦¼	accessibility, light skin tone, man, man in powered wheelchair, man in powered wheelchair: light skin tone, wheelchair
ğŸ‘¨ğŸ¼â€ğŸ¦¼	accessibility, man, man in powered wheelchair, man in powered wheelchair: medium-light skin tone, medium-light skin tone, wheelchair
ğŸ‘¨ğŸ½â€ğŸ¦¼	accessibility, man, man in powered wheelchair, man in powered wheelchair: medium skin tone, medium skin tone, wheelchair
ğŸ‘¨ğŸ¾â€ğŸ¦¼	accessibility, man, man in powered wheelchair, man in powered wheelchair: medium-dark skin tone, medium-dark skin tone, wheelchair
ğŸ‘¨ğŸ¿â€ğŸ¦¼	accessibility, dark skin tone, man, man in powered wheelchair, man in powered wheelchair: dark skin tone, wheelchair
ğŸ‘¨â€ğŸ¦¼â€â¡	accessibility, man, man in powered wheelchair, man in powered wheelchair facing right, wheelchair
ğŸ‘¨ğŸ»â€ğŸ¦¼â€â¡	accessibility, man, man in powered wheelchair, man in powered wheelchair facing right, wheelchair
ğŸ‘¨ğŸ¼â€ğŸ¦¼â€â¡	accessibility, man, man in powered wheelchair, man in powered wheelchair facing right, wheelchair
ğŸ‘¨ğŸ½â€ğŸ¦¼â€â¡	accessibility, man, man in powered wheelchair, man in powered wheelchair facing right, wheelchair
ğŸ‘¨ğŸ¾â€ğŸ¦¼â€â¡	accessibility, man, man in powered wheelchair, man in powered wheelchair facing right, wheelchair
ğŸ‘¨ğŸ¿â€ğŸ¦¼â€â¡	accessibility, man, man in powered wheelchair, man in powered wheelchair facing right, wheelchair
ğŸ‘©â€ğŸ¦¼	accessibility, wheelchair, woman, woman in powered wheelchair
ğŸ‘©ğŸ»â€ğŸ¦¼	accessibility, light skin tone, wheelchair, woman, woman in powered wheelchair, woman in powered wheelchair: light skin tone
ğŸ‘©ğŸ¼â€ğŸ¦¼	accessibility, medium-light skin tone, wheelchair, woman, woman in powered wheelchair, woman in powered wheelchair: medium-light skin tone
ğŸ‘©ğŸ½â€ğŸ¦¼	accessibility, medium skin tone, wheelchair, woman, woman in powered wheelchair, woman in powered wheelchair: medium skin tone
ğŸ‘©ğŸ¾â€ğŸ¦¼	accessibility, medium-dark skin tone, wheelchair, woman, woman in powered wheelchair, woman in powered wheelchair: medium-dark skin tone
ğŸ‘©ğŸ¿â€ğŸ¦¼	accessibility, dark skin tone, wheelchair, woman, woman in powered wheelchair, woman in powered wheelchair: dark skin tone
ğŸ‘©â€ğŸ¦¼â€â¡	accessibility, wheelchair, woman, woman in powered wheelchair, woman in powered wheelchair facing right
ğŸ‘©ğŸ»â€ğŸ¦¼â€â¡	accessibility, wheelchair, woman, woman in powered wheelchair, woman in powered wheelchair facing right
ğŸ‘©ğŸ¼â€ğŸ¦¼â€â¡	accessibility, wheelchair, woman, woman in powered wheelchair, woman in powered wheelchair facing right
ğŸ‘©ğŸ½â€ğŸ¦¼â€â¡	accessibility, wheelchair, woman, woman in powered wheelchair, woman in powered wheelchair facing right
ğŸ‘©ğŸ¾â€ğŸ¦¼â€â¡	accessibility, wheelchair, woman, woman in powered wheelchair, woman in powered wheelchair facing right
ğŸ‘©ğŸ¿â€ğŸ¦¼â€â¡	accessibility, wheelchair, woman, woman in powered wheelchair, woman in powered wheelchair facing right
ğŸ•º	dance, dancer, dancing, disco, elegant, festive, flair, flamenco, groove, letâ€™s, man, salsa, tango
ğŸ•ºğŸ»	dance, dancer, dancing, disco, elegant, festive, flair, flamenco, groove, letâ€™s, light skin tone, man, salsa, tango
ğŸ•ºğŸ¼	dance, dancer, dancing, disco, elegant, festive, flair, flamenco, groove, letâ€™s, man, medium-light skin tone, salsa, tango
ğŸ•ºğŸ½	dance, dancer, dancing, disco, elegant, festive, flair, flamenco, groove, letâ€™s, man, medium skin tone, salsa, tango
ğŸ•ºğŸ¾	dance, dancer, dancing, disco, elegant, festive, flair, flamenco, groove, letâ€™s, man, medium-dark skin tone, salsa, tango
ğŸ•ºğŸ¿	dance, dancer, dancing, dark skin tone, disco, elegant, festive, flair, flamenco, groove, letâ€™s, man, salsa, tango
ğŸ§–	day, luxurious, pamper, person, relax, room, sauna, spa, steam, steam bath, unwind
ğŸ§–ğŸ»	day, light skin tone, luxurious, pamper, person, relax, room, sauna, spa, steam, steam bath, unwind
ğŸ§–ğŸ¼	day, luxurious, medium-light skin tone, pamper, person, relax, room, sauna, spa, steam, steam bath, unwind
ğŸ§–ğŸ½	day, luxurious, medium skin tone, pamper, person, relax, room, sauna, spa, steam, steam bath, unwind
ğŸ§–ğŸ¾	day, luxurious, medium-dark skin tone, pamper, person, relax, room, sauna, spa, steam, steam bath, unwind
ğŸ§–ğŸ¿	dark skin tone, day, luxurious, pamper, person, relax, room, sauna, spa, steam, steam bath, unwind
ğŸ§–â€â™‚	day, luxurious, man, pamper, relax, room, sauna, spa, steam, steam bath, unwind
ğŸ§–ğŸ»â€â™‚	day, light skin tone, luxurious, man, pamper, relax, room, sauna, spa, steam, steam bath, unwind
ğŸ§–ğŸ¼â€â™‚	day, luxurious, man, medium-light skin tone, pamper, relax, room, sauna, spa, steam, steam bath, unwind
ğŸ§–ğŸ½â€â™‚	day, luxurious, man, medium skin tone, pamper, relax, room, sauna, spa, steam, steam bath, unwind
ğŸ§–ğŸ¾â€â™‚	day, luxurious, man, medium-dark skin tone, pamper, relax, room, sauna, spa, steam, steam bath, unwind
ğŸ§–ğŸ¿â€â™‚	dark skin tone, day, luxurious, man, pamper, relax, room, sauna, spa, steam, steam bath, unwind
ğŸ§–â€â™€	day, luxurious, pamper, relax, room, sauna, spa, steam, steam bath, unwind, woman
ğŸ§–ğŸ»â€â™€	day, light skin tone, luxurious, pamper, relax, room, sauna, spa, steam, steam bath, unwind, woman
ğŸ§–ğŸ¼â€â™€	day, luxurious, medium-light skin tone, pamper, relax, room, sauna, spa, steam, steam bath, unwind, woman
ğŸ§–ğŸ½â€â™€	day, luxurious, medium skin tone, pamper, relax, room, sauna, spa, steam, steam bath, unwind, woman
ğŸ§–ğŸ¾â€â™€	day, luxurious, medium-dark skin tone, pamper, relax, room, sauna, spa, steam, steam bath, unwind, woman
ğŸ§–ğŸ¿â€â™€	dark skin tone, day, luxurious, pamper, relax, room, sauna, spa, steam, steam bath, unwind, woman
ğŸŒï¸	ball, birdie, caddy, driving, golf, golfing, green, person, putt, range, tee
ğŸŒğŸ»	ball, birdie, caddy, driving, golf, golfing, green, light skin tone, person, putt, range, tee
ğŸŒğŸ¼	ball, birdie, caddy, driving, golf, golfing, green, medium-light skin tone, person, putt, range, tee
ğŸŒğŸ½	ball, birdie, caddy, driving, golf, golfing, green, medium skin tone, person, putt, range, tee
ğŸŒğŸ¾	ball, birdie, caddy, driving, golf, golfing, green, medium-dark skin tone, person, putt, range, tee
ğŸŒğŸ¿	ball, birdie, caddy, dark skin tone, driving, golf, golfing, green, person, putt, range, tee
ğŸŒâ€â™‚	ball, birdie, caddy, driving, golf, golfing, green, man, putt, range, tee
ğŸŒğŸ»â€â™‚	ball, birdie, caddy, driving, golf, golfing, green, light skin tone, man, putt, range, tee
ğŸŒğŸ¼â€â™‚	ball, birdie, caddy, driving, golf, golfing, green, man, medium-light skin tone, putt, range, tee
ğŸŒğŸ½â€â™‚	ball, birdie, caddy, driving, golf, golfing, green, man, medium skin tone, putt, range, tee
ğŸŒğŸ¾â€â™‚	ball, birdie, caddy, driving, golf, golfing, green, man, medium-dark skin tone, putt, range, tee
ğŸŒğŸ¿â€â™‚	ball, birdie, caddy, dark skin tone, driving, golf, golfing, green, man, putt, range, tee
ğŸŒâ€â™€	ball, birdie, caddy, driving, golf, golfing, green, putt, range, tee, woman
ğŸŒğŸ»â€â™€	ball, birdie, caddy, driving, golf, golfing, green, light skin tone, putt, range, tee, woman
ğŸŒğŸ¼â€â™€	ball, birdie, caddy, driving, golf, golfing, green, medium-light skin tone, putt, range, tee, woman
ğŸŒğŸ½â€â™€	ball, birdie, caddy, driving, golf, golfing, green, medium skin tone, putt, range, tee, woman
ğŸŒğŸ¾â€â™€	ball, birdie, caddy, driving, golf, golfing, green, medium-dark skin tone, putt, range, tee, woman
ğŸŒğŸ¿â€â™€	ball, birdie, caddy, dark skin tone, driving, golf, golfing, green, putt, range, tee, woman
ğŸ‘¬	Gemini, couple, holding hands, man, men holding hands, twins, zodiac
ğŸ‘¬ğŸ»	Gemini, couple, holding hands, light skin tone, man, men holding hands, twins, zodiac
ğŸ‘¨ğŸ»â€ğŸ¤â€ğŸ‘¨ğŸ¼	Gemini, couple, holding hands, light skin tone, man, medium-light skin tone, men holding hands, twins, zodiac
ğŸ‘¨ğŸ»â€ğŸ¤â€ğŸ‘¨ğŸ½	Gemini, couple, holding hands, light skin tone, man, medium skin tone, men holding hands, twins, zodiac
ğŸ‘¨ğŸ»â€ğŸ¤â€ğŸ‘¨ğŸ¾	Gemini, couple, holding hands, light skin tone, man, medium-dark skin tone, men holding hands, twins, zodiac
ğŸ‘¨ğŸ»â€ğŸ¤â€ğŸ‘¨ğŸ¿	Gemini, couple, dark skin tone, holding hands, light skin tone, man, men holding hands, twins, zodiac
ğŸ‘¨ğŸ¼â€ğŸ¤â€ğŸ‘¨ğŸ»	Gemini, couple, holding hands, light skin tone, man, medium-light skin tone, men holding hands, twins, zodiac
ğŸ‘¬ğŸ¼	Gemini, couple, holding hands, man, medium-light skin tone, men holding hands, twins, zodiac
ğŸ‘¨ğŸ¼â€ğŸ¤â€ğŸ‘¨ğŸ½	Gemini, couple, holding hands, man, medium skin tone, medium-light skin tone, men holding hands, twins, zodiac
ğŸ‘¨ğŸ¼â€ğŸ¤â€ğŸ‘¨ğŸ¾	Gemini, couple, holding hands, man, medium-dark skin tone, medium-light skin tone, men holding hands, twins, zodiac
ğŸ‘¨ğŸ¼â€ğŸ¤â€ğŸ‘¨ğŸ¿	Gemini, couple, dark skin tone, holding hands, man, medium-light skin tone, men holding hands, twins, zodiac
ğŸ‘¨ğŸ½â€ğŸ¤â€ğŸ‘¨ğŸ»	Gemini, couple, holding hands, light skin tone, man, medium skin tone, men holding hands, twins, zodiac
ğŸ‘¨ğŸ½â€ğŸ¤â€ğŸ‘¨ğŸ¼	Gemini, couple, holding hands, man, medium skin tone, medium-light skin tone, men holding hands, twins, zodiac
ğŸ‘¬ğŸ½	Gemini, couple, holding hands, man, medium skin tone, men holding hands, twins, zodiac
ğŸ‘¨ğŸ½â€ğŸ¤â€ğŸ‘¨ğŸ¾	Gemini, couple, holding hands, man, medium skin tone, medium-dark skin tone, men holding hands, twins, zodiac
ğŸ‘¨ğŸ½â€ğŸ¤â€ğŸ‘¨ğŸ¿	Gemini, couple, dark skin tone, holding hands, man, medium skin tone, men holding hands, twins, zodiac
ğŸ‘¨ğŸ¾â€ğŸ¤â€ğŸ‘¨ğŸ»	Gemini, couple, holding hands, light skin tone, man, medium-dark skin tone, men holding hands, twins, zodiac
ğŸ‘¨ğŸ¾â€ğŸ¤â€ğŸ‘¨ğŸ¼	Gemini, couple, holding hands, man, medium-dark skin tone, medium-light skin tone, men holding hands, twins, zodiac
ğŸ‘¨ğŸ¾â€ğŸ¤â€ğŸ‘¨ğŸ½	Gemini, couple, holding hands, man, medium skin tone, medium-dark skin tone, men holding hands, twins, zodiac
ğŸ‘¬ğŸ¾	Gemini, couple, holding hands, man, medium-dark skin tone, men holding hands, twins, zodiac
ğŸ‘¨ğŸ¾â€ğŸ¤â€ğŸ‘¨ğŸ¿	Gemini, couple, dark skin tone, holding hands, man, medium-dark skin tone, men holding hands, twins, zodiac
ğŸ‘¨ğŸ¿â€ğŸ¤â€ğŸ‘¨ğŸ»	Gemini, couple, dark skin tone, holding hands, light skin tone, man, men holding hands, twins, zodiac
ğŸ‘¨ğŸ¿â€ğŸ¤â€ğŸ‘¨ğŸ¼	Gemini, couple, dark skin tone, holding hands, man, medium-light skin tone, men holding hands, twins, zodiac
ğŸ‘¨ğŸ¿â€ğŸ¤â€ğŸ‘¨ğŸ½	Gemini, couple, dark skin tone, holding hands, man, medium skin tone, men holding hands, twins, zodiac
ğŸ‘¨ğŸ¿â€ğŸ¤â€ğŸ‘¨ğŸ¾	Gemini, couple, dark skin tone, holding hands, man, medium-dark skin tone, men holding hands, twins, zodiac
ğŸ‘¬ğŸ¿	Gemini, couple, dark skin tone, holding hands, man, men holding hands, twins, zodiac
ğŸ’	anniversary, babe, bae, couple, date, dating, heart, kiss, love, muah, mwah, person, romance, together, xoxo
ğŸ’ğŸ»	anniversary, babe, bae, couple, date, dating, heart, kiss, light skin tone, love, muah, mwah, person, romance, together, xoxo
ğŸ’ğŸ¼	anniversary, babe, bae, couple, date, dating, heart, kiss, love, medium-light skin tone, muah, mwah, person, romance, together, xoxo
ğŸ’ğŸ½	anniversary, babe, bae, couple, date, dating, heart, kiss, love, medium skin tone, muah, mwah, person, romance, together, xoxo
ğŸ’ğŸ¾	anniversary, babe, bae, couple, date, dating, heart, kiss, love, medium-dark skin tone, muah, mwah, person, romance, together, xoxo
ğŸ’ğŸ¿	anniversary, babe, bae, couple, dark skin tone, date, dating, heart, kiss, love, muah, mwah, person, romance, together, xoxo
ğŸ‘©â€â¤â€ğŸ’‹â€ğŸ‘¨	anniversary, babe, bae, couple, date, dating, heart, kiss, love, man, muah, mwah, person, romance, together, woman, xoxo
ğŸ‘¨â€â¤â€ğŸ’‹â€ğŸ‘¨	anniversary, babe, bae, couple, date, dating, heart, kiss, love, man, muah, mwah, person, romance, together, xoxo
ğŸ‘©â€â¤â€ğŸ’‹â€ğŸ‘©	anniversary, babe, bae, couple, date, dating, heart, kiss, love, muah, mwah, person, romance, together, woman, xoxo
ğŸ«†	clue, crime, detective, fingerprint, forensics, identity, mystery, print, safety, security, trace
ğŸ¦³	grey, hair, old, white
ğŸ¦£	animal, extinction, large, mammoth, tusk, woolly, wooly
ğŸ¦š	animal, bird, colourful, ornithology, ostentatious, peacock, peahen, pretty, proud
ğŸ¦â€â¬›	blackbird
ğŸ¦â€ğŸ”¥	fantasy, firebird, phoenix, rebirth, reincarnation
ğŸª´	grow, house, nurturing, plant, potted plant
ğŸ«‘	bell pepper, capsicum, pepper, sweet pepper, vegetable
ğŸ¥¬	bok choy, cabbage, kale, leafy green, lettuce, pak choi
ğŸ§„	flavouring, garlic
ğŸ§…	flavouring, onion
ğŸ«š	beer, ginger root, root, root ginger, spice
ğŸ«œ	beetroot, garden, root, turnip, vegetable
ğŸ§‡	breakfast, iron, unclear, vague, waffle
ğŸ¥©	chop, cut of meat, lamb chop, pork chop, steak
ğŸ§‚	condiment, flavour, mad, salt, salty, shaker, taste, upset
ğŸ¥«	tinned food
ğŸ¥	cake, fish, fish cake with swirl, narutomaki, pastry, swirl
ğŸ¥¡	oyster pail, takeaway box, takeout box
ğŸ¦‘	animal, food, mollusc, squid
ğŸ¶	bar, beverage, bottle, cup, drink, sake, sakÃ©
ğŸ§‰	drink, matÃ©
ğŸ´	breakfast, brekkie, cooking, cutlery, delicious, dinner, eat, feed, food, fork, hungry, knife, lunch, restaurant, yum, yummy
ğŸº	Aquarius, amphora, drink, jar, jug, zodiac
ğŸ—»	Fuji, Mount Fuji, mountain
ğŸ›ï¸	classical, classical building, column
ğŸ•Œ	Islam, Muslim, mosque, religion
ğŸ›•	Hindu, Hindu temple, temple
ğŸ•‹	Islam, Kaaba, Muslim, religion
ğŸ›	amusement park, play, playground slide, theme park
ğŸ¡	amusement park, ferris, theme park, wheel
ğŸ¢	amusement park, coaster, roller, theme park
ğŸšƒ	car, electric, railway, railway carriage, train, tram, trolleybus
ğŸš™	4x4, car, drive, off-road, recreational, sport, sportutility, suv, utility, vehicle
ğŸ¦¼	accessibility, powered wheelchair
ğŸ›º	auto rickshaw, tuk tuk, tuk-tuk
ğŸ›	circle, turn, tyre, wheel
ğŸ›Ÿ	float, life preserver, life saver, lifebuoy, rescue, ring buoy, safety
ğŸ›«	aeroplane, airplane, check-in, departure, take-off
ğŸª‚	hang-glide, parachute, parasail, parascend, skydive
ğŸ•§	12.30, 12:30, clock, half past twelve, twelve-thirty
ğŸ•œ	1.30, 1:30, clock, half past one, one-thirty
ğŸ•	2.30, 2:30, clock, half past two, two-thirty
ğŸ•	3.30, 3:30, clock, half past three, three-thirty
ğŸ•Ÿ	4.30, 4:30, clock, four-thirty, half past four
ğŸ• 	5.30, 5:30, clock, five-thirty, half past five
ğŸ•¡	6.30, 6:30, clock, half past six, six-thirty
ğŸ•¢	7.30, 7:30, clock, half past seven, seven-thirty
ğŸ•£	8.30, 8:30, clock, eight-thirty, half past eight
ğŸ•¤	9.30, 9:30, clock, half past nine, nine-thirty
ğŸ•¥	10.30, 10:30, clock, half past ten, ten-thirty
ğŸ•¦	11.30, 11:30, clock, eleven-thirty, half past eleven
ğŸ	Japanese wind socks, carp, carp wind sock, celebration, koinobori, streamer
âš½ï¸	football
ğŸ“	table tennis
ğŸ¤¿	diving, mask, scuba, snorkelling
ğŸ›·	sledge
ğŸª†	Russian dolls, babushka, doll, matryoshka, nesting dolls, russia
ğŸ¨	art, artist, artsy, arty, colourful, creative, entertainment, museum, painter, painting, palette
ğŸ¦º	emergency, hi-vis, high-vis, jacket, life jacket, safety, vest
ğŸ‘”	tie
ğŸ‘•	blue, casual, clothes, clothing, collar, dressed, green, shirt, shopping, t shirt, t-shirt, tshirt, weekend
ğŸ©±	bathing suit, one-piece swimsuit, swimming costume
ğŸ©²	bathing suit, briefs, one-piece, pants, swimsuit, underwear
ğŸ©³	bathing suit, boardshorts, shorts, swim shorts, underwear
ğŸ©´	beach sandals, flip-flop, flipflop, sandals, thong sandals, thongs, zori
ğŸ‘Ÿ	athletic, clothes, clothing, fast, kick, running, shoe, shoes, shopping, sneaker, tennis, trainers
ğŸ¥¿	ballet flat, flat shoe, pump, slip-on, slipper
ğŸ“¯	post horn
ğŸ¸	guitar, instrument, music
ğŸª˜	conga drum
ğŸ’·	banknote, bill, currency, money, note, pound, sterling
ğŸ“«ï¸	closed postbox with raised flag, letterbox, mail, mailbox, post, post box, postbox
ğŸ“ªï¸	closed postbox with lowered flag, letterbox, lowered, mail, mailbox, post box, postbox
ğŸ“¬ï¸	mail, mailbox, open postbox with raised flag, post, post box, postbox
ğŸ“­ï¸	lowered, mail, mailbox, open postbox with lowered flag, post, post box, postbox
ğŸ”’ï¸	closed, locked, padlock
ğŸ”“ï¸	lock, open, padlock, unlock, unlocked
ğŸ¦¯	accessibility, blind, guide cane
ğŸ’‰	ill, injection, medicine, needle, syringe
ğŸ©¹	injury, plaster, sticking plaster
ğŸ›—	lift
ğŸ›	bath
ğŸª¤	mousetrap
ğŸª’	cut-throat, razor, sharp, shave
ğŸ§´	lotion, lotion bottle, moisturiser, shampoo, sunscreen
ğŸ§·	nappy, punk rock, safety pin
ğŸ§»	paper towels, roll of paper, toilet paper, toilet roll
ğŸ§¼	bar, bathing, clean, cleaning, lather, soap, soap dish
ğŸªª	ID, credentials, driving, identification card, licence, security
ğŸ§	ATM, automated, bank, cash, cashpoint, money, sign, teller
ğŸš¹ï¸	WC, bathroom, lavatory, loo, man, menâ€™s, room, toilet
ğŸšºï¸	WC, bathroom, lavatory, loo, room, toilet, woman, womenâ€™s
ğŸš»	toilets
ğŸš¾	closet, lavatory, restroom, toilet, water, wc
â†®	left-right arrow with stroke
ğŸ”„	again, anticlockwise, anticlockwise arrows button, arrow, arrows, button, counterclockwise, deja, refresh, rewind, vu
âœ¡ï¸	David, Jewish, Judaism, Star of David, religion, star
âœï¸	Christian, Latin cross, cross, religion
â˜¦ï¸	Christian, Orthodox cross, cross, religion
â˜ªï¸	Islam, Muslim, religion, star and crescent
ğŸ›œ	computer, internet, network, wi-fi, wifi, wireless
âš§ï¸	trans, transgender, transgender symbol
âœ–ï¸	cancel, heavy multiplication sign, multiplication, multiply, sign, x, Ã—
â•ï¸	+, math, maths, plus, sign
â–ï¸	-, heavy minus sign, math, maths, minus, sign, âˆ’
ğŸŸ°	equality, heavy equals sign, math, maths
â‰ï¸	!, !?, ?, exclamation question mark, interrobang, punctuation, question
âœ…ï¸	button, mark, tick, tick button, âœ“
â˜‘ï¸	box, tick, tick box with tick, âœ“
âœ”ï¸	mark, tick, âœ“
Â®ï¸	r, registered, trademark
ğŸš©	post, red flag, triangular flag
ğŸ³ï¸	surrender, waving, white flag
ğŸ³â€ğŸŒˆ	bisexual, flag, gay, genderqueer, glbt, glbtq, lesbian, lgbt, lgbtq, lgbtq+, lgbtqia, pride, queer, rainbow, trans, transgender
ğŸ³â€âš§	flag, light blue, pink, trans, transgender, white
ğŸ‡§ğŸ‡±	flag: St BarthÃ©lemy
ğŸ‡°ğŸ‡³	flag: St Kitts & Nevis
ğŸ‡±ğŸ‡¨	flag: St Lucia
ğŸ‡²ğŸ‡«	flag: St Martin
ğŸ‡µğŸ‡²	flag: St Pierre & Miquelon
ğŸ‡¸ğŸ‡­	flag: St Helena
ğŸ‡ºğŸ‡²	flag: US Outlying Islands
ğŸ‡»ğŸ‡¨	flag: St Vincent & the Grenadines
ğŸ‡»ğŸ‡®	flag: US Virgin Islands
Â£	EGP, GBP, currency, pound, quid, sterling
â‚¢	BRB, Brazil, cruzeiro, currency
â‚£	France, French franc, currency, franc
â‚¤	Italy, currency, lira
â‚°	German penny, currency, pfennig
â‚³	ARA, Argentina, austral, currency
â‚¶	France, currency, livre tournois
â‚¹	Indian rupee, currency, rupee
â‚½	currency, rouble, ruble
Âµ	measure, micro sign, mu
ğŸ»	light skin tone, skin tone
ğŸ¼	medium-light skin tone, skin tone
ğŸ½	medium skin tone, skin tone
ğŸ¾	medium-dark skin tone, skin tone
ğŸ¿	dark skin tone, skin tone
