ØŒ	Arabic, Arabic comma, comma
Ø›	Arabic, Arabic semicolon, semi-colon
ØŸ	Arabic, Arabic question mark, question, question mark
â€˜	apostrophe, curly quote, left apostrophe, quote, single quote, smart quote
â€™	apostrophe, curly quote, quote, right apostrophe, single quote, smart quote
â€œ	curly quotes, double quote, left quotation mark, quotation, quote, smart quotation
â€	curly quotes, double quote, quotation, quote, right quotation mark, smart quotation
)	bracket, close parenthesis, paren, parens, parenthesis, right round bracket, round bracket
[	bracket, crotchet, left square bracket, open square bracket, square bracket
]	bracket, close square bracket, crotchet, right square bracket, square bracket
{	brace, bracket, curly brace, curly bracket, gullwing, left curly bracket, open curly bracket
}	brace, bracket, close curly bracket, curly brace, curly bracket, gullwing, right curly bracket
ã€Š	bracket, double angle bracket, left double angle bracket, open double angle bracket
ã€‹	bracket, close double angle bracket, double angle bracket, right double angle bracket
ã€Œ	bracket, corner bracket, left corner bracket, open corner bracket
ã€	bracket, close corner bracket, corner bracket, right corner bracket
ã€	bracket, hollow corner bracket, left hollow corner bracket, open hollow corner bracket
ã€	bracket, close hollow corner bracket, hollow corner bracket, right hollow corner bracket
ã€	bracket, left black lenticular bracket, lens bracket, lenticular bracket, open black lens bracket
ã€‘	bracket, close black lens bracket, lens bracket, lenticular bracket, right black lenticular bracket
ã€”	bracket, left tortoise shell bracket, open tortoise shell bracket, shell bracket, tortoise shell bracket
ã€•	bracket, close tortoise shell bracket, right tortoise shell bracket, shell bracket, tortoise shell bracket
ã€–	bracket, hollow lens bracket, hollow lenticular bracket, left hollow lenticular bracket, open hollow lens bracket
ã€—	bracket, close hollow lens bracket, hollow lens bracket, hollow lenticular bracket, right hollow lenticular bracket
@	at sign
%	per cent, per-cent, percent, percentage
â†¹	arrow, bar, leftwards, leftwards arrow to bar over rightwards arrow to bar, leftwards over rightwards arrow bars, rightwards
âˆ‚	differential, partial derivative, partial differential
âˆƒ	existential, mathematics, quantifier, there exists
âˆ…	empty set, mathematics, null set, null sign, set operator
âˆ‰	element, not an element, not an element of, set
âˆ	end of proof, end proof, halmos, q.e.d., qed, tombstone
âˆ‘	mathematics, n-ary summation, sigma, summation
<	less than, less-than sign, open tag, tag
>	close tag, greater than, greater-than sign, tag
|	bar, line, pipe, sheffer stroke, vertical bar, vertical line
âˆ“	minus-or-plus, minus-plus
âˆ	is proportional, proportional, proportionality
âˆ£	divides, divisor, vertical bar
âˆ¥	parallel, parallel to
âˆ®	complex analysis, contour integral
â‰ƒ	asymptote, asymptotically equal, asymptotically equal to, mathematics
â‰…	approximately equal, approximately equal to, congruence, equality, isomorphism, mathematics
â‰ˆ	about, almost equal, approximate, approximation, around
â‰Œ	all equal, all equal to, equality, mathematics
â‰£	equality, mathematics, strictly equivalent, strictly equivalent to
â‰¤	equal, equals, inequality, less than or equal to, less-than
â‰¥	equal, equals, greater than or equal to, greater-than, inequality
â‰³	equivalent, greater-than, greater-than or equivalent to, inequality, mathematics
â‰º	mathematics, ordered set, precedes, set operator
â‰»	follows, mathematics, ordered set, set operator, succeeds
âŠ	does not succeed, mathematics, ordered set, set operator
âŠƒ	mathematics, proper superset, set operator, superset of
âŠ†	equal, mathematics, subset, subset of or equal to
âŠ‡	equal, mathematics, superset, superset of or equal to
âŠ•	circled plus, direct sum, exclusive or, logic, mathematics
âŠ–	circled minus, erosion, mathematics, symmetric difference
âŠ—	Kronecker, circled times, product, tensor
âŠ™	XNOR, circled dot operator, mathematics, vector
âŠ›	circled asterisk operator
âŠ	addition-like, free additive convolution, mathematics, squared plus
âŠ®	does not force, mathematics
âŠ°	mathematics, ordered set, precedes under relation, set operator
âŠ±	mathematics, ordered set, set operator, succeeds under relation
â‹­	does not contain as normal subgroup equal, does not contain as normal subgroup or equal, group theory, mathematics
âŠ¶	original, original of
â‹°	ellipsis, mathematics, upwards diagonal ellipsis, upwards right diagonal ellipsis
â‹±	downwards right diagonal ellipsis, ellipsis, mathematics
â– 	black square, filled square
â–¡	hollow square, white square
â–¢	hollow square with rounded corners, white square with rounded corners
â–£	hollow square containing filled square, white square containing black small square
â–¦	square with orthogonal crosshatch fill
â–§	square with upper left to lower right fill
â–¨	square with upper right to lower left fill
â–©	square with diagonal crosshatch fill
â–¬	black rectangle, filled rectangle
â–­	hollow rectangle, white rectangle
â–®	black vertical rectangle, filled vertical rectangle
â–°	black parallelogram, filled parallelogram
â–²	arrow, black up-pointing triangle, filled up-pointing triangle, triangle, up
â–³	hollow up-pointing triangle, white up-pointing triangle
â–´	black up-pointing small triangle, filled up-pointing small triangle
â–µ	hollow up-pointing small triangle, white up-pointing small triangle
â–·	hollow right-pointing triangle, white right-pointing triangle
â–¸	black right-pointing triangle, filled right-pointing small triangle
â–¹	hollow right-pointing small triangle, white right-pointing small triangle
â–º	black right-pointing pointer, filled right-pointing pointer
â–»	hollow right-pointing pointer, white right-pointing pointer
â–¼	arrow, black down-pointing triangle, down, filled down-pointing triangle, triangle
â–½	hollow down-pointing triangle, white down-pointing triangle
â–¾	black down-pointing small triangle, filled down-pointing small triangle
â–¿	hollow down-pointing small triangle, white down-pointing small triangle
â—	hollow left-pointing triangle, white left-pointing triangle
â—‚	black left-pointing small triangle, filled left-pointing small triangle
â—ƒ	hollow left-pointing small triangle, white left-pointing small triangle
â—„	black left-pointing pointer, filled left-pointing pointer
â—…	hollow left-pointing pointer, white left-pointing pointer
â—†	black diamond, filled diamond
â—‡	hollow diamond, white diamond
â—ˆ	hollow diamond containing filled diamond, white diamond containing black diamond
â—‰	circled dot, concentric circles filled, fisheye, hollow circle containing filled circle, white circle containing black circle
â—‹	circle, hollow circle, ring, white circle
â—	black circle, circle, filled circle
â—”	circle with upper-right quadrant filled
â—•	circle with all but upper-left quadrant filled
â—–	left half black circle, left half filled circle
â——	right half black circle, right half filled circle
â—™	black square containing white circle, filled square containing hollow circle
â—œ	upper-left quadrant circular arc
â—	upper-right quadrant circular arc
â—	lower-right quadrant circular arc
â—Ÿ	lower-left quadrant circular arc
â—¢	black lower-right triangle, filled lower-right triangle
â—£	black lower-left triangle, filled lower-left triangle
â—¤	black upper-left triangle, filled upper-left triangle
â—¥	black upper-right triangle, filled upper-right triangle
â—¯	circle, large hollow circle, large white circle, ring
â—³	hollow square with upper-right quadrant, white square with upper-right quadrant
â—·	hollow circle with upper-right quadrant, white circle with upper-right quadrant
â—¿	lower-right triangle, white
â¨§	plus sign with subscript two
â¨¯	cross product, vector, vector or cross product
â¨¼	interior product, mathematics
â©£	logical or with double underbar, mathematics
â©½	inequality, less-than or slanted equal to, mathematics
âª	less-than above similar or equal
âªš	double-line equal to or greater-than, inequality, mathematics
ğŸ™ƒ	face, upside down, upside-down face
ğŸ˜	eye, face, love, smile, smiling face with heart eyes, smiling face with heart-eyes
ğŸ˜‹	delicious, face, face savouring food, savoring, savouring, smile, yum
ğŸ¤­	face with hand over mouth, oops, whoops
ğŸ«¥	depressed, disappear, dotted line face, dotted-line face, hide, introvert, invisible
ğŸ¤¥	Pinocchio, face, lie, lying face
ğŸ˜·	cold, doctor, face, face with medical mask, ill, mask, sick
ğŸ¤•	bandage, face, face with head bandage, face with head-bandage, hurt, injury
ğŸ¤§	bless you, face, gesundheit, sneeze, sneezing face
ğŸ¤ 	cowboy, cowgirl, face, face with cowboy hat, hat
ğŸ˜¤	angry, face, face with steam from nose, frustration, triumph, won
ğŸ‘½ï¸	ET, UFO, alien, creature, extraterrestrial, face, fantasy
ğŸ‘¾	ET, UFO, alien, creature, extraterrestrial, face, monster
ğŸ˜»	cat, eye, face, heart, love, smile, smiling cat face with heart eyes, smiling cat with heart-eyes
ğŸ’¯	100, full, hundred, hundred percent, hundred points, one hundred, score
ğŸ’¬	balloon, bubble, comic, dialog, dialogue, speech
ğŸ—¨ï¸	balloon, bubble, dialog, dialogue, left speech bubble, speech
ğŸ––	Spock, Vulcan, Vulcan salute, finger, hand
ğŸ––ğŸ»	Spock, Vulcan, Vulcan salute, Vulcan salute: light skin tone, finger, hand, light skin tone
ğŸ––ğŸ¼	Spock, Vulcan, Vulcan salute, Vulcan salute: medium-light skin tone, finger, hand, medium-light skin tone
ğŸ––ğŸ½	Spock, Vulcan, Vulcan salute, Vulcan salute: medium skin tone, finger, hand, medium skin tone
ğŸ––ğŸ¾	Spock, Vulcan, Vulcan salute, Vulcan salute: medium-dark skin tone, finger, hand, medium-dark skin tone
ğŸ––ğŸ¿	Spock, Vulcan, Vulcan salute, Vulcan salute: dark skin tone, dark skin tone, finger, hand
ğŸ«±	hand, right, rightward, rightward hand, rightwards
ğŸ«±ğŸ»	hand, light skin tone, right, rightward, rightward hand: light skin tone, rightwards
ğŸ«±ğŸ¼	hand, medium-light skin tone, right, rightward, rightward hand: medium-light skin tone, rightwards
ğŸ«±ğŸ½	hand, medium skin tone, right, rightward, rightward hand: medium skin tone, rightwards
ğŸ«±ğŸ¾	hand, medium-dark skin tone, right, rightward, rightward hand: medium-dark skin tone, rightwards
ğŸ«±ğŸ¿	dark skin tone, hand, right, rightward, rightward hand: dark skin tone, rightwards
ğŸ«²	hand, left, leftward, leftward hand, leftwards
ğŸ«²ğŸ»	hand, left, leftward, leftward hand: light skin tone, leftwards, light skin tone
ğŸ«²ğŸ¼	hand, left, leftward, leftward hand: medium-light skin tone, leftwards, medium-light skin tone
ğŸ«²ğŸ½	hand, left, leftward, leftward hand: medium skin tone, leftwards, medium skin tone
ğŸ«²ğŸ¾	hand, left, leftward, leftward hand: medium-dark skin tone, leftwards, medium-dark skin tone
ğŸ«²ğŸ¿	dark skin tone, hand, left, leftward, leftward hand: dark skin tone, leftwards
ğŸ«³	dismiss, drop, palm down hand, palm-down hand, shoo
ğŸ«³ğŸ»	dismiss, drop, light skin tone, palm down hand, palm-down hand, palm-down hand: light skin tone, shoo
ğŸ«³ğŸ¼	dismiss, drop, medium-light skin tone, palm down hand, palm-down hand, palm-down hand: medium-light skin tone, shoo
ğŸ«³ğŸ½	dismiss, drop, medium skin tone, palm down hand, palm-down hand, palm-down hand: medium skin tone, shoo
ğŸ«³ğŸ¾	dismiss, drop, medium-dark skin tone, palm down hand, palm-down hand, palm-down hand: medium-dark skin tone, shoo
ğŸ«³ğŸ¿	dark skin tone, dismiss, drop, palm down hand, palm-down hand, palm-down hand: dark skin tone, shoo
ğŸ«´	beckon, catch, come, offer, palm up hand, palm-up hand
ğŸ«´ğŸ»	beckon, catch, come, light skin tone, offer, palm up hand, palm-up hand, palm-up hand: light skin tone
ğŸ«´ğŸ¼	beckon, catch, come, medium-light skin tone, offer, palm up hand, palm-up hand, palm-up hand: medium-light skin tone
ğŸ«´ğŸ½	beckon, catch, come, medium skin tone, offer, palm up hand, palm-up hand, palm-up hand: medium skin tone
ğŸ«´ğŸ¾	beckon, catch, come, medium-dark skin tone, offer, palm up hand, palm-up hand, palm-up hand: medium-dark skin tone
ğŸ«´ğŸ¿	beckon, catch, come, dark skin tone, offer, palm up hand, palm-up hand, palm-up hand: dark skin tone
ğŸ«·	high five, leftward, leftward-pushing hand, leftwards pushing hand, push, refuse, stop, wait
ğŸ«·ğŸ»	high five, leftward, leftward-pushing hand, leftward-pushing hand: light skin tone, leftwards pushing hand, light skin tone, push, refuse, stop, wait
ğŸ«·ğŸ¼	high five, leftward, leftward-pushing hand, leftward-pushing hand: medium-light skin tone, leftwards pushing hand, medium-light skin tone, push, refuse, stop, wait
ğŸ«·ğŸ½	high five, leftward, leftward-pushing hand, leftward-pushing hand: medium skin tone, leftwards pushing hand, medium skin tone, push, refuse, stop, wait
ğŸ«·ğŸ¾	high five, leftward, leftward-pushing hand, leftward-pushing hand: medium-dark skin tone, leftwards pushing hand, medium-dark skin tone, push, refuse, stop, wait
ğŸ«·ğŸ¿	dark skin tone, high five, leftward, leftward-pushing hand, leftward-pushing hand: dark skin tone, leftwards pushing hand, push, refuse, stop, wait
ğŸ«¸	high five, push, refuse, rightward, rightward-pushing hand, rightwards pushing hand, stop, wait
ğŸ«¸ğŸ»	high five, light skin tone, push, refuse, rightward, rightward-pushing hand, rightward-pushing hand: light skin tone, rightwards pushing hand, stop, wait
ğŸ«¸ğŸ¼	high five, medium-light skin tone, push, refuse, rightward, rightward-pushing hand, rightward-pushing hand: medium-light skin tone, rightwards pushing hand, stop, wait
ğŸ«¸ğŸ½	high five, medium skin tone, push, refuse, rightward, rightward-pushing hand, rightward-pushing hand: medium skin tone, rightwards pushing hand, stop, wait
ğŸ«¸ğŸ¾	high five, medium-dark skin tone, push, refuse, rightward, rightward-pushing hand, rightward-pushing hand: medium-dark skin tone, rightwards pushing hand, stop, wait
ğŸ«¸ğŸ¿	dark skin tone, high five, push, refuse, rightward, rightward-pushing hand, rightward-pushing hand: dark skin tone, rightwards pushing hand, stop, wait
ğŸ‘Œ	OK, hand, perfect
ğŸ‘ŒğŸ»	OK, hand, light skin tone, perfect
ğŸ‘ŒğŸ¼	OK, hand, medium-light skin tone, perfect
ğŸ‘ŒğŸ½	OK, hand, medium skin tone, perfect
ğŸ‘ŒğŸ¾	OK, hand, medium-dark skin tone, perfect
ğŸ‘ŒğŸ¿	OK, dark skin tone, hand, perfect
ğŸ¤	cross, crossed fingers, finger, good luck, hand, luck
ğŸ¤ğŸ»	cross, crossed fingers, finger, good luck, hand, light skin tone, luck
ğŸ¤ğŸ¼	cross, crossed fingers, finger, good luck, hand, luck, medium-light skin tone
ğŸ¤ğŸ½	cross, crossed fingers, finger, good luck, hand, luck, medium skin tone
ğŸ¤ğŸ¾	cross, crossed fingers, finger, good luck, hand, luck, medium-dark skin tone
ğŸ¤ğŸ¿	cross, crossed fingers, dark skin tone, finger, good luck, hand, luck
ğŸ¤Ÿ	ILY, hand, love you gesture, love-you gesture
ğŸ¤ŸğŸ»	ILY, hand, light skin tone, love you gesture, love-you gesture
ğŸ¤ŸğŸ¼	ILY, hand, love you gesture, love-you gesture, medium-light skin tone
ğŸ¤ŸğŸ½	ILY, hand, love you gesture, love-you gesture, medium skin tone
ğŸ¤ŸğŸ¾	ILY, hand, love you gesture, love-you gesture, medium-dark skin tone
ğŸ¤ŸğŸ¿	ILY, dark skin tone, hand, love you gesture, love-you gesture
ğŸ¤˜	finger, hand, horns, rock on, sign of the horns
ğŸ¤˜ğŸ»	finger, hand, horns, light skin tone, rock on, sign of the horns
ğŸ¤˜ğŸ¼	finger, hand, horns, medium-light skin tone, rock on, sign of the horns
ğŸ¤˜ğŸ½	finger, hand, horns, medium skin tone, rock on, sign of the horns
ğŸ¤˜ğŸ¾	finger, hand, horns, medium-dark skin tone, rock on, sign of the horns
ğŸ¤˜ğŸ¿	dark skin tone, finger, hand, horns, rock on, sign of the horns
ğŸ¤™	Shaka, call, call me hand, call-me hand, hand, hang loose
ğŸ¤™ğŸ»	Shaka, call, call me hand, call-me hand, call-me hand: light skin tone, hand, hang loose, light skin tone
ğŸ¤™ğŸ¼	Shaka, call, call me hand, call-me hand, call-me hand: medium-light skin tone, hand, hang loose, medium-light skin tone
ğŸ¤™ğŸ½	Shaka, call, call me hand, call-me hand, call-me hand: medium skin tone, hand, hang loose, medium skin tone
ğŸ¤™ğŸ¾	Shaka, call, call me hand, call-me hand, call-me hand: medium-dark skin tone, hand, hang loose, medium-dark skin tone
ğŸ¤™ğŸ¿	Shaka, call, call me hand, call-me hand, call-me hand: dark skin tone, dark skin tone, hand, hang loose
ğŸ¤›	fist, left-facing fist, leftward
ğŸ¤›ğŸ»	fist, left-facing fist, leftward, light skin tone
ğŸ¤›ğŸ¼	fist, left-facing fist, leftward, medium-light skin tone
ğŸ¤›ğŸ½	fist, left-facing fist, leftward, medium skin tone
ğŸ¤›ğŸ¾	fist, left-facing fist, leftward, medium-dark skin tone
ğŸ¤›ğŸ¿	dark skin tone, fist, left-facing fist, leftward
ğŸ¤œ	fist, right-facing fist, rightward
ğŸ¤œğŸ»	fist, light skin tone, right-facing fist, rightward
ğŸ¤œğŸ¼	fist, medium-light skin tone, right-facing fist, rightward
ğŸ¤œğŸ½	fist, medium skin tone, right-facing fist, rightward
ğŸ¤œğŸ¾	fist, medium-dark skin tone, right-facing fist, rightward
ğŸ¤œğŸ¿	dark skin tone, fist, right-facing fist, rightward
ğŸ™	ask, folded hands, hand, high five, please, pray, thanks
ğŸ™ğŸ»	ask, folded hands, hand, high five, light skin tone, please, pray, thanks
ğŸ™ğŸ¼	ask, folded hands, hand, high five, medium-light skin tone, please, pray, thanks
ğŸ™ğŸ½	ask, folded hands, hand, high five, medium skin tone, please, pray, thanks
ğŸ™ğŸ¾	ask, folded hands, hand, high five, medium-dark skin tone, please, pray, thanks
ğŸ™ğŸ¿	ask, dark skin tone, folded hands, hand, high five, please, pray, thanks
ğŸ’ª	biceps, comic, flex, flexed bicep, muscle
ğŸ’ªğŸ»	biceps, comic, flex, flexed bicep, flexed bicep: light skin tone, light skin tone, muscle
ğŸ’ªğŸ¼	biceps, comic, flex, flexed bicep, flexed bicep: medium-light skin tone, medium-light skin tone, muscle
ğŸ’ªğŸ½	biceps, comic, flex, flexed bicep, flexed bicep: medium skin tone, medium skin tone, muscle
ğŸ’ªğŸ¾	biceps, comic, flex, flexed bicep, flexed bicep: medium-dark skin tone, medium-dark skin tone, muscle
ğŸ’ªğŸ¿	biceps, comic, dark skin tone, flex, flexed bicep, flexed bicep: dark skin tone, muscle
ğŸ¦»	accessibility, ear with hearing aid, hard of hearing, hearing impaired
ğŸ¦»ğŸ»	accessibility, ear with hearing aid, hard of hearing, hearing impaired, light skin tone
ğŸ¦»ğŸ¼	accessibility, ear with hearing aid, hard of hearing, hearing impaired, medium-light skin tone
ğŸ¦»ğŸ½	accessibility, ear with hearing aid, hard of hearing, hearing impaired, medium skin tone
ğŸ¦»ğŸ¾	accessibility, ear with hearing aid, hard of hearing, hearing impaired, medium-dark skin tone
ğŸ¦»ğŸ¿	accessibility, dark skin tone, ear with hearing aid, hard of hearing, hearing impaired
ğŸ‘§	girl, young
ğŸ‘§ğŸ»	girl, light skin tone, young
ğŸ‘§ğŸ¼	girl, medium-light skin tone, young
ğŸ‘§ğŸ½	girl, medium skin tone, young
ğŸ‘§ğŸ¾	girl, medium-dark skin tone, young
ğŸ‘§ğŸ¿	dark skin tone, girl, young
ğŸ™	facial expression, gesture, person pouting, pouting
ğŸ™ğŸ»	facial expression, gesture, light skin tone, person pouting, pouting
ğŸ™ğŸ¼	facial expression, gesture, medium-light skin tone, person pouting, pouting
ğŸ™ğŸ½	facial expression, gesture, medium skin tone, person pouting, pouting
ğŸ™ğŸ¾	facial expression, gesture, medium-dark skin tone, person pouting, pouting
ğŸ™ğŸ¿	dark skin tone, facial expression, gesture, person pouting, pouting
ğŸ§	accessibility, deaf, deaf person, ear, hard of hearing, hear, hearing impaired
ğŸ§ğŸ»	accessibility, deaf, deaf person, ear, hard of hearing, hear, hearing impaired, light skin tone
ğŸ§ğŸ¼	accessibility, deaf, deaf person, ear, hard of hearing, hear, hearing impaired, medium-light skin tone
ğŸ§ğŸ½	accessibility, deaf, deaf person, ear, hard of hearing, hear, hearing impaired, medium skin tone
ğŸ§ğŸ¾	accessibility, deaf, deaf person, ear, hard of hearing, hear, hearing impaired, medium-dark skin tone
ğŸ§ğŸ¿	accessibility, dark skin tone, deaf, deaf person, ear, hard of hearing, hear, hearing impaired
ğŸ™‡â€â™‚	apology, bowing, favor, favour, gesture, man, sorry
ğŸ™‡ğŸ»â€â™‚	apology, bowing, favor, favour, gesture, light skin tone, man, sorry
ğŸ™‡ğŸ¼â€â™‚	apology, bowing, favor, favour, gesture, man, medium-light skin tone, sorry
ğŸ™‡ğŸ½â€â™‚	apology, bowing, favor, favour, gesture, man, medium skin tone, sorry
ğŸ™‡ğŸ¾â€â™‚	apology, bowing, favor, favour, gesture, man, medium-dark skin tone, sorry
ğŸ™‡ğŸ¿â€â™‚	apology, bowing, dark skin tone, favor, favour, gesture, man, sorry
ğŸ™‡â€â™€	apology, bowing, favor, favour, gesture, sorry, woman
ğŸ™‡ğŸ»â€â™€	apology, bowing, favor, favour, gesture, light skin tone, sorry, woman
ğŸ™‡ğŸ¼â€â™€	apology, bowing, favor, favour, gesture, medium-light skin tone, sorry, woman
ğŸ™‡ğŸ½â€â™€	apology, bowing, favor, favour, gesture, medium skin tone, sorry, woman
ğŸ™‡ğŸ¾â€â™€	apology, bowing, favor, favour, gesture, medium-dark skin tone, sorry, woman
ğŸ™‡ğŸ¿â€â™€	apology, bowing, dark skin tone, favor, favour, gesture, sorry, woman
ğŸ§‘â€âš•	doctor, health care, health worker, healthcare, nurse, therapist
ğŸ§‘ğŸ»â€âš•	doctor, health care, health worker, healthcare, light skin tone, nurse, therapist
ğŸ§‘ğŸ¼â€âš•	doctor, health care, health worker, healthcare, medium-light skin tone, nurse, therapist
ğŸ§‘ğŸ½â€âš•	doctor, health care, health worker, healthcare, medium skin tone, nurse, therapist
ğŸ§‘ğŸ¾â€âš•	doctor, health care, health worker, healthcare, medium-dark skin tone, nurse, therapist
ğŸ§‘ğŸ¿â€âš•	dark skin tone, doctor, health care, health worker, healthcare, nurse, therapist
ğŸ‘¨â€âš•	doctor, health care, man, man health worker, nurse, therapist
ğŸ‘¨ğŸ»â€âš•	doctor, health care, light skin tone, man, man health worker, nurse, therapist
ğŸ‘¨ğŸ¼â€âš•	doctor, health care, man, man health worker, medium-light skin tone, nurse, therapist
ğŸ‘¨ğŸ½â€âš•	doctor, health care, man, man health worker, medium skin tone, nurse, therapist
ğŸ‘¨ğŸ¾â€âš•	doctor, health care, man, man health worker, medium-dark skin tone, nurse, therapist
ğŸ‘¨ğŸ¿â€âš•	dark skin tone, doctor, health care, man, man health worker, nurse, therapist
ğŸ‘©â€âš•	doctor, health care, nurse, therapist, woman, woman health worker
ğŸ‘©ğŸ»â€âš•	doctor, health care, light skin tone, nurse, therapist, woman, woman health worker
ğŸ‘©ğŸ¼â€âš•	doctor, health care, medium-light skin tone, nurse, therapist, woman, woman health worker
ğŸ‘©ğŸ½â€âš•	doctor, health care, medium skin tone, nurse, therapist, woman, woman health worker
ğŸ‘©ğŸ¾â€âš•	doctor, health care, medium-dark skin tone, nurse, therapist, woman, woman health worker
ğŸ‘©ğŸ¿â€âš•	dark skin tone, doctor, health care, nurse, therapist, woman, woman health worker
ğŸ§‘â€ğŸš’	engine, fire, firefighter, firetruck, truck
ğŸ§‘ğŸ»â€ğŸš’	engine, fire, firefighter, firetruck, light skin tone, truck
ğŸ§‘ğŸ¼â€ğŸš’	engine, fire, firefighter, firetruck, medium-light skin tone, truck
ğŸ§‘ğŸ½â€ğŸš’	engine, fire, firefighter, firetruck, medium skin tone, truck
ğŸ§‘ğŸ¾â€ğŸš’	engine, fire, firefighter, firetruck, medium-dark skin tone, truck
ğŸ§‘ğŸ¿â€ğŸš’	dark skin tone, engine, fire, firefighter, firetruck, truck
ğŸ‘¨â€ğŸš’	fire truck, firefighter, fireman, man
ğŸ‘¨ğŸ»â€ğŸš’	fire truck, firefighter, fireman, light skin tone, man
ğŸ‘¨ğŸ¼â€ğŸš’	fire truck, firefighter, fireman, man, medium-light skin tone
ğŸ‘¨ğŸ½â€ğŸš’	fire truck, firefighter, fireman, man, medium skin tone
ğŸ‘¨ğŸ¾â€ğŸš’	fire truck, firefighter, fireman, man, medium-dark skin tone
ğŸ‘¨ğŸ¿â€ğŸš’	dark skin tone, fire truck, firefighter, fireman, man
ğŸ‘©â€ğŸš’	engine, fire, firefighter, firetruck, firewoman, truck, woman
ğŸ‘©ğŸ»â€ğŸš’	engine, fire, firefighter, firetruck, firewoman, light skin tone, truck, woman
ğŸ‘©ğŸ¼â€ğŸš’	engine, fire, firefighter, firetruck, firewoman, medium-light skin tone, truck, woman
ğŸ‘©ğŸ½â€ğŸš’	engine, fire, firefighter, firetruck, firewoman, medium skin tone, truck, woman
ğŸ‘©ğŸ¾â€ğŸš’	engine, fire, firefighter, firetruck, firewoman, medium-dark skin tone, truck, woman
ğŸ‘©ğŸ¿â€ğŸš’	dark skin tone, engine, fire, firefighter, firetruck, firewoman, truck, woman
ğŸ•µï¸	detective, private eye, sleuth, spy
ğŸ•µğŸ»	detective, light skin tone, private eye, sleuth, spy
ğŸ•µğŸ¼	detective, medium-light skin tone, private eye, sleuth, spy
ğŸ•µğŸ½	detective, medium skin tone, private eye, sleuth, spy
ğŸ•µğŸ¾	detective, medium-dark skin tone, private eye, sleuth, spy
ğŸ•µğŸ¿	dark skin tone, detective, private eye, sleuth, spy
ğŸ«…	king, monarch, noble, person with crown, queen, regal, royalty
ğŸ«…ğŸ»	king, light skin tone, monarch, noble, person with crown, queen, regal, royalty
ğŸ«…ğŸ¼	king, medium-light skin tone, monarch, noble, person with crown, queen, regal, royalty
ğŸ«…ğŸ½	king, medium skin tone, monarch, noble, person with crown, queen, regal, royalty
ğŸ«…ğŸ¾	king, medium-dark skin tone, monarch, noble, person with crown, queen, regal, royalty
ğŸ«…ğŸ¿	dark skin tone, king, monarch, noble, person with crown, queen, regal, royalty
ğŸ¤´	fairy tale, fantasy, prince
ğŸ¤´ğŸ»	fairy tale, fantasy, light skin tone, prince
ğŸ¤´ğŸ¼	fairy tale, fantasy, medium-light skin tone, prince
ğŸ¤´ğŸ½	fairy tale, fantasy, medium skin tone, prince
ğŸ¤´ğŸ¾	fairy tale, fantasy, medium-dark skin tone, prince
ğŸ¤´ğŸ¿	dark skin tone, fairy tale, fantasy, prince
ğŸ…	Christmas, Claus, Father, Santa, celebration
ğŸ…ğŸ»	Christmas, Claus, Father, Santa, celebration, light skin tone
ğŸ…ğŸ¼	Christmas, Claus, Father, Santa, celebration, medium-light skin tone
ğŸ…ğŸ½	Christmas, Claus, Father, Santa, celebration, medium skin tone
ğŸ…ğŸ¾	Christmas, Claus, Father, Santa, celebration, medium-dark skin tone
ğŸ…ğŸ¿	Christmas, Claus, Father, Santa, celebration, dark skin tone
ğŸ¤¶	Christmas, Claus, Mother, Mrs., celebration
ğŸ¤¶ğŸ»	Christmas, Claus, Mother, Mrs., celebration, light skin tone
ğŸ¤¶ğŸ¼	Christmas, Claus, Mother, Mrs., celebration, medium-light skin tone
ğŸ¤¶ğŸ½	Christmas, Claus, Mother, Mrs., celebration, medium skin tone
ğŸ¤¶ğŸ¾	Christmas, Claus, Mother, Mrs., celebration, medium-dark skin tone
ğŸ¤¶ğŸ¿	Christmas, Claus, Mother, Mrs., celebration, dark skin tone
ğŸ§‘â€ğŸ„	Christmas, Claus, Mx. Claus
ğŸ§‘ğŸ»â€ğŸ„	Christmas, Claus, Mx. Claus, Mx. Claus: light skin tone, light skin tone
ğŸ§‘ğŸ¼â€ğŸ„	Christmas, Claus, Mx. Claus, Mx. Claus: medium-light skin tone, medium-light skin tone
ğŸ§‘ğŸ½â€ğŸ„	Christmas, Claus, Mx. Claus, Mx. Claus: medium skin tone, medium skin tone
ğŸ§‘ğŸ¾â€ğŸ„	Christmas, Claus, Mx. Claus, Mx. Claus: medium-dark skin tone, medium-dark skin tone
ğŸ§‘ğŸ¿â€ğŸ„	Christmas, Claus, Mx. Claus, Mx. Claus: dark skin tone, dark skin tone
ğŸ’‡	barber, beauty, haircut, parlor, parlour, person getting haircut, salon
ğŸ’‡ğŸ»	barber, beauty, haircut, light skin tone, parlor, parlour, person getting haircut, salon
ğŸ’‡ğŸ¼	barber, beauty, haircut, medium-light skin tone, parlor, parlour, person getting haircut, salon
ğŸ’‡ğŸ½	barber, beauty, haircut, medium skin tone, parlor, parlour, person getting haircut, salon
ğŸ’‡ğŸ¾	barber, beauty, haircut, medium-dark skin tone, parlor, parlour, person getting haircut, salon
ğŸ’‡ğŸ¿	barber, beauty, dark skin tone, haircut, parlor, parlour, person getting haircut, salon
ğŸ‹ï¸	lifter, person lifting weights, weight, weightlifter
ğŸ‹ğŸ»	lifter, light skin tone, person lifting weights, weight, weightlifter
ğŸ‹ğŸ¼	lifter, medium-light skin tone, person lifting weights, weight, weightlifter
ğŸ‹ğŸ½	lifter, medium skin tone, person lifting weights, weight, weightlifter
ğŸ‹ğŸ¾	lifter, medium-dark skin tone, person lifting weights, weight, weightlifter
ğŸ‹ğŸ¿	dark skin tone, lifter, person lifting weights, weight, weightlifter
ğŸ¤¹	balance, juggle, multi-task, multitask, person juggling, skill
ğŸ¤¹ğŸ»	balance, juggle, light skin tone, multi-task, multitask, person juggling, skill
ğŸ¤¹ğŸ¼	balance, juggle, medium-light skin tone, multi-task, multitask, person juggling, skill
ğŸ¤¹ğŸ½	balance, juggle, medium skin tone, multi-task, multitask, person juggling, skill
ğŸ¤¹ğŸ¾	balance, juggle, medium-dark skin tone, multi-task, multitask, person juggling, skill
ğŸ¤¹ğŸ¿	balance, dark skin tone, juggle, multi-task, multitask, person juggling, skill
ğŸ¤¹â€â™‚	juggling, man, multi-task, multitask
ğŸ¤¹ğŸ»â€â™‚	juggling, light skin tone, man, multi-task, multitask
ğŸ¤¹ğŸ¼â€â™‚	juggling, man, medium-light skin tone, multi-task, multitask
ğŸ¤¹ğŸ½â€â™‚	juggling, man, medium skin tone, multi-task, multitask
ğŸ¤¹ğŸ¾â€â™‚	juggling, man, medium-dark skin tone, multi-task, multitask
ğŸ¤¹ğŸ¿â€â™‚	dark skin tone, juggling, man, multi-task, multitask
ğŸ¤¹â€â™€	juggling, multi-task, multitask, woman
ğŸ¤¹ğŸ»â€â™€	juggling, light skin tone, multi-task, multitask, woman
ğŸ¤¹ğŸ¼â€â™€	juggling, medium-light skin tone, multi-task, multitask, woman
ğŸ¤¹ğŸ½â€â™€	juggling, medium skin tone, multi-task, multitask, woman
ğŸ¤¹ğŸ¾â€â™€	juggling, medium-dark skin tone, multi-task, multitask, woman
ğŸ¤¹ğŸ¿â€â™€	dark skin tone, juggling, multi-task, multitask, woman
ğŸ‘¬	Gemini, couple, holding hands, men holding hands, twins, zodiac
ğŸ‘¬ğŸ»	Gemini, couple, holding hands, light skin tone, men holding hands, twins, zodiac
ğŸ‘¨ğŸ»â€ğŸ¤â€ğŸ‘¨ğŸ¼	Gemini, couple, holding hands, light skin tone, medium-light skin tone, men holding hands, twins, zodiac
ğŸ‘¨ğŸ»â€ğŸ¤â€ğŸ‘¨ğŸ½	Gemini, couple, holding hands, light skin tone, medium skin tone, men holding hands, twins, zodiac
ğŸ‘¨ğŸ»â€ğŸ¤â€ğŸ‘¨ğŸ¾	Gemini, couple, holding hands, light skin tone, medium-dark skin tone, men holding hands, twins, zodiac
ğŸ‘¨ğŸ»â€ğŸ¤â€ğŸ‘¨ğŸ¿	Gemini, couple, dark skin tone, holding hands, light skin tone, men holding hands, twins, zodiac
ğŸ‘¨ğŸ¼â€ğŸ¤â€ğŸ‘¨ğŸ»	Gemini, couple, holding hands, light skin tone, medium-light skin tone, men holding hands, twins, zodiac
ğŸ‘¬ğŸ¼	Gemini, couple, holding hands, medium-light skin tone, men holding hands, twins, zodiac
ğŸ‘¨ğŸ¼â€ğŸ¤â€ğŸ‘¨ğŸ½	Gemini, couple, holding hands, medium skin tone, medium-light skin tone, men holding hands, twins, zodiac
ğŸ‘¨ğŸ¼â€ğŸ¤â€ğŸ‘¨ğŸ¾	Gemini, couple, holding hands, medium-dark skin tone, medium-light skin tone, men holding hands, twins, zodiac
ğŸ‘¨ğŸ¼â€ğŸ¤â€ğŸ‘¨ğŸ¿	Gemini, couple, dark skin tone, holding hands, medium-light skin tone, men holding hands, twins, zodiac
ğŸ‘¨ğŸ½â€ğŸ¤â€ğŸ‘¨ğŸ»	Gemini, couple, holding hands, light skin tone, medium skin tone, men holding hands, twins, zodiac
ğŸ‘¨ğŸ½â€ğŸ¤â€ğŸ‘¨ğŸ¼	Gemini, couple, holding hands, medium skin tone, medium-light skin tone, men holding hands, twins, zodiac
ğŸ‘¬ğŸ½	Gemini, couple, holding hands, medium skin tone, men holding hands, twins, zodiac
ğŸ‘¨ğŸ½â€ğŸ¤â€ğŸ‘¨ğŸ¾	Gemini, couple, holding hands, medium skin tone, medium-dark skin tone, men holding hands, twins, zodiac
ğŸ‘¨ğŸ½â€ğŸ¤â€ğŸ‘¨ğŸ¿	Gemini, couple, dark skin tone, holding hands, medium skin tone, men holding hands, twins, zodiac
ğŸ‘¨ğŸ¾â€ğŸ¤â€ğŸ‘¨ğŸ»	Gemini, couple, holding hands, light skin tone, medium-dark skin tone, men holding hands, twins, zodiac
ğŸ‘¨ğŸ¾â€ğŸ¤â€ğŸ‘¨ğŸ¼	Gemini, couple, holding hands, medium-dark skin tone, medium-light skin tone, men holding hands, twins, zodiac
ğŸ‘¨ğŸ¾â€ğŸ¤â€ğŸ‘¨ğŸ½	Gemini, couple, holding hands, medium skin tone, medium-dark skin tone, men holding hands, twins, zodiac
ğŸ‘¬ğŸ¾	Gemini, couple, holding hands, medium-dark skin tone, men holding hands, twins, zodiac
ğŸ‘¨ğŸ¾â€ğŸ¤â€ğŸ‘¨ğŸ¿	Gemini, couple, dark skin tone, holding hands, medium-dark skin tone, men holding hands, twins, zodiac
ğŸ‘¨ğŸ¿â€ğŸ¤â€ğŸ‘¨ğŸ»	Gemini, couple, dark skin tone, holding hands, light skin tone, men holding hands, twins, zodiac
ğŸ‘¨ğŸ¿â€ğŸ¤â€ğŸ‘¨ğŸ¼	Gemini, couple, dark skin tone, holding hands, medium-light skin tone, men holding hands, twins, zodiac
ğŸ‘¨ğŸ¿â€ğŸ¤â€ğŸ‘¨ğŸ½	Gemini, couple, dark skin tone, holding hands, medium skin tone, men holding hands, twins, zodiac
ğŸ‘¨ğŸ¿â€ğŸ¤â€ğŸ‘¨ğŸ¾	Gemini, couple, dark skin tone, holding hands, medium-dark skin tone, men holding hands, twins, zodiac
ğŸ‘¬ğŸ¿	Gemini, couple, dark skin tone, holding hands, men holding hands, twins, zodiac
ğŸ¦³	gray, grey, hair, old, white
ğŸ«	Bactrian, camel, hump, two-hump camel
ğŸ¦£	extinct, extinction, large, mammoth, tusk, woolly
ğŸ	ladybug
ğŸŒ¾	ear, grain, rice, sheaf, sheaf of rice
ğŸ€	four-leaf clover
ğŸ§„	flavoring, flavouring, garlic
ğŸ§…	flavoring, flavouring, onion
ğŸŒ°	chestnut, nut, plant
ğŸ«š	beer, ginger, root, spice
ğŸ¥	French, bread, breakfast, crescent, croissant, food, roll
ğŸ¥–	French, baguette, bread, food
ğŸ¥	breakfast, crepe, crÃªpe, food, hotcake, pancake, pancakes
ğŸ§‡	breakfast, iron, unclear, vague, waffle
ğŸ¥©	chop, cut of meat, lamb chop, pork chop, steak
ğŸŸ	French, French fries, fries
ğŸŒ­	frank, frankfurter, hot dog, hotdog, sausage
ğŸŒ®	Mexican, taco
ğŸŒ¯	Mexican, burrito, wrap
ğŸ«”	Mexican, tamale, wrapped
ğŸ§†	chick pea, chickpea, falafel, meatball
ğŸ¥	cake, fish, fish cake with swirl, narutomaki, pastry, swirl
ğŸ¦	cream, dessert, ice, icecream, soft, soft-serve ice cream, sweet
ğŸ¬	candy, dessert, sweet, sweets
ğŸ¶	bar, beverage, bottle, cup, drink, sake, sakÃ©
ğŸ¾	bar, bottle, bottle with popping cork, bubbly, cork, drink, popping
ğŸ»	bar, beer, cheers, clink, clinking beer mugs, drink, mug
ğŸ¥‚	celebrate, cheers, clink, clinking glasses, drink, glass
ğŸ¥ƒ	glass, liquor, shot, tumbler, whiskey, whisky
ğŸ§‹	boba, bubble, milk, pearl, tea
ğŸ´	cooking, cutlery, fork, fork and knife, knife, knife and fork
ğŸ—»	Fuji, Mount Fuji, mountain
ğŸ›ï¸	classical, classical building, column
ğŸª	convenience, dÃ©panneur, store
ğŸ—¼	Tokyo, Tokyo Tower, Tower
ğŸ—½	Liberty, Statue, Statue of Liberty
ğŸ•Œ	Islam, Muslim, mosque, religion
ğŸ›•	Hindu, Hindu temple, temple
ğŸ•	Jew, Jewish, religion, shul, synagogue, temple
â›©ï¸	Shinto, Shinto shrine, religion, shrine
ğŸ•‹	Islam, Kaaba, Muslim, religion
ğŸŒƒ	night, night with stars, star, starry night
ğŸ™ï¸	city, cityscape, skyline
ğŸŒ†	city, cityscape at dusk, dusk, evening, landscape, skyline at dusk, sunset
ğŸ 	carousel, horse, merry-go-round
ğŸ¡	Ferris, Ferris wheel, amusement park, theme park, wheel
ğŸšƒ	car, electric, railway, train, tram, trolley bus, trolleybus
ğŸš„	Shinkansen, high-speed train, railway, speed, train
ğŸš…	Shinkansen, bullet, railway, speed, train
ğŸš‡ï¸	metro, subway, tube, underground
ğŸšŠ	car, streetcar, tram, tramcar, trolley, trolley bus, trolleybus
ğŸš‹	car, streetcar, tram, tramcar, trolley, trolley bus, trolleybus
ğŸš	bus, streetcar, tram, trolley, trolley bus, trolleybus
ğŸš’	fire truck
ğŸš™	SUV, recreational, sport utility, sport utility vehicle
ğŸš›	semi
ğŸ›º	auto rickshaw, tuk tuk, tuk-tuk, tuktuk
ğŸ›£ï¸	highway
â›½ï¸	gas pump
ğŸ›¥ï¸	motorboat
âœˆï¸	aeroplane, airplane, flight
ğŸ›©ï¸	aeroplane, airplane, small airplane, small plane
ğŸ›«	aeroplane, airplane, check-in, departure, departures, flight departure, plane departure
ğŸ›¸	UFO, flying saucer, spaceship
ğŸ•§	12, 12:30, clock, half past twelve, thirty, twelve, twelve thirty, twelve-thirty
ğŸ•œ	1, 1:30, clock, half past one, one, one thirty, one-thirty, thirty
ğŸ•	2, 2:30, clock, half past two, thirty, two, two thirty, two-thirty
ğŸ•	3, 3:30, clock, half past three, thirty, three, three thirty, three-thirty
ğŸ•Ÿ	4, 4:30, clock, four, four thirty, four-thirty, half past four, thirty
ğŸ• 	5, 5:30, clock, five, five thirty, five-thirty, half past five, thirty
ğŸ•¡	6, 6:30, clock, half past six, six, six thirty, six-thirty, thirty
ğŸ•¢	7, 7:30, clock, half past seven, seven, seven thirty, seven-thirty, thirty
ğŸ•£	8, 8:30, clock, eight, eight thirty, eight-thirty, half past eight, thirty
ğŸ•¤	9, 9:30, clock, half past nine, nine, nine thirty, nine-thirty, thirty
ğŸ•¥	10, 10:30, clock, half past ten, ten, ten thirty, ten-thirty, thirty
ğŸ•¦	11, 11:30, clock, eleven, eleven thirty, eleven-thirty, half past eleven, thirty
ğŸŒ	bright, face, full, full-moon face, moon
ğŸŒŒ	Milky, Milky Way, Way, space
ğŸƒ	Halloween, celebration, jack, jack-o-lantern, jack-oâ€™-lantern, lantern
ğŸ‹	Japanese, Tanabata tree, banner, celebration, tree
ğŸ‘	celebration, ceremony, moon, moon viewing ceremony, moon-viewing ceremony
ğŸˆ	football
ğŸ‰	rugby
ğŸ¥	Frisbee, flying disc, ultimate
ğŸ	ball, bat, cricket, cricket match, game
ğŸ’	hockey
ğŸ“	ball, bat, game, paddle, ping pong, ping-pong, table tennis
ğŸ¥‹	MMA, judo, karate, martial arts, martial arts uniform, taekwondo, uniform
ğŸ£	fish, fishing pole, fishing rod, pole
ğŸ¤¿	diving, diving mask, scuba, snorkelling
ğŸ¥Œ	curling rock, curling stone, game, rock
ğŸ¯	bullseye, bullâ€™s-eye, dart, direct hit, game, hit, target
ğŸ±	8, ball, billiard, eight, game, magic 8 ball, pool 8 ball
ğŸª†	Russia, doll, nesting, nesting dolls
ğŸ€„ï¸	Mahjong, Mahjong red dragon, game, red
ğŸ‘•	T-shirt, clothing, shirt, tee-shirt, tshirt
ğŸ©±	bathing suit, one-piece swimsuit, swimming costume
ğŸ©´	beach sandal, flip-flop, sandal, thong, zÅri
ğŸ§¢	baseball cap
ğŸ’	diamond, gem, gem stone, gemstone, jewel
ğŸ“¯	post horn
ğŸ’»ï¸	PC, computer, laptop, personal
ğŸ’¾	computer, disk, diskette, floppy
ğŸ“ºï¸	TV, television, video
ğŸ“¼	VHS, tape, video, videocassette, videotape
ğŸ’·	banknote, bill, currency, money, note, pound, sterling
ğŸ“®	mail, mailbox, post, post box, postbox
ğŸ“	ruler, set, set square, triangle, triangular ruler
ğŸ”’ï¸	closed, locked, padlock
ğŸ”“ï¸	lock, open, padlock, unlock, unlocked
ğŸ¦¯	accessibility, blind, guide cane, white cane
ğŸ§¬	DNA, biologist, evolution, gene, genetics, life
ğŸ©¹	adhesive bandage, injury, plaster, sticking plaster
ğŸ©»	X-ray, bones, doctor, medical, skeleton
ğŸ›‹ï¸	couch, couch and lamp, hotel, lamp, sofa, sofa and lamp
ğŸš½	lavatory, toilet
ğŸª¤	bait, mouse, mousetrap, snare, trap
ğŸ›’	basket, cart, shopping, trolley
âš°ï¸	casket, coffin, death
ğŸ§¿	bead, charm, evil eye, nazar, nazar amulet, talisman
ğŸªª	ID, credentials, identification card, licence, security
ğŸš®	garbage, litter, litter bin, litter in bin sign, trash
ğŸš¹ï¸	bathroom, lavatory, menâ€™s, menâ€™s room, restroom, washroom, wc
ğŸšºï¸	WC, bathroom, ladiesâ€™ room, lavatory, restroom, toilet, woman, womenâ€™s room
ğŸš»	WC, bathroom, lavatory, restroom, washroom
âœ¡ï¸	David, Jewish, Judaism, Star of David, religion, star
â˜¯ï¸	Tao, Taoist, religion, yang, yin
âœï¸	Christian, Latin cross, cross, religion
â˜¦ï¸	Christian, Orthodox cross, cross, religion
â˜ªï¸	Islam, Muslim, religion, star and crescent
â™ï¸	Scorpio, Scorpius, scorpion, zodiac
ğŸ”¼	arrow, button, red, upward button, upwards button
ğŸ”½	arrow, button, down, downward button, downwards button, red
ğŸ“³	cell, mobile, mode, phone, telephone, vibrate, vibration
â‰ï¸	!, !?, ?, exclamation, mark, punctuation, question
âœ…ï¸	button, check, mark, tick, âœ“
â˜‘ï¸	box, check, check box with check, tick, tick box with tick, âœ“
Â®ï¸	r, registered, trademark
â„¢ï¸	trademark
ğŸ” 	ABCD, Latin, input, input Latin uppercase, letters, uppercase
ğŸ”¡	Latin, abcd, input, input Latin lowercase, letters, lowercase
ğŸ”¤	Latin, abc, alphabet, input, input Latin letters, letters
ğŸ	checkered, checkered flag, chequered, chequered flag, racing
ğŸš©	post, red flag, triangular flag
ğŸ³ï¸	surrender, waving, white flag
ğŸ‡¦ğŸ‡¬	flag: Antigua and Barbuda
ğŸ‡§ğŸ‡¦	flag: Bosnia and Herzegovina
ğŸ‡§ğŸ‡±	flag: Saint-BarthÃ©lemy
ğŸ‡ªğŸ‡¦	flag: Ceuta and Melilla
ğŸ‡¬ğŸ‡¸	flag: South Georgia and South Sandwich Islands
ğŸ‡­ğŸ‡²	flag: Heard and McDonald Islands
ğŸ‡°ğŸ‡³	flag: Saint Kitts and Nevis
ğŸ‡±ğŸ‡¨	flag: Saint Lucia
ğŸ‡²ğŸ‡«	flag: Saint Martin
ğŸ‡µğŸ‡²	flag: Saint-Pierre-et-Miquelon
ğŸ‡µğŸ‡¸	flag: Palestinian territories
ğŸ‡¸ğŸ‡­	flag: Saint Helena
ğŸ‡¸ğŸ‡¯	flag: Svalbard and Jan Mayen
ğŸ‡¸ğŸ‡¹	flag: SÃ£o TomÃ© and PrÃ­ncipe
ğŸ‡¹ğŸ‡¨	flag: Turks and Caicos Islands
ğŸ‡¹ğŸ‡¹	flag: Trinidad and Tobago
ğŸ‡ºğŸ‡²	flag: US Outlying Islands
ğŸ‡»ğŸ‡¨	flag: Saint Vincent and the Grenadines
ğŸ‡»ğŸ‡®	flag: US Virgin Islands
ğŸ‡¼ğŸ‡«	flag: Wallis and Futuna
Â¤	unknown currency
Â¢	cent, cents
$	CAD, USD, cash, dollar, dollars, money, peso
â‚¢	BRB, Brazil, cruzeiro, currency
â‚£	France, French franc, currency, franc
â‚¤	Italy, currency, lira
â‚°	German penny, currency, pfennig
â‚±	peso, pesos
â‚³	ARA, Argentina, austral, currency
â‚¶	France, currency, livre tournois
â‚¹	Indian rupee, currency, rupee
