ğŸ‘¾	baÆ™on sararin sama, bos, dodo, dodon baÆ™on sararin sama, fuska, gem, gizo-gizo, halitta, halitta a waje da duniya, tatsuniya, ufo, Æ´an aljanu
ğŸ––	gaisuwa, gaisuwar vulcan, hannu, spock, vulcan, yatsa, yatsu, Æ´an yatsu
ğŸ––ğŸ»	gaisuwa, gaisuwar vulcan, hannu, launin fata mai haske, spock, vulcan, yatsa, yatsu, Æ´an yatsu
ğŸ––ğŸ¼	gaisuwa, gaisuwar vulcan, hannu, launin fata mai madaidaicin haske, spock, vulcan, yatsa, yatsu, Æ´an yatsu
ğŸ––ğŸ½	gaisuwa, gaisuwar vulcan, hannu, madaidaicin launin fata, spock, vulcan, yatsa, yatsu, Æ´an yatsu
ğŸ––ğŸ¾	gaisuwa, gaisuwar vulcan, hannu, launin fata mai madaidaicin duhu, spock, vulcan, yatsa, yatsu, Æ´an yatsu
ğŸ––ğŸ¿	gaisuwa, gaisuwar vulcan, hannu, launin fata mai duhu, spock, vulcan, yatsa, yatsu, Æ´an yatsu
ğŸ¤	galilan, kaÉ—an, minini, mitsili, tsuke yatsu biyu, yatsu, yatsu biyu, Æ´an yatsu, É—an kaÉ—an, É—an Æ™arami
ğŸ¤ğŸ»	galilan, kaÉ—an, launin fata mai haske, minini, mitsili, tsuke yatsu biyu, yatsu, yatsu biyu, Æ´an yatsu, É—an kaÉ—an, É—an Æ™arami
ğŸ¤ğŸ¼	galilan, kaÉ—an, launin fata mai madaidaicin haske, minini, mitsili, tsuke yatsu biyu, yatsu, yatsu biyu, Æ´an yatsu, É—an kaÉ—an, É—an Æ™arami
ğŸ¤ğŸ½	galilan, kaÉ—an, madaidaicin launin fata, minini, mitsili, tsuke yatsu biyu, yatsu, yatsu biyu, Æ´an yatsu, É—an kaÉ—an, É—an Æ™arami
ğŸ¤ğŸ¾	galilan, kaÉ—an, launin fata mai madaidaicin duhu, minini, mitsili, tsuke yatsu biyu, yatsu, yatsu biyu, Æ´an yatsu, É—an kaÉ—an, É—an Æ™arami
ğŸ¤ğŸ¿	galilan, kaÉ—an, launin fata mai duhu, minini, mitsili, tsuke yatsu biyu, yatsu, yatsu biyu, Æ´an yatsu, É—an kaÉ—an, É—an Æ™arami
ğŸ‘§	Virgo, budurwa, kan yarinya, mace, matashiya, yarinya, zodiac, Æ™arama, Æ™arami, Æ´ar yarinya
ğŸ‘§ğŸ»	Virgo, budurwa, kan yarinya, launin fata mai haske, mace, matashiya, yarinya, zodiac, Æ™arama, Æ™arami, Æ´ar yarinya
ğŸ‘§ğŸ¼	Virgo, budurwa, kan yarinya, launin fata mai madaidaicin haske, mace, matashiya, yarinya, zodiac, Æ™arama, Æ™arami, Æ´ar yarinya
ğŸ‘§ğŸ½	Virgo, budurwa, kan yarinya, mace, madaidaicin launin fata, matashiya, yarinya, zodiac, Æ™arama, Æ™arami, Æ´ar yarinya
ğŸ‘§ğŸ¾	Virgo, budurwa, kan yarinya, launin fata mai madaidaicin duhu, mace, matashiya, yarinya, zodiac, Æ™arama, Æ™arami, Æ´ar yarinya
ğŸ‘§ğŸ¿	Virgo, budurwa, kan yarinya, launin fata mai duhu, mace, matashiya, yarinya, zodiac, Æ™arama, Æ™arami, Æ´ar yarinya
ğŸ‘µ	baliga, dattijuwa, gashi ruwan zuma, goggo, hangen nesa, kaka, mace, malama, tsohuwa, uwa, Æ´ar tsohuwa
ğŸ‘µğŸ»	baliga, dattijuwa, gashi ruwan zuma, goggo, hangen nesa, kaka, launin fata mai haske, mace, malama, tsohuwa, uwa, Æ´ar tsohuwa
ğŸ‘µğŸ¼	baliga, dattijuwa, gashi ruwan zuma, goggo, hangen nesa, kaka, launin fata mai madaidaicin haske, mace, malama, tsohuwa, uwa, Æ´ar tsohuwa
ğŸ‘µğŸ½	baliga, dattijuwa, gashi ruwan zuma, goggo, hangen nesa, kaka, mace, madaidaicin launin fata, malama, tsohuwa, uwa, Æ´ar tsohuwa
ğŸ‘µğŸ¾	baliga, dattijuwa, gashi ruwan zuma, goggo, hangen nesa, kaka, launin fata mai madaidaicin duhu, mace, malama, tsohuwa, uwa, Æ´ar tsohuwa
ğŸ‘µğŸ¿	baliga, dattijuwa, gashi ruwan zuma, goggo, hangen nesa, kaka, launin fata mai duhu, mace, malama, tsohuwa, uwa, Æ´ar tsohuwa
ğŸ‘©â€ğŸ“	gama makaranta, jamiÊ¼a, kammala karatu, mace, mai digiri, Æ´ar jamiÊ¼a, É—aliba, É—alibi
ğŸ‘©ğŸ»â€ğŸ“	gama makaranta, jamiÊ¼a, kammala karatu, launin fata mai haske, mace, mai digiri, Æ´ar jamiÊ¼a, É—aliba, É—alibi
ğŸ‘©ğŸ¼â€ğŸ“	gama makaranta, jamiÊ¼a, kammala karatu, launin fata mai madaidaicin haske, mace, mai digiri, Æ´ar jamiÊ¼a, É—aliba, É—alibi
ğŸ‘©ğŸ½â€ğŸ“	gama makaranta, jamiÊ¼a, kammala karatu, mace, madaidaicin launin fata, mai digiri, Æ´ar jamiÊ¼a, É—aliba, É—alibi
ğŸ‘©ğŸ¾â€ğŸ“	gama makaranta, jamiÊ¼a, kammala karatu, launin fata mai madaidaicin duhu, mace, mai digiri, Æ´ar jamiÊ¼a, É—aliba, É—alibi
ğŸ‘©ğŸ¿â€ğŸ“	gama makaranta, jamiÊ¼a, kammala karatu, launin fata mai duhu, mace, mai digiri, Æ´ar jamiÊ¼a, É—aliba, É—alibi
ğŸ‘©â€ğŸ¤	mace, mai shaÆ™atawa, mawaÆ™i, mawaÆ™iya, tauraro, tauraruwa, waÆ™ar rock, Æ´ar wasa, É—an wasa
ğŸ‘©ğŸ»â€ğŸ¤	launin fata mai haske, mace, mai shaÆ™atawa, mawaÆ™i, mawaÆ™iya, tauraro, tauraruwa, waÆ™ar rock, Æ´ar wasa, É—an wasa
ğŸ‘©ğŸ¼â€ğŸ¤	launin fata mai madaidaicin haske, mace, mai shaÆ™atawa, mawaÆ™i, mawaÆ™iya, tauraro, tauraruwa, waÆ™ar rock, Æ´ar wasa, É—an wasa
ğŸ‘©ğŸ½â€ğŸ¤	mace, madaidaicin launin fata, mai shaÆ™atawa, mawaÆ™i, mawaÆ™iya, tauraro, tauraruwa, waÆ™ar rock, Æ´ar wasa, É—an wasa
ğŸ‘©ğŸ¾â€ğŸ¤	launin fata mai madaidaicin duhu, mace, mai shaÆ™atawa, mawaÆ™i, mawaÆ™iya, tauraro, tauraruwa, waÆ™ar rock, Æ´ar wasa, É—an wasa
ğŸ‘©ğŸ¿â€ğŸ¤	launin fata mai duhu, mace, mai shaÆ™atawa, mawaÆ™i, mawaÆ™iya, tauraro, tauraruwa, waÆ™ar rock, Æ´ar wasa, É—an wasa
ğŸ‘¨â€ğŸš’	aikin kashe gobara, gobara, kashe gobara, kashe wuta, motar kwana-kwana, mutum, mutum É—an kwana-kwana, Æ´an kashe gobara, É—an kwana-kwana
ğŸ‘¨ğŸ»â€ğŸš’	aikin kashe gobara, gobara, kashe gobara, kashe wuta, launin fata mai haske, motar kwana-kwana, mutum, mutum É—an kwana-kwana, Æ´an kashe gobara, É—an kwana-kwana
ğŸ‘¨ğŸ¼â€ğŸš’	aikin kashe gobara, gobara, kashe gobara, kashe wuta, launin fata mai madaidaicin haske, motar kwana-kwana, mutum, mutum É—an kwana-kwana, Æ´an kashe gobara, É—an kwana-kwana
ğŸ‘¨ğŸ½â€ğŸš’	aikin kashe gobara, gobara, kashe gobara, kashe wuta, madaidaicin launin fata, motar kwana-kwana, mutum, mutum É—an kwana-kwana, Æ´an kashe gobara, É—an kwana-kwana
ğŸ‘¨ğŸ¾â€ğŸš’	aikin kashe gobara, gobara, kashe gobara, kashe wuta, launin fata mai madaidaicin duhu, motar kwana-kwana, mutum, mutum É—an kwana-kwana, Æ´an kashe gobara, É—an kwana-kwana
ğŸ‘¨ğŸ¿â€ğŸš’	aikin kashe gobara, gobara, kashe gobara, kashe wuta, launin fata mai duhu, motar kwana-kwana, mutum, mutum É—an kwana-kwana, Æ´an kashe gobara, É—an kwana-kwana
ğŸ‘©â€ğŸš’	kashe gobara, mace, mace É—an kwana-kwana, mai kashe gobara, motar kwana-kwana, Æ´ar kashe gobara, Æ´ar kwana-kwana, É—an kwana-kwana
ğŸ‘©ğŸ»â€ğŸš’	kashe gobara, launin fata mai haske, mace, mace É—an kwana-kwana, mai kashe gobara, motar kwana-kwana, Æ´ar kashe gobara, Æ´ar kwana-kwana, É—an kwana-kwana
ğŸ‘©ğŸ¼â€ğŸš’	kashe gobara, launin fata mai madaidaicin haske, mace, mace É—an kwana-kwana, mai kashe gobara, motar kwana-kwana, Æ´ar kashe gobara, Æ´ar kwana-kwana, É—an kwana-kwana
ğŸ‘©ğŸ½â€ğŸš’	kashe gobara, mace, mace É—an kwana-kwana, madaidaicin launin fata, mai kashe gobara, motar kwana-kwana, Æ´ar kashe gobara, Æ´ar kwana-kwana, É—an kwana-kwana
ğŸ‘©ğŸ¾â€ğŸš’	kashe gobara, launin fata mai madaidaicin duhu, mace, mace É—an kwana-kwana, mai kashe gobara, motar kwana-kwana, Æ´ar kashe gobara, Æ´ar kwana-kwana, É—an kwana-kwana
ğŸ‘©ğŸ¿â€ğŸš’	kashe gobara, launin fata mai duhu, mace, mace É—an kwana-kwana, mai kashe gobara, motar kwana-kwana, Æ´ar kashe gobara, Æ´ar kwana-kwana, É—an kwana-kwana
ğŸ‘®	doka, falis, folis, jamiÊ¼in tsaro, kama mai laifi, kwalawa, ofisa, rundunar Æ´an sanda, É—an sanda
ğŸ‘®ğŸ»	doka, falis, folis, jamiÊ¼in tsaro, kama mai laifi, kwalawa, launin fata mai haske, ofisa, rundunar Æ´an sanda, É—an sanda
ğŸ‘®ğŸ¼	doka, falis, folis, jamiÊ¼in tsaro, kama mai laifi, kwalawa, launin fata mai madaidaicin haske, ofisa, rundunar Æ´an sanda, É—an sanda
ğŸ‘®ğŸ½	doka, falis, folis, jamiÊ¼in tsaro, kama mai laifi, kwalawa, madaidaicin launin fata, ofisa, rundunar Æ´an sanda, É—an sanda
ğŸ‘®ğŸ¾	doka, falis, folis, jamiÊ¼in tsaro, kama mai laifi, kwalawa, launin fata mai madaidaicin duhu, ofisa, rundunar Æ´an sanda, É—an sanda
ğŸ‘®ğŸ¿	doka, falis, folis, jamiÊ¼in tsaro, kama mai laifi, kwalawa, launin fata mai duhu, ofisa, rundunar Æ´an sanda, É—an sanda
ğŸ‘®â€â™€	falis, folis, kama mai laifi, mace, ofisa, Æ´an sanda, Æ´ar doka, Æ´ar sanda, É—an sanda, É—an sanda na mace
ğŸ‘®ğŸ»â€â™€	falis, folis, kama mai laifi, launin fata mai haske, mace, ofisa, Æ´an sanda, Æ´ar doka, Æ´ar sanda, É—an sanda, É—an sanda na mace
ğŸ‘®ğŸ¼â€â™€	falis, folis, kama mai laifi, launin fata mai madaidaicin haske, mace, ofisa, Æ´an sanda, Æ´ar doka, Æ´ar sanda, É—an sanda, É—an sanda na mace
ğŸ‘®ğŸ½â€â™€	falis, folis, kama mai laifi, mace, madaidaicin launin fata, ofisa, Æ´an sanda, Æ´ar doka, Æ´ar sanda, É—an sanda, É—an sanda na mace
ğŸ‘®ğŸ¾â€â™€	falis, folis, kama mai laifi, launin fata mai madaidaicin duhu, mace, ofisa, Æ´an sanda, Æ´ar doka, Æ´ar sanda, É—an sanda, É—an sanda na mace
ğŸ‘®ğŸ¿â€â™€	falis, folis, kama mai laifi, launin fata mai duhu, mace, ofisa, Æ´an sanda, Æ´ar doka, Æ´ar sanda, É—an sanda, É—an sanda na mace
ğŸ§œ	aljan, aljana, aljanar ruwa, aljanin ruwa, aljanun ruwa, babbar aljanar ruwa, mari, mari babban kifi, Æ´an ruwa, Æ´ar ruwa
ğŸ§œğŸ»	aljan, aljana, aljanar ruwa, aljanin ruwa, aljanun ruwa, babbar aljanar ruwa, launin fata mai haske, mari, mari babban kifi, Æ´an ruwa, Æ´ar ruwa
ğŸ§œğŸ¼	aljan, aljana, aljanar ruwa, aljanin ruwa, aljanun ruwa, babbar aljanar ruwa, launin fata mai madaidaicin haske, mari, mari babban kifi, Æ´an ruwa, Æ´ar ruwa
ğŸ§œğŸ½	aljan, aljana, aljanar ruwa, aljanin ruwa, aljanun ruwa, babbar aljanar ruwa, madaidaicin launin fata, mari, mari babban kifi, Æ´an ruwa, Æ´ar ruwa
ğŸ§œğŸ¾	aljan, aljana, aljanar ruwa, aljanin ruwa, aljanun ruwa, babbar aljanar ruwa, launin fata mai madaidaicin duhu, mari, mari babban kifi, Æ´an ruwa, Æ´ar ruwa
ğŸ§œğŸ¿	aljan, aljana, aljanar ruwa, aljanin ruwa, aljanun ruwa, babbar aljanar ruwa, launin fata mai duhu, mari, mari babban kifi, Æ´an ruwa, Æ´ar ruwa
ğŸ‘¯	aminai, kunnen zomo, mai rawa, mata biyu, mata masu kunnuwan zomo, mutane masu kunnuwan zomo, mutane masu kunnuwan zomo yin biki, rawa, yin biki, Æ´an rawa
ğŸ‘¯â€â™‚	kunnen zomo, kunnuwan zomo, mai rawa, maza, maza masu kunnuwan zomo yin biki, yin biki, zomaye, zomo, Æ´an biyu
ğŸ¤¼â€â™‚	kaye, kokawa, maza, maza biyu, maza masu kokawa, wasan kokawa, Æ´an dambe
ğŸ¤¼â€â™€	filin dambe, kokawa, mata, mata masu kokawa, wasan kokawa, Æ´an dambe
ğŸ§‘â€ğŸ¤â€ğŸ§‘	abokai, hannu, mace da miji, mutane, mutane masu rikon hannaye, mutum, mutum biyu, mutum biyu sun riÆ™e hannu, riko, rikon hannu, riÆ™e, yara biyu, zamantakewa, Æ´an-uwa
ğŸ§‘ğŸ»â€ğŸ¤â€ğŸ§‘ğŸ»	abokai, hannu, launin fata mai haske, mace da miji, mutane, mutane masu rikon hannaye, mutum, mutum biyu, mutum biyu sun riÆ™e hannu, riko, rikon hannu, riÆ™e, yara biyu, zamantakewa, Æ´an-uwa
ğŸ§‘ğŸ»â€ğŸ¤â€ğŸ§‘ğŸ¼	abokai, hannu, launin fata mai haske, launin fata mai madaidaicin haske, mace da miji, mutane, mutane masu rikon hannaye, mutum, mutum biyu, mutum biyu sun riÆ™e hannu, riko, rikon hannu, riÆ™e, yara biyu, zamantakewa, Æ´an-uwa
ğŸ§‘ğŸ»â€ğŸ¤â€ğŸ§‘ğŸ½	abokai, hannu, launin fata mai haske, mace da miji, madaidaicin launin fata, mutane, mutane masu rikon hannaye, mutum, mutum biyu, mutum biyu sun riÆ™e hannu, riko, rikon hannu, riÆ™e, yara biyu, zamantakewa, Æ´an-uwa
ğŸ§‘ğŸ»â€ğŸ¤â€ğŸ§‘ğŸ¾	abokai, hannu, launin fata mai haske, launin fata mai madaidaicin duhu, mace da miji, mutane, mutane masu rikon hannaye, mutum, mutum biyu, mutum biyu sun riÆ™e hannu, riko, rikon hannu, riÆ™e, yara biyu, zamantakewa, Æ´an-uwa
ğŸ§‘ğŸ»â€ğŸ¤â€ğŸ§‘ğŸ¿	abokai, hannu, launin fata mai duhu, launin fata mai haske, mace da miji, mutane, mutane masu rikon hannaye, mutum, mutum biyu, mutum biyu sun riÆ™e hannu, riko, rikon hannu, riÆ™e, yara biyu, zamantakewa, Æ´an-uwa
ğŸ§‘ğŸ¼â€ğŸ¤â€ğŸ§‘ğŸ»	abokai, hannu, launin fata mai haske, launin fata mai madaidaicin haske, mace da miji, mutane, mutane masu rikon hannaye, mutum, mutum biyu, mutum biyu sun riÆ™e hannu, riko, rikon hannu, riÆ™e, yara biyu, zamantakewa, Æ´an-uwa
ğŸ§‘ğŸ¼â€ğŸ¤â€ğŸ§‘ğŸ¼	abokai, hannu, launin fata mai madaidaicin haske, mace da miji, mutane, mutane masu rikon hannaye, mutum, mutum biyu, mutum biyu sun riÆ™e hannu, riko, rikon hannu, riÆ™e, yara biyu, zamantakewa, Æ´an-uwa
ğŸ§‘ğŸ¼â€ğŸ¤â€ğŸ§‘ğŸ½	abokai, hannu, launin fata mai madaidaicin haske, mace da miji, madaidaicin launin fata, mutane, mutane masu rikon hannaye, mutum, mutum biyu, mutum biyu sun riÆ™e hannu, riko, rikon hannu, riÆ™e, yara biyu, zamantakewa, Æ´an-uwa
ğŸ§‘ğŸ¼â€ğŸ¤â€ğŸ§‘ğŸ¾	abokai, hannu, launin fata mai madaidaicin duhu, launin fata mai madaidaicin haske, mace da miji, mutane, mutane masu rikon hannaye, mutum, mutum biyu, mutum biyu sun riÆ™e hannu, riko, rikon hannu, riÆ™e, yara biyu, zamantakewa, Æ´an-uwa
ğŸ§‘ğŸ¼â€ğŸ¤â€ğŸ§‘ğŸ¿	abokai, hannu, launin fata mai duhu, launin fata mai madaidaicin haske, mace da miji, mutane, mutane masu rikon hannaye, mutum, mutum biyu, mutum biyu sun riÆ™e hannu, riko, rikon hannu, riÆ™e, yara biyu, zamantakewa, Æ´an-uwa
ğŸ§‘ğŸ½â€ğŸ¤â€ğŸ§‘ğŸ»	abokai, hannu, launin fata mai haske, mace da miji, madaidaicin launin fata, mutane, mutane masu rikon hannaye, mutum, mutum biyu, mutum biyu sun riÆ™e hannu, riko, rikon hannu, riÆ™e, yara biyu, zamantakewa, Æ´an-uwa
ğŸ§‘ğŸ½â€ğŸ¤â€ğŸ§‘ğŸ¼	abokai, hannu, launin fata mai madaidaicin haske, mace da miji, madaidaicin launin fata, mutane, mutane masu rikon hannaye, mutum, mutum biyu, mutum biyu sun riÆ™e hannu, riko, rikon hannu, riÆ™e, yara biyu, zamantakewa, Æ´an-uwa
ğŸ§‘ğŸ½â€ğŸ¤â€ğŸ§‘ğŸ½	abokai, hannu, mace da miji, madaidaicin launin fata, mutane, mutane masu rikon hannaye, mutum, mutum biyu, mutum biyu sun riÆ™e hannu, riko, rikon hannu, riÆ™e, yara biyu, zamantakewa, Æ´an-uwa
ğŸ§‘ğŸ½â€ğŸ¤â€ğŸ§‘ğŸ¾	abokai, hannu, launin fata mai madaidaicin duhu, mace da miji, madaidaicin launin fata, mutane, mutane masu rikon hannaye, mutum, mutum biyu, mutum biyu sun riÆ™e hannu, riko, rikon hannu, riÆ™e, yara biyu, zamantakewa, Æ´an-uwa
ğŸ§‘ğŸ½â€ğŸ¤â€ğŸ§‘ğŸ¿	abokai, hannu, launin fata mai duhu, mace da miji, madaidaicin launin fata, mutane, mutane masu rikon hannaye, mutum, mutum biyu, mutum biyu sun riÆ™e hannu, riko, rikon hannu, riÆ™e, yara biyu, zamantakewa, Æ´an-uwa
ğŸ§‘ğŸ¾â€ğŸ¤â€ğŸ§‘ğŸ»	abokai, hannu, launin fata mai haske, launin fata mai madaidaicin duhu, mace da miji, mutane, mutane masu rikon hannaye, mutum, mutum biyu, mutum biyu sun riÆ™e hannu, riko, rikon hannu, riÆ™e, yara biyu, zamantakewa, Æ´an-uwa
ğŸ§‘ğŸ¾â€ğŸ¤â€ğŸ§‘ğŸ¼	abokai, hannu, launin fata mai madaidaicin duhu, launin fata mai madaidaicin haske, mace da miji, mutane, mutane masu rikon hannaye, mutum, mutum biyu, mutum biyu sun riÆ™e hannu, riko, rikon hannu, riÆ™e, yara biyu, zamantakewa, Æ´an-uwa
ğŸ§‘ğŸ¾â€ğŸ¤â€ğŸ§‘ğŸ½	abokai, hannu, launin fata mai madaidaicin duhu, mace da miji, madaidaicin launin fata, mutane, mutane masu rikon hannaye, mutum, mutum biyu, mutum biyu sun riÆ™e hannu, riko, rikon hannu, riÆ™e, yara biyu, zamantakewa, Æ´an-uwa
ğŸ§‘ğŸ¾â€ğŸ¤â€ğŸ§‘ğŸ¾	abokai, hannu, launin fata mai madaidaicin duhu, mace da miji, mutane, mutane masu rikon hannaye, mutum, mutum biyu, mutum biyu sun riÆ™e hannu, riko, rikon hannu, riÆ™e, yara biyu, zamantakewa, Æ´an-uwa
ğŸ§‘ğŸ¾â€ğŸ¤â€ğŸ§‘ğŸ¿	abokai, hannu, launin fata mai duhu, launin fata mai madaidaicin duhu, mace da miji, mutane, mutane masu rikon hannaye, mutum, mutum biyu, mutum biyu sun riÆ™e hannu, riko, rikon hannu, riÆ™e, yara biyu, zamantakewa, Æ´an-uwa
ğŸ§‘ğŸ¿â€ğŸ¤â€ğŸ§‘ğŸ»	abokai, hannu, launin fata mai duhu, launin fata mai haske, mace da miji, mutane, mutane masu rikon hannaye, mutum, mutum biyu, mutum biyu sun riÆ™e hannu, riko, rikon hannu, riÆ™e, yara biyu, zamantakewa, Æ´an-uwa
ğŸ§‘ğŸ¿â€ğŸ¤â€ğŸ§‘ğŸ¼	abokai, hannu, launin fata mai duhu, launin fata mai madaidaicin haske, mace da miji, mutane, mutane masu rikon hannaye, mutum, mutum biyu, mutum biyu sun riÆ™e hannu, riko, rikon hannu, riÆ™e, yara biyu, zamantakewa, Æ´an-uwa
ğŸ§‘ğŸ¿â€ğŸ¤â€ğŸ§‘ğŸ½	abokai, hannu, launin fata mai duhu, mace da miji, madaidaicin launin fata, mutane, mutane masu rikon hannaye, mutum, mutum biyu, mutum biyu sun riÆ™e hannu, riko, rikon hannu, riÆ™e, yara biyu, zamantakewa, Æ´an-uwa
ğŸ§‘ğŸ¿â€ğŸ¤â€ğŸ§‘ğŸ¾	abokai, hannu, launin fata mai duhu, launin fata mai madaidaicin duhu, mace da miji, mutane, mutane masu rikon hannaye, mutum, mutum biyu, mutum biyu sun riÆ™e hannu, riko, rikon hannu, riÆ™e, yara biyu, zamantakewa, Æ´an-uwa
ğŸ§‘ğŸ¿â€ğŸ¤â€ğŸ§‘ğŸ¿	abokai, hannu, launin fata mai duhu, mace da miji, mutane, mutane masu rikon hannaye, mutum, mutum biyu, mutum biyu sun riÆ™e hannu, riko, rikon hannu, riÆ™e, yara biyu, zamantakewa, Æ´an-uwa
ğŸ‘­	abokai, hannu, lgbt, lgbtq, mace, mata, mata biyu suna riÆ™e da hannuwa, miji da mata, namiji da mata suna riÆ™ew da hannuwa, riÆ™e, riÆ™e hannuwa, Æ™awaye, Æ´an mata biyu
ğŸ‘­ğŸ»	abokai, hannu, launin fata mai haske, lgbt, lgbtq, mace, mata, mata biyu suna riÆ™e da hannuwa, miji da mata, namiji da mata suna riÆ™ew da hannuwa, riÆ™e, riÆ™e hannuwa, Æ™awaye, Æ´an mata biyu
ğŸ‘©ğŸ»â€ğŸ¤â€ğŸ‘©ğŸ¼	abokai, hannu, launin fata mai haske, launin fata mai madaidaicin haske, lgbt, lgbtq, mace, mata, mata biyu suna riÆ™e da hannuwa, miji da mata, namiji da mata suna riÆ™ew da hannuwa, riÆ™e, riÆ™e hannuwa, Æ™awaye, Æ´an mata biyu
ğŸ‘©ğŸ»â€ğŸ¤â€ğŸ‘©ğŸ½	abokai, hannu, launin fata mai haske, lgbt, lgbtq, mace, madaidaicin launin fata, mata, mata biyu suna riÆ™e da hannuwa, miji da mata, namiji da mata suna riÆ™ew da hannuwa, riÆ™e, riÆ™e hannuwa, Æ™awaye, Æ´an mata biyu
ğŸ‘©ğŸ»â€ğŸ¤â€ğŸ‘©ğŸ¾	abokai, hannu, launin fata mai haske, launin fata mai madaidaicin duhu, lgbt, lgbtq, mace, mata, mata biyu suna riÆ™e da hannuwa, miji da mata, namiji da mata suna riÆ™ew da hannuwa, riÆ™e, riÆ™e hannuwa, Æ™awaye, Æ´an mata biyu
ğŸ‘©ğŸ»â€ğŸ¤â€ğŸ‘©ğŸ¿	abokai, hannu, launin fata mai duhu, launin fata mai haske, lgbt, lgbtq, mace, mata, mata biyu suna riÆ™e da hannuwa, miji da mata, namiji da mata suna riÆ™ew da hannuwa, riÆ™e, riÆ™e hannuwa, Æ™awaye, Æ´an mata biyu
ğŸ‘©ğŸ¼â€ğŸ¤â€ğŸ‘©ğŸ»	abokai, hannu, launin fata mai haske, launin fata mai madaidaicin haske, lgbt, lgbtq, mace, mata, mata biyu suna riÆ™e da hannuwa, miji da mata, namiji da mata suna riÆ™ew da hannuwa, riÆ™e, riÆ™e hannuwa, Æ™awaye, Æ´an mata biyu
ğŸ‘­ğŸ¼	abokai, hannu, launin fata mai madaidaicin haske, lgbt, lgbtq, mace, mata, mata biyu suna riÆ™e da hannuwa, miji da mata, namiji da mata suna riÆ™ew da hannuwa, riÆ™e, riÆ™e hannuwa, Æ™awaye, Æ´an mata biyu
ğŸ‘©ğŸ¼â€ğŸ¤â€ğŸ‘©ğŸ½	abokai, hannu, launin fata mai madaidaicin haske, lgbt, lgbtq, mace, madaidaicin launin fata, mata, mata biyu suna riÆ™e da hannuwa, miji da mata, namiji da mata suna riÆ™ew da hannuwa, riÆ™e, riÆ™e hannuwa, Æ™awaye, Æ´an mata biyu
ğŸ‘©ğŸ¼â€ğŸ¤â€ğŸ‘©ğŸ¾	abokai, hannu, launin fata mai madaidaicin duhu, launin fata mai madaidaicin haske, lgbt, lgbtq, mace, mata, mata biyu suna riÆ™e da hannuwa, miji da mata, namiji da mata suna riÆ™ew da hannuwa, riÆ™e, riÆ™e hannuwa, Æ™awaye, Æ´an mata biyu
ğŸ‘©ğŸ¼â€ğŸ¤â€ğŸ‘©ğŸ¿	abokai, hannu, launin fata mai duhu, launin fata mai madaidaicin haske, lgbt, lgbtq, mace, mata, mata biyu suna riÆ™e da hannuwa, miji da mata, namiji da mata suna riÆ™ew da hannuwa, riÆ™e, riÆ™e hannuwa, Æ™awaye, Æ´an mata biyu
ğŸ‘©ğŸ½â€ğŸ¤â€ğŸ‘©ğŸ»	abokai, hannu, launin fata mai haske, lgbt, lgbtq, mace, madaidaicin launin fata, mata, mata biyu suna riÆ™e da hannuwa, miji da mata, namiji da mata suna riÆ™ew da hannuwa, riÆ™e, riÆ™e hannuwa, Æ™awaye, Æ´an mata biyu
ğŸ‘©ğŸ½â€ğŸ¤â€ğŸ‘©ğŸ¼	abokai, hannu, launin fata mai madaidaicin haske, lgbt, lgbtq, mace, madaidaicin launin fata, mata, mata biyu suna riÆ™e da hannuwa, miji da mata, namiji da mata suna riÆ™ew da hannuwa, riÆ™e, riÆ™e hannuwa, Æ™awaye, Æ´an mata biyu
ğŸ‘­ğŸ½	abokai, hannu, lgbt, lgbtq, mace, madaidaicin launin fata, mata, mata biyu suna riÆ™e da hannuwa, miji da mata, namiji da mata suna riÆ™ew da hannuwa, riÆ™e, riÆ™e hannuwa, Æ™awaye, Æ´an mata biyu
ğŸ‘©ğŸ½â€ğŸ¤â€ğŸ‘©ğŸ¾	abokai, hannu, launin fata mai madaidaicin duhu, lgbt, lgbtq, mace, madaidaicin launin fata, mata, mata biyu suna riÆ™e da hannuwa, miji da mata, namiji da mata suna riÆ™ew da hannuwa, riÆ™e, riÆ™e hannuwa, Æ™awaye, Æ´an mata biyu
ğŸ‘©ğŸ½â€ğŸ¤â€ğŸ‘©ğŸ¿	abokai, hannu, launin fata mai duhu, lgbt, lgbtq, mace, madaidaicin launin fata, mata, mata biyu suna riÆ™e da hannuwa, miji da mata, namiji da mata suna riÆ™ew da hannuwa, riÆ™e, riÆ™e hannuwa, Æ™awaye, Æ´an mata biyu
ğŸ‘©ğŸ¾â€ğŸ¤â€ğŸ‘©ğŸ»	abokai, hannu, launin fata mai haske, launin fata mai madaidaicin duhu, lgbt, lgbtq, mace, mata, mata biyu suna riÆ™e da hannuwa, miji da mata, namiji da mata suna riÆ™ew da hannuwa, riÆ™e, riÆ™e hannuwa, Æ™awaye, Æ´an mata biyu
ğŸ‘©ğŸ¾â€ğŸ¤â€ğŸ‘©ğŸ¼	abokai, hannu, launin fata mai madaidaicin duhu, launin fata mai madaidaicin haske, lgbt, lgbtq, mace, mata, mata biyu suna riÆ™e da hannuwa, miji da mata, namiji da mata suna riÆ™ew da hannuwa, riÆ™e, riÆ™e hannuwa, Æ™awaye, Æ´an mata biyu
ğŸ‘©ğŸ¾â€ğŸ¤â€ğŸ‘©ğŸ½	abokai, hannu, launin fata mai madaidaicin duhu, lgbt, lgbtq, mace, madaidaicin launin fata, mata, mata biyu suna riÆ™e da hannuwa, miji da mata, namiji da mata suna riÆ™ew da hannuwa, riÆ™e, riÆ™e hannuwa, Æ™awaye, Æ´an mata biyu
ğŸ‘­ğŸ¾	abokai, hannu, launin fata mai madaidaicin duhu, lgbt, lgbtq, mace, mata, mata biyu suna riÆ™e da hannuwa, miji da mata, namiji da mata suna riÆ™ew da hannuwa, riÆ™e, riÆ™e hannuwa, Æ™awaye, Æ´an mata biyu
ğŸ‘©ğŸ¾â€ğŸ¤â€ğŸ‘©ğŸ¿	abokai, hannu, launin fata mai duhu, launin fata mai madaidaicin duhu, lgbt, lgbtq, mace, mata, mata biyu suna riÆ™e da hannuwa, miji da mata, namiji da mata suna riÆ™ew da hannuwa, riÆ™e, riÆ™e hannuwa, Æ™awaye, Æ´an mata biyu
ğŸ‘©ğŸ¿â€ğŸ¤â€ğŸ‘©ğŸ»	abokai, hannu, launin fata mai duhu, launin fata mai haske, lgbt, lgbtq, mace, mata, mata biyu suna riÆ™e da hannuwa, miji da mata, namiji da mata suna riÆ™ew da hannuwa, riÆ™e, riÆ™e hannuwa, Æ™awaye, Æ´an mata biyu
ğŸ‘©ğŸ¿â€ğŸ¤â€ğŸ‘©ğŸ¼	abokai, hannu, launin fata mai duhu, launin fata mai madaidaicin haske, lgbt, lgbtq, mace, mata, mata biyu suna riÆ™e da hannuwa, miji da mata, namiji da mata suna riÆ™ew da hannuwa, riÆ™e, riÆ™e hannuwa, Æ™awaye, Æ´an mata biyu
ğŸ‘©ğŸ¿â€ğŸ¤â€ğŸ‘©ğŸ½	abokai, hannu, launin fata mai duhu, lgbt, lgbtq, mace, madaidaicin launin fata, mata, mata biyu suna riÆ™e da hannuwa, miji da mata, namiji da mata suna riÆ™ew da hannuwa, riÆ™e, riÆ™e hannuwa, Æ™awaye, Æ´an mata biyu
ğŸ‘©ğŸ¿â€ğŸ¤â€ğŸ‘©ğŸ¾	abokai, hannu, launin fata mai duhu, launin fata mai madaidaicin duhu, lgbt, lgbtq, mace, mata, mata biyu suna riÆ™e da hannuwa, miji da mata, namiji da mata suna riÆ™ew da hannuwa, riÆ™e, riÆ™e hannuwa, Æ™awaye, Æ´an mata biyu
ğŸ‘­ğŸ¿	abokai, hannu, launin fata mai duhu, lgbt, lgbtq, mace, mata, mata biyu suna riÆ™e da hannuwa, miji da mata, namiji da mata suna riÆ™ew da hannuwa, riÆ™e, riÆ™e hannuwa, Æ™awaye, Æ´an mata biyu
ğŸ‹â€ğŸŸ©	kayan lemu, koren lemo, lamurje, lemon tsami, lemun tsami, salar lemon tsami, tsami, wurare masu zafi, Æ´aÆ´an itace, É“awon lemon tsami
ğŸ¥­	abin marmari, abinci, kayan marmari, mangoro, mangwaro, na wurare masu zafi, Æ´aÆ´an itace, É—an itace
ğŸ«’	abinci, ganyen zaitun, zaitun, zaman lafiya, Æ´aÆ´an zaitun
ğŸœ	abinci, abinci mai zafi, cokalin cana, cokalin Æ´an cana, dambatawa, indomi, kwano, kwano mai dambatawa, kwanon abinci, ramen, romo, taliya, taliya da romo
ğŸ§ƒ	abin zuÆ™a, abin-zuÆ™a, abun zuÆ™a, bambaro, kwali, lemo, lemon kwali, mai daÉ—i, mazuÆ™i, ruwan Æ´aÆ´an itace, suturo
ğŸ¥¢	hashi, karan cin abinci, sandunan cin abinci, tsinkayen cin abinci, tsinken cana, tsinken cin abinci, tsinken tsire, tsinken Æ´an cana
ğŸ—½	Statue of Liberty, gunki, gunkin Æ´anci, mutum-mutum, mutum-mutumi na â€™yanci, new york, ny, nyc, â€˜yanci
ğŸª	hemar Æ´an wasan barkwanci, tanti, tantin â€™yan wasa, â€™yan wasa
ğŸš“	faturol, kwalawa, motar â€™yan sanda, patiri, Æ™aramar mota, Æ´an doka, â€˜yan sanda
ğŸš”ï¸	mai zuwa, mota, motar Æ´an sanda, motar â€™yan sanda mai zuwa, Æ™aramar motar, â€™yan sanda
ğŸ›¸	UFO, aljan, aljanu, faranti mai tasowa, Æ´an sama jannati
â˜€ï¸	cikin rana, da rana, haske, rana, takewar rana, tsirkiyoyi, yanayi, Æ´aÆ´an rana
ğŸ	Na Japan, biki, na japan, shagali, yar tsana, yar tsana Na Japan, Æ´ar tsana
ğŸ¯	abin bara, auna saiti, buga, bugawa ta kai tsaye, cake, cimma nasara, ido, kai tsaye, kibiya, wasa, wasan wulla kibiya, Æ´ar cake
ğŸª€	abin wasa, canzawa, sama da Æ™asa, yo-yo, yoyo, zaren yo-yo, Æ´artsana
ğŸ§¸	abin wasa, buga wasa, cushe, kayan wasa, tedi, tunkun wasa, wasan yara, Æ™ari, Æ´ar-tsana, Æ´artsana
ğŸª†	babushka, rasha, sheÆ™a, Æ´ar tsana, Æ´ar-tsana, Æ´artsana, Æ´artsana mai sheÆ™a
ğŸ­ï¸	abin rufen ido, fasaha, fuska, fuskar dodo, kayan wasa, kwaikwayo, mas, wasan kwaikwayo, wurin wasan kwaikwayo, Æ´an wasa
ğŸ¥»	kayan indiya, naÉ—a sari, naÉ—in sari, sari, sutura, tufafi, tufafin indiya, Æ´an indiya
ğŸ©²	fant, kamfai, rigar ninÆ™aya, rigar wanka, wando, yanki É—aya, Æ´an ciki, É—an diras, É—an duros, É—an kamfai
ğŸ©³	gajeren wando, koren wando, rigar wanka, wando, Æ´an ciki
âš”ï¸	harÉ—e, haÉ—aÉ—É—e, haÉ—aÉ—É—un takuba, karaskiya, kayan faÉ—a, makami, sara suka, takuba, takubba, Æ´ar kare
â›“â€ğŸ’¥	karyayyen sarka, karyayyen sarkar, karye, karyewa, sarka, sarkar hannu, Æ´anci
â™Šï¸	Tagwaye, falaki, zodiac, Æ´an biyu
ğŸ†“	alamar Æ´anci, kyauta, maÉ“allin KYAUTA, na kyauta
