ğŸ˜€	fuula, fuula kolfaa jiru, gammadaa, ilkaan, kolfa, kolfaa jiraachuu
ğŸ˜ƒ	banaa, bareeda, fuula, fuula kolfaa jiru afaan banaa waliin, gaarii, gammachuu, ilkaan, kolfa
ğŸ˜„	afaan, banaa, fuula, fuula kolfaa jiru afaan banaatiin fi ija kolfaa jiru, gammachuu, ija, kolfa, kolfuu
ğŸ˜	fuula, fuula seequ, gaarii, gammachuu, ija, ilkaan, qummaaduu, seequu
ğŸ˜†	afaan, banaa, fuula, gammachuu, hahaha, kkk, kolfuu, qummaaduu, quufe
ğŸ˜…	banaa, dafqa, dhiphina, fuula, fuula kolfaa jiruu fi afaan banaa dafqa qorraa waliin, gammadaa, kolfa, mufataa, wereeraa
ğŸ¤£	ajaaâ€™ibsiisaa, fuula, gammachuu, gammaduu, haha, hahaha, hehe, imimmaan, kofalchiisaa, kolfa, kolfaa booâ€™uu, kolfuu, lafa buusuu, raawwate
ğŸ˜‚	bohaarsaa, booâ€™uu, fuula, hahaha, imimmaan, imimmaan gammachuu, kofalchiisaa, kolfa, kolfaan gaggabuu, miira
ğŸ™‚	fuula, fuula xiqqoo seequ, gammaduu, qummaaduu
ğŸ™ƒ	fuula, fuula gadi garagalaa, gombifamaa, kolfa
ğŸ« 	haha, qoosaa, qoosuu, qummaaduu, saalfii
ğŸ˜‰	fuula, fuula ija tokko dhaamsu, garaa nama nyaata, hawwataa, ija tokko dhaamsuu, itti qoosuu, mucucaachuu, saalfachuu
ğŸ˜Š	fuula, gammachuu, ija, ijaa fi fuulaan kolfuu, kolfa
ğŸ˜‡	eebbifamaa, ergamaa, ergamoota, fuula, gammachuu, hafuura, macaafa qulqulluu, minaaba, nagaa, oduu durii, qulqulluu, qummaaduu, sheekkoo
ğŸ¥°	fuula, fuula kolfaa onnee 3 qabu, jaalalaan, jaalalaan qabamuu, jaallachuu, miira jaalalaa, onnee, onneewwan, onneewwan seeqan, qummaaduu, sin jaalladha
ğŸ˜	143, dhungoo, fuula, fuula seequ fi ija onnee qabu, ija, jaalala, jaalalaan, jaallachuu, miira, onnee, seequu, sin jaalladha
ğŸ¤©	ajab, dinqisiifannaa, fuula, gammaduu, ija, ija urjii qabu, kolfuu, qummaaduu, urjii
ğŸ˜˜	143, akkam bulte, dhungoo, fuula, haasaa jaalalaa, jaalallee, nagaan buli, onnee, sin jaalladha, sin yaada
ğŸ˜—	143, dhungachuu, dhungoo, fuula, fuula dhungachaa jiru, guyyaa, haasaa jaalalaa, hariiroo jaalalaa, jaalala
â˜ºï¸	fuula, fuula kolfaa jiru, gammachuu, gammadaa, kolfa, kolfuu
ğŸ˜š	143, cufaa, dhungoo, fuula, hariiroo jaalalaa, ija, jaalala, jaallee
ğŸ˜™	143, beellama jaalalaa, dhungoo, fuula, fuula dhungachaa jiruu fi ija kolfaa jiru, haasaa jaalalaa, halkan, hariiroo jaalalaa, ija, ija deebiâ€™aa, kolfa
ğŸ¥²	boonuu, dhukkubbii, galateeffachuu, gammachuu, garaa nama nyaachuu, imimmaan, kolfa
ğŸ˜‹	beelaâ€™uu, fuula, fuula nyaata miâ€™aawaa miâ€™eeffatu, guutuu, miâ€™aawaa, miâ€™eeffachuu, nyaachuu, nyaata, qummaaduu
ğŸ˜›	affeerraa, ajaaâ€™iba, arraba, baayâ€™ee gaarii, fuula, fuula arraba baase, misha, miâ€™aawaa
ğŸ˜œ	affeerraa, arraba, fuula, ija, maraataa, qoosaa, tapha
ğŸ¤ª	fuula maraataa, guddaa, ija, maraataa, xiqqoo
ğŸ˜	arraba, dhamdhama, fuula, fuula arraba baasee fi ija dunuunfate, ija, suukaneessaa, waanuma fedhe, yaa rabbi
ğŸ¤‘	afaan, fuula, fuula afaanii-maallaqa qabu, kaffalame, maallaqa
ğŸ¤—	fuula, fuula hammatu, hammachuu, harka
ğŸ¤­	ajaaâ€™ibsifachuu, fuula harka afaan irraa, icciitii, kolfuu, rifachuu, tasa hubachuu
ğŸ«¢	afaan qabachuu, callisuu, raajeffachuu, rifachuu, yaa Waaq
ğŸ«£	dhokachuu, ilaaluu, qaaneffachuu, sodaachuu
ğŸ¤«	callisaa, callisi, fuulaa qaanii, usi
ğŸ¤”	areeda, beekuuf fedhii qabaachuu, fuula, fuula yaadaa jiru, ihim, ilaalcha keessa galchuu, mee itti yaadi, xiinxaluu, yaaduu
ğŸ«¡	ajajamaadha, carraa gaarii, eeyyee, eeyyee giiftii, eeyyee gooftaa, kabaja, nagaa gaafachuu
ğŸ¤	afaan, afaan kee qabi, callisuu, fuula, fuula afaaniirraa ziippii qabu, hin himiin, iccitii, ziippii
ğŸ¤¨	amantaa dhabuu, amanuu diduu, dinqisiisuu, fudhatama dhabuu, fuula nyaara olkaâ€™e qabu, ihim, maal, miira-ibsituu koolbartii, shakkii qabaachuu, shakkuu
ğŸ˜ï¸	badaa, buâ€™uura, callisaa, duâ€™aa, fuula, fuula hin ajaaâ€™ibsiifanne, gadhee, giddugaleessa, goomii, homaa, homaa hin fakkaatu, nama hin bohaarsu
ğŸ˜‘	baasii, badaa, bitaa galaa, buâ€™uura, duâ€™aa, fuula homaa hin ibsanne, fuula mufataa, gammachuu kan hin qabne, goomii, hin ajaaâ€™ibsiifamne, inaaffaa, kan nama hin dinqine, miira maleessa, nama hin raaju, tole, waan feâ€™e
ğŸ˜¶	afaan, callisa, callisuu, cookkoo, dhoksaa, duwwaa, fuula, fuula afaan malee, icciitii, jecha dhabuu, kan hin dubbifamne, ukkaamsuu
ğŸ«¥	cinqii, dhokataa, homaayyuu, waan fedhellee taâ€™u, yaaddessaa
ğŸ˜	fuula, fuula seequ, gaaddisa, hawwataa, hawwisiisaa, haxxummaa, hoogganaa, ija tokko dhaamsuu, kolfuu, mucaa manaa, mucucaachuu, nyaara ijaa, of tuuluu, qaanfachuu, qoosuu, seequu, shakkisiisaa
ğŸ˜’	..., fuula, fuula hin gammanne, gaarii, gammachuu dhabuu, hin gammanne, hinaafuu, kan hin baramne, mufachuu, mukaaâ€™aa, seenaa gaarii obbolee, waanuma fedhe
ğŸ™„	fuula, fuula fi ija garagalaa, gaaddidduu, ija, ija garagalchuu, naannessuu, waan feâ€™e
ğŸ˜¬	fuula kolfaa jiru, homaa, kolfa, kolfuu, nuffisiisaa, ogeessa fayyaa ilkaanii
ğŸ˜®â€ğŸ’¨	afuufuu, dadhabuu, hafuura baafachuu, kolfa
ğŸ¤¥	fuula, pinoochiyoo, soba, sobduu
ğŸ«¨	ajaaâ€™iba, kirkira lafaa, kirkiruu, maraataa, naasisuu, raafamuu, rifaatuu, rifachuu, yaa rabbi
ğŸ˜Œ	boqonnaa argachuu, fuula, fuula boqonnaa argate, nagaa, tasgabbii
ğŸ˜”	baduu, dhabuu, dhukkubbii, duâ€™e, fuula, fuula yaadaan bade, gaddisiisaa, jibbisiisaa, laphee cabuu, mufate, mukaaâ€™aa, xiinxaluu
ğŸ˜ª	booâ€™uu, dadhabuu, fuula, fuula hirriibaa, gadda, hirriiba, rafuu
ğŸ¤¤	fuula, gomjaâ€™uu, gororuu
ğŸ˜´	dadhabe, fuula, fuula nama rafaa jiru, halkan, halkan gaarii, hamuummachuu, hirriiba, nagaan buli, rafuu, siree, waanuma fedhe, yeroo hirriibaa
ğŸ˜·	dhukkubsataa, diilallaâ€™aa, doktora, dr, fuula, fuula golgituu fuulaa kan yaalaa uffate, golgituu fuulaa, jarmoota, ogeessa yaalaa gogaa, ogeessa yaalaa ilkaanii, qoricha
ğŸ¤’	dhukkubsachuu, dhukkubsataa, fuula, fuula safartuu hoâ€™aa qabu, safartuu hoâ€™aa
ğŸ¤•	dhukkubbii, fuula, fuula mataa hidhame qabu, hidhaa, miidhama, miidhuu
ğŸ¤¢	balaqqama, dhukkubsataa, fuula, garaa kaasaa, jibbisiisaa
ğŸ¤®	balaqqama, dhibamaa, duuchaa, fuula balaqqamu, ol deebisiisuu
ğŸ¤§	dhaqna gubaa, dhibamaa, fuula, haxxiffachuu, utaalloo
ğŸ¥µ	arraba baâ€™e, dafquu, duâ€™uu, fuula, fuula diimate, harganuu, hoâ€™aa, hoâ€™insa qaamaa, hoâ€™isaa
ğŸ¥¶	cuquliisa, diilalla, fuula, fuula cuquliisaâ€™e, fuula qorraa, ilkaan qorraa, qabbanaaâ€™uu, qorra cimaa, tuullaa cabbii, zeeroo gadi
ğŸ¥´	afaan sosochoâ€™u, dunquqqaaâ€™aa, fuula qaanii, ija walcaalu, machaaâ€™aa
ğŸ˜µ	dadhabe, dhibamaa, dhukkubsataa, dunquqqaaâ€™aa, duâ€™aa, fuula
ğŸ˜µâ€ğŸ’«	Kolfa, ajaaâ€™ib, bitaa galuu, yaa Waaqakoo
ğŸ¤¯	dhoohuu, gonkumaa hin taâ€™u, mataa dhooâ€™e, rifate, sammuu afuufame
ğŸ¤ 	barneexaa, dhiira loon tiksu, dubartii loon tksitu, fuula
ğŸ¥³	ayyaana, ayyaaneffachuu, bashannana, fuula, fuula bashannanaa, gaanfa, gammachuu, gammaduu, gonfoo, guyyaa dhaloota gaarii, guyyaa dhalootaa
ğŸ¥¸	areeda, basaastuu, fuullee ijaa, nama, nyaara
ğŸ˜	ajaaâ€™iba, ajaaâ€™ibsiifachuu, akkaataa, baayâ€™ee gaarii, bashaâ€™uu, bohaaruu, fuula, gaaddisa, ifaa, injifachuu, kishaafa, kolfa, obboleesso, qabbaneessuu, qarqara galaanaa, qorraa
ğŸ¤“	fuula, fuullee ijaa, gowwaa, nama boodatti hafaa, nama kennaa qabu, ogeessa, qaroo, qaxalee, sammuu cimaa
ğŸ§	dureessa, faashinii, qaalii, sooressa, ukkaamamaa
ğŸ˜•	ani hin beeku, burjaajaâ€™e, burjaajessaa, dhiifama, fuula, gadda, ihim, itti bitaachaâ€™e, mirkanaaâ€™aa miti
ğŸ«¤	akka wallaaluu, bitaa galuu, maal, muffii, shakkii, shakkisiisaa, shakkuu
ğŸ˜Ÿ	aarii, billaacha, dhiphachuu, dhiphuu, fuula, gadda, yaaddaâ€™uu
ğŸ™	fuula, fuula guuruu, fuula xiqqoo shuntuure, gadduu
â˜¹ï¸	fuula, fuula nyaara guure, gadda, nyaata guuraa
ğŸ˜®	afaan, ajaaâ€™ib, ajaaâ€™iba, banaa, dagachuu, fuula, fuula afaan banaa waliin, garaa laafummaa, hin amanamu, irraanfachuu, nahuu, raajii, sin amanu, soba
ğŸ˜¯	ajaaâ€™ib, ajaaâ€™ibsiifamaa, callisaa, fuula, fuula haguugamaa, raajii
ğŸ˜²	ajaaâ€™ibsiifate, baasii, fuula, gonkumaa hin taâ€™u, guutummaatti, rifate, yaa rabbi
ğŸ˜³	ajaaâ€™ibsiifate, cookkoo, dinqisiise, duâ€™aa, fuula, hoâ€™a, jaanjaâ€™uu, komachuu, kufrii, maal, qaanaâ€™e, rakkisaa, sochii qaamaa, sun maraatummaa
ğŸ¥º	araara, fuula kadhannnaa, gadda, ija buchillaa, ija gurguddaa, kadhachuu, maaliif hin taâ€™u, maaloo, mee maaloo
ğŸ¥¹	dinqisiifannaa, gadda, galfata, gara-laafina, imimmaan gammachuu, maaloo, miira, rifaatuu
ğŸ˜¦	aarii, afaan, ajaaâ€™ib, banaa, fuula, fuula mufataa afaan banaa waliin, maal, nahaa, waan hin eegamne
ğŸ˜§	ajaaâ€™ibsiisaa, cinqame, dhiphate, dinqii, fuula, fuula dhiphinaa, gammachuu dhabuu, irraanfachuu, maal, sodaachisaa, sodaachuu
ğŸ˜¨	cinqamuu, fuula, fuula sodaa qabu, komachuu, sodaa, sodaachisaa, sodaachuu, sodaate, yaaddoo
ğŸ˜°	afaan, ariifannaa, banaa, cuquliisa, dafquu, diilalla, fuula, fuula afaan banaa & dafqa qabbanaawaa, nahuu, rifachuu
ğŸ˜¥	dafqa, furame, fuula, fuula mufate garuu boqonnaa argate, gaddisiisaa, jalaa bahuu, mufate, uuff, walxaxaa, yaaddaâ€™aa, yeroo kana miti
ğŸ˜¢	booâ€™uu, dhabuu, fuula, fuula booâ€™u, gaddisiisaa, gammachuu dhabuu, imimmaan, jibbisiisaa, miira
ğŸ˜­	booâ€™icha, booâ€™uu, fuula, fuula sagalee guddaadhaan booâ€™aa jiru, gadda, gammachuu dhabuu, imimmaan
ğŸ˜±	caraanuu, dinqisiifachuu, fuula, fuula sodaan iyyu, habbuuquu, iyyuu, rifate, sodaa, sodaachisaa, sodaachuu
ğŸ˜–	aare, bitaa galaa, burjaajaâ€™e, fuula, gadduu, itti bitaachaâ€™e, itti dhagaaâ€™amuu, mogoleen buute, mufate, naasuu, yaaddaâ€™e
ğŸ˜£	ciniinnachuu, fuula, fuula obsaa, mataa bowwoo, obsuu, qabxii xiyyeeffannoo, xiyyeeffachuu, xiyyeeffannoo
ğŸ˜	fuula, gadda, gaddisiisaa, gammachuu dhabuu, jibbisiisaa, komachuu, kufaatii, moâ€™amuu, mufate
ğŸ˜“	dafqa, diilalla, fuula, fuula dafqa qorraa qabu, gaddisiisaa, mataa bowwoo, miira, sodaa, sodaate, sun dhiyoo ture
ğŸ˜©	beelaâ€™uu, booâ€™uu, dadhabbii, dadhabuu, fuula, gadda, gammachuu dhabuu, hirriibaan qabamuu, kufuu, lakki, maraataa, miira
ğŸ˜«	baasii, dadhabuu, fuula, fuula dadhabbii, gadda, haxxiffachuu, hirriiba, miira
ğŸ¥±	dadhabuu, fuula, fuula hamuummataa, halkan, halkan gaarii, hamuummachuu, hirriiba, hirriiba rafuu, hirriibaan qabamuu, muukaâ€™uu, waanuma fedhe, yeroo ciisichaa
ğŸ˜¤	aara, aara aarsuu, aarii, aarii garmalee, dheekkamsa, fuula, fuula aara funyaaniin yaasu, gammachuu dhabuu, maraachuu, miira, mufate
ğŸ˜¡	aarii, aaruu, dheekkamsa, fuula, gaaddisa, gammachuu dhabuu, hidhii xuuxuu, maraachuu, maraataa, miira, mufachuu
ğŸ˜ 	aarii, aaruu, dheekkamsa, fuula, hamileen buâ€™uu, komachuu, maraachuu, maraataa, miira, mufachuu
ğŸ¤¬	aare, abaaruu, arrabsuu, fuula mallattoolee afaaniiraa qabu, gulaaluu, maraataa
ğŸ˜ˆ	fuula, fuula qummaadu fi gaanfa qabu, gaaddisa, gaanfa, hammeenya, minaaba, oduu durii, qummaaduu, sheekkoo
ğŸ‘¿	abjuu, fuula, fuula aarii gaanfa qabu, gaaddisa, hamaa, jeequmsa, jinnii, oduu durii, seexana, sheekkoo
ğŸ’€	bulguu, buqqee sammuu, duâ€™a, duâ€™aa, fuula, oduu durii, qaama
â˜ ï¸	bulguu, buqqee mataa, buqqee mataa fi lafee walqaxxaamuraa, duâ€™a, duâ€™aa, lafee
ğŸ’©	bobbaa, bulguu, fuula, kofalchiisaa, urgaaâ€™aa, urgooftuu
ğŸ¤¡	fuula, nama qoosu
ğŸ‘¹	Jaappaan, abjuu, bulguu, fuula, golgituu fuulaa, seexana, sheekkoo, sodaachisaa, uumama
ğŸ‘º	Jaappaan, aaruu, abjuu, bulguu, fuula, golgituu fuulaa, hammeenya, oduu durii, sheekkoo, uumama
ğŸ‘»	abjuu, bulguu, ekeraa, fuula, gammaduu, gowwaa, haalowiinii, hawwisiisaa, oduu durii, sodaachisaa, uumama
ğŸ‘½ï¸	abjaata, alagaa, bulguu, fuula, hawwaa, lafaan ala, oduu durii, uumama, yuufoo
ğŸ‘¾	abjuu, alagaa, bineensa alagaa, bulguu, fuula, hawaa, oduu durii, sheekkoo, tapha, taphataa, taphoota, uumama, weerartoota hawaa
ğŸ¤–	bulguu, fuula, roobootii
ğŸ˜º	adurree, afaan, banaa, bashoo, beeylada, fuula, fuula adurree seeqxu fi afaan banaa, qummaaduu
ğŸ˜¸	adurree, beeylada, fuula, ija, kolfuu, qummaaduu, seequu
ğŸ˜¹	adurree, beeylada, fuula, fuula adurree fi imimmaan gammachuu, gammachuu, imimmaan, kolfuu
ğŸ˜»	adurree, bineelda, fuula, fuula adurree kolfaa jiruu fi ija ofirraa onnee qabu, ija, jaalala, kolfa, onnee
ğŸ˜¼	adurree, beeylada, fuula, fuula adurree kolfa qoosaa, kofalchiisaa, qoosaa, qummaaduu
ğŸ˜½	adurree, bineelda, dhungoo, fuula, fuula adurree ija cufattee dhungachaa jirtu, ija
ğŸ™€	adurree, ajaaâ€™ibsiifamuu, bineelda, dadhabbii, fuula, fuula adurree dadhabdee, oh
ğŸ˜¿	adurree, beeylada, booâ€™uu, fuula, fuula adurree boossuu, gadda, imimmaan
ğŸ˜¾	adurree, adurree hidhii gatte, beeylada, fuula, hidhii gatuu
ğŸ™ˆ	bineensa, dhoksuu, dhorkaa, fuula, hammeenya, hammeenya tokkollee hin argin, iccitii, ilaali, ilaaluu dadhabuu, irraanfate, jaldeessa, lakki, qaanaâ€™e, sodaate, yaa rabbi
ğŸ™‰	bineensa, caqasuu, dhagaâ€™uu, dhorkaa, fuula, gurra, hammeenya, hammeenya hin dhagaâ€™iin, iccitii, jaldeessa, lakki
ğŸ™Š	bineensa, callisuu, dhorkaa, dubbachuu, fuula, hamaa hin dubbatiin, hammeenya, iccitii, lakki, mallattoo agarsiisuu, miti, qamalee
ğŸ’Œ	ergaa, jaalala, keennaa kaardii guyyaa jaalalleewwanii ergamu, onnee, taatee jaalalaa, xalayaa, xalayaa jaalalaa
ğŸ’˜	143, guyyaa jaalalleewwanii, jaalala, jaallee, miira, onnee, onnee xiyya waliin, xiyya
ğŸ’	143, ayyaaneffannaa, dhungoo, hidhaa, miira, onnee, onnee hidhaa qabu
ğŸ’–	143, dhungoo, gammaduu, ganama, halkan gaarii, ibsuu, miira, onnee, onnee ifu
ğŸ’—	143, dhungoo, gammachuu, guddachaa, miira, onnee, onnee dabalaa jiru, rukuttaa onnee
ğŸ’“	143, dhahannaa, jaalala, kaardiyoo, miira, onnee, onnee dhahatu, sin jaalladha
ğŸ’	143, ayyaaneffannaa, jaallatamaa, miira, naannaâ€™uu, onnee, onnee naannaâ€™u
ğŸ’•	143, ayyaana, dhungoo, jaalala, jaalala jalqabuu, jaallachuu, miira, onnee, onnee lama, onneewwan, sin jaalladha
ğŸ’Ÿ	143, faaya onnee, miira, onnee, onnee adii, onnee diimaa-cuquliisa
â£ï¸	mallattoo, mallattoo raajeffannoo, mallattoo raajeffannoo onnee furdaatiin, sirna tuqaalee
ğŸ’”	cabaa, cabuu, caccabe, gaddisiisaa, kophaa, miira, onnee cabaa, onnee cabe
â¤ï¸	jaalala, miira, onnee, onnee diimaa
ğŸ©·	adda, akka, jaalala, jaallatamaa, miira, miâ€™aawaa, onnee, piinkii, sin jaalladha
ğŸ§¡	burtukaana, onnee burtukaana
ğŸ’›	143, jaalala, kan onnee, keelloo, miira, onnee keelloo
ğŸ’š	143, jaalala, magariisa, miira, onnee, onnee magariisaa
ğŸ’™	143, cuquliisa, jaalala, miira, onnee, taatee jaalalaa
ğŸ©µ	addaa, akka, cuquliisa-magariisaâ€™aa, ifa cuquliisa, jaalala, miidhagduu, miira, onnee, samii cuquliisa, sin jaalladha
ğŸ’œ	143, diimaa-cuquliisa, jaala caalu, jaalala, miira, onnee
ğŸ¤	magaala, onnee
ğŸ–¤	gadhee, gurraacha, hammeenya, onnee
ğŸ©¶	addaa, daalacha, jaalala, meetii, miira, onnee, sin jaalladha
ğŸ¤	adii, onnee
ğŸ’‹	dhungoo, hawwisiisaa, hidhii, jaalala jalqabuu, mallattoo dhungoo, miira, onnee, taatee jaalalaa
ğŸ’¯	100, a+, amanamaa, dhibba, dhugaa, dhugaaâ€™umatti, guutuu, qabxii, waliingala
ğŸ’¢	aaruu, mallattoo aarii, maraataa, mufachuu, qoosaa
ğŸ’¥	boombii, dhohiinsa, dhukaâ€™uu, qoosaa, walitti buâ€™uu
ğŸ’«	balaqqisaa, komikii, naannessaa, urjii, urjii furguggifamaa
ğŸ’¦	bishaan, copha, copha dafqaa, dafqa, dhangalaâ€™aa, dhangalaâ€™uu, kofalchiisaa, sochii qaamaa
ğŸ’¨	aara, deeme, dhuufuu, duumessa, fiiguu, kofalchiisaa, saffisaa
ğŸ•³ï¸	boolla, qaawwa, uraa
ğŸ’¬	afuuffee, afuuffee dubbiii, barreeffama, barreessuu, dubbachuu, dubbii, erga gabaabaa, ergaa, haasaa, qoosaa
ğŸ‘â€ğŸ—¨	ija, ragaa baatuu
ğŸ—¨ï¸	afuuffee dubbii bitaa, dubbii, waliin dubbii
ğŸ—¯ï¸	aarii, afuuffee, cabaquu, hoomacha, kobba, maraatuu
ğŸ’­	abjuu, abjuu guyyaa, afuuffee, afuuffee yaadaa, duumessa, fedhuu, kaartuunii, kalaqa, kalaquu, murtoo, qalbeeffachuu, qoosaa, yaada, yaaduu
ğŸ’¤	dadhabe, halkan, halkan gaarii, hirriibni qabe, qoosaa, rafuu
ğŸ‘‹	booda, harka, harka raasuu, heloo, jirtaa?, nagaa wal gaafachuu, nagaatti
ğŸ¤š	harka duubaa, ol baasuu
ğŸ–ï¸	dhaabi, harka, harka olqabame quba gargar facaâ€™e waliin, quba
âœ‹ï¸	dhaabuu, harka, harka ol baafame, olâ€™aanaa shan, shan
ğŸ––	harka, nagaa gaafachuu, quba
ğŸ«±	anaa dhufu, dhaqqabuu, harka, harka fuudhuu, harka mirgaa, qabuu
ğŸ«²	anaa dhufu, dhaqqabuu, harka, harka bitaa, harka fuune, qabuu, waliigaltee
ğŸ«³	gati, harkaa bahe, kaasi, kufe
ğŸ«´	fidi, hin beeku, koottu, natti himi, qabi
ğŸ«·	dhaabuu, dhiibuu, diduu, eeguu, gara bitaa, harka, qabuu, shan rukutuu, ugguruu, yeroof dhaabuu
ğŸ«¸	dhaabuu, dhiibuu, diduu, eeguu, gara mirgaa, harka, qabuu, shan rukutuu, ugguruu, yeroof dhaabuu
ğŸ‘Œ	TOLE, dhuguma, gaarii, harka, miâ€™aawaa, naa gale, qimmiiddaa, sadii, tole
ğŸ¤Œ	cortuu, harka, kolfi, obsa, qabi
ğŸ¤	bicuu, gosa, hanga xiqqoo, harka qunxuuxuu, quboota, xiqqoo
âœŒï¸	harka, harka injifannoo, moâ€™icha, nagaa, v
ğŸ¤	carraa, harka, quba, quba walqaxxaamuraa, walqaxxaamura
ğŸ«°	harka, jaalala, maallaqa, onnee, qaalii
ğŸ¤Ÿ	harka, mallattoo sin jaalladhaa, quboota sadi, sin jaalladha
ğŸ¤˜	gaanfa, harka, mallattoo gaanfaa, quba
ğŸ¤™	bilbila, harka, waamuu
ğŸ‘ˆï¸	bitaa, dugda harkaa, dugda harkaa bitaatti quba qabaa, harka, quba, quba akeektuu, quba itti qabuu
ğŸ‘‰ï¸	akeektuu, duuba harkaa, harka, mirga, qabxii, quba, quba akeektuu duuba harkaa gara mirgaa akeeku, tuqaa
ğŸ‘†ï¸	akeektuu, akeektuu harka duubaa ol akeeku, gubbaa, harka, harka duubaa, qabxii, quba
ğŸ–•	harka, quba, quba gidduu
ğŸ‘‡ï¸	akeektuu, gadi, gajjallaa, harka, harka duubaa, qabxii, quba, quba akeektuu harka duubaa gadi akeeku
â˜ï¸	harka, kana, ol, quba, quba akeektuu, quba itti qabuu
ğŸ«µ	agarsiisuu, akeekuu, ati, harka, quba
ğŸ‘ï¸	+1, abbudduu, abguddoo, baayâ€™ee gaarii, bareeda, dhuguma, gaarii, harka, tole
ğŸ‘ï¸	-1, abbudduu, abbudduu gadi qabuu, badaa, gaarii miti, gadi, harka, jibbuu, lakki
âœŠï¸	abboottee ol qabame, aboottee, harka
ğŸ‘Š	aboottee, harka, obboleessoo, shakkii malee, sirrii, waliigaluu
ğŸ¤›	aboottee, gara bitaa
ğŸ¤œ	gara mirgaatti, tuttummuu
ğŸ‘	baayâ€™ee gaarii, baga gammaddan, baga gammadde, gaarii, gammadaa, harka, harka walitti rukutuu, hojii boonsaa, kadhata, mirkaneessa
ğŸ™Œ	ayyaaneffannaa, galateeffachuu, harka, harka baasuu, mallattoo, ol qabamaa
ğŸ«¶	harka, jaalala, onnee, sin jaaladha
ğŸ‘	banaa, haammannaa, harka, harka diriiraa, harka jaazii, jallataa
ğŸ¤²	barruu harkaa olqabuu, hawwii, kadhadhu, kadhannaa
ğŸ¤	harka, harka wal fuudhuu, walgaâ€™ii, waliigaltee
ğŸ™	eebbifami, gaafachuu, galata, galatoomi, gombifamuu, harka, harka dachaâ€™aa, kadhannaa, kadhata, maaloo, mallattoo, shan
âœï¸	barreessuu, harka, harka barreessu, katabuu
ğŸ’…	bareechistuu, halluu qeensaa, kunuunsa, na gaheera, nuffii, qeensa, waan feâ€™e
ğŸ¤³	bilbila, kaameraa, ofii suuraa kaâ€™uu
ğŸ’ª	cimaa, dabalachuu, irree, jabaa, jiimii, maashaa, qaama, qaama ijaaraa, ulfaatina kaasuu
ğŸ¦¾	dhaqqabummaa, harka nam-tolchee, qaama nam-tolchee
ğŸ¦¿	dhaqqabummaa, miila nam-tolchee, qaama nam-tolchee
ğŸ¦µ	dhiituu, faana miilla, jilba, luka, miila, miila dachaâ€™e
ğŸ¦¶	dhiituu, faana, humnaan dhiituu, koronyoo, quba miilaa
ğŸ‘‚ï¸	caqasuu, dhagaâ€™uu, dhageettii, dhaggeeffachaa jira, dhaggeeffachuu, gurra, qaama, sagalee
ğŸ¦»	dhagaâ€™uu dadhabuu, dhaqqabummaa, gurra meeshaa gargaarsa dhageettii waliin
ğŸ‘ƒ	foolii, funyaan, qaama, suufa
ğŸ§ 	qaroo, qaxalee, sammuu
ğŸ«€	dhahannaa, diimaa, kutaa qaamaa, onnee, onnee dhugumaa
ğŸ«	hafuura baafannaa, somba, sombawwan
ğŸ¦·	adii, albuuda, deentistii, ilkaan
ğŸ¦´	iskeleetonii, lafee, lafeewwan, saree
ğŸ‘€	fuula, ija, ilaali, ilaaluu, qaama, xiyyeeffannaan ilaaluu
ğŸ‘ï¸	ija, ija 1, ija tokko, qaama
ğŸ‘…	arraabuu, arraba, qaama
ğŸ‘„	afaan, bareedina, dhungachuu, dhungoo, hidhii, miidhagina, qaama
ğŸ«¦	aarii, ciniinuu, dhungoo, hidhii, yaaddaâ€™uu
ğŸ‘¶	daaâ€™ima, daaâ€™imawwan, finna, ijoollee, mucaa, ol adeemaa, ulfa
ğŸ§’	daaâ€™ima, dargaggeessa, ijoollee, koorniya-malee
ğŸ‘¦	guddataa, ilma, mucaa dhiiraa, ol adeemaa
ğŸ‘§	baangisii, dubartii, guddattuu, ija ifaa, intala, mucaa dubaraa
ğŸ§‘	gaâ€™eessa, koorniya-malee
ğŸ‘±	dhala namaa, gubbaan diriiraa, nama, nama rifeensa diimaa qabu, namana, rifeensa diimaa
ğŸ‘¨	hiriyyaa, ilma, jaalallee, nama, obboleessa
ğŸ§”	areeda, nama areeda qabu
ğŸ‘©	biloondii, dubara, dubartii, sirreessa rifeensa mataa
ğŸ‘±â€â™€	dubartii, rifeensa diimaa
ğŸ§“	dulloomaa, gaâ€™eessa dulloomaa, koorniyaa-malee
ğŸ‘´	akaakayyuu, dulloomaa, jaarsa, maanguddoo, moluu, nama dulloomaa, namicha, ogeessa, rifeensa dhabuu
ğŸ‘µ	akkoo, diimaa, dubartii, dubartii dulloomtuu, dulloomaa, gamna, rifeensa muraa badaa
ğŸ™	aaruu, dubartii mufatteettu, jeeqamuu, mallattoo, mufannaa, nama komii qabu, nama nyaara gudunfeeru
ğŸ™â€â™‚	aaruu, fuula guure, mufachuu, mufate, namicha fuula guure
ğŸ™	aarii, caraanuu, dubartii iyyaa jirtu, iyyuu, mallattoo, nama iyyaa jiru
ğŸ™â€â™‚	hidhii rarraasuu, namicha hidhii rarraasu
ğŸ™…	LAKKI, dhorkamaa, dubartii mallattoo LAKKI agarsiistu, harka, lakki, mallattoo, nama mallattoo LAKKI agarsiisu
ğŸ™…â€â™‚	dhorkaa, dhorkamaa, harka, lakkii, miti, namicha LAKKI jedhee harkaan agarsiisu
ğŸ™†	TOLE, dubartii mallattoo TOLE agarsiiftu, harka, mallattoo agarsiisuu, nama mallattoo TOLE agarsiisu, sochii qaamaa gochuu, sochoâ€™uu, yaa rabbi
ğŸ™†â€â™‚	TOLE, harka, mallattoo agarsiisuu, namicha TOLE jedhee agarsiisu, sochii qaamaa gochuu, yaa rabbi
ğŸ’	gargaarsa, gorsa, hamii, harka, nama harka afarsu, odeeffannoo, rifeensa filamaa, saasii
ğŸ’â€â™‚	diivaa, fiduu, gargaaruu, hamachuu, harka, odeeffannoo, qoosaa, waan fedhe
ğŸ™‹	ana, asin jira, dubartii harka olqabdu, gaaffii, harka, harka baasuu, nama harka olqabu, nan beeka
ğŸ™‹â€â™‚	ana, beeka, gaaffii, harka, mallattoo harkaa, nama harka ol baasu, namicha harka ol baasu, ol baafame
ğŸ§	dhagaâ€™uu, dhagaâ€™uu kan dandeenye, dhaqqabummaa, gurra, nama dhagaâ€™uu hin dandeenye
ğŸ™‡	dhiifama, dhiifama gaafachuu, gaabbbuu, gaabbuu, mallattoo agarsiisuu, nama sagadaa jiru, namicha sagadaa jiru, sagaduu, xiinxaluu
ğŸ™‡â€â™€	dhiifama, dubartii sagaddu, mallattoo qaamaan agarsiisuu, qomaâ€™uu, sagaduu
ğŸ¤¦	aarii, amanuu dhabuu, barruu fuulaa, hin taâ€™u malee, lammataa hin taâ€™iin, nama, rifaatuu, yaa uumaakoo
ğŸ¤¦â€â™‚	aarii garmalee, akka wallaaluu, amanuu dhabuu, gadda, illee qabachuu, namicha
ğŸ¤¦â€â™€	aarii garmalee, akka wallaaluu, amanuu dhabuu, dubartii, illee qabachuu, ya waaqa koo
ğŸ¤·	ani hin beeku, maaltu beeka, nama, shakkii, tarii, wallaaluu
ğŸ¤·â€â™‚	ani, dhibaaâ€™uu, hin beeku, maal dhibdee, maal na galche, namicha, shakkii, wallaalummaa
ğŸ¤·â€â™€	ani, beekuu dhabuu, dhibaaâ€™uu, dubartii, hin beeku, maal dhibdee, shakkii, wallaalummaa
ğŸ‘¨â€âš•	doctora, eegumsa fayyaa, namicha, narsii, ogeessa yaalaa, teraappiistii
ğŸ‘©â€âš•	doktora, dubartii, eegumsa fayyaa, narsii, ogeettii yaalaa, teraappiistii
ğŸ‘¨â€ğŸ“	barataa, dhiira, eebbifamaa
ğŸ‘©â€ğŸ“	barattuu, dubartii, eebbifamtuu
ğŸ‘¨â€ğŸ«	barsiisaa, dhiira, pirofeesera
ğŸ‘©â€ğŸ«	barsiistuu, dubartii, pirofeesera
ğŸ‘¨â€âš–	abbaa murtii, haqa, madaala, namicha
ğŸ‘©â€âš–	dubartii, haadha murtii, haqa, madaala
ğŸ‘¨â€ğŸŒ¾	horsiisee bulaa, nama biqiltuu dhaabu, namicha, qotee bulaa
ğŸ‘©â€ğŸŒ¾	dubartii, hojjettuu gorduubaa, horsiistee bultuu, qonnaan bultuu
ğŸ‘¨â€ğŸ³	bilcheessuu, dhiira, nama nyaata bilcheessu, sheefii
ğŸ‘©â€ğŸ³	dubartii, nyaata bilcheessuu, sheefii
ğŸ‘¨â€ğŸ”§	daldalaa, dhiira, mekaanikii, ogeessa eleektirikii, ogeessa hojii ujummoo
ğŸ‘©â€ğŸ”§	daldaltuu, dubartii, mekaanikii, ogeettii hojii eleektirikaa, ogeettii hojii ujummoo
ğŸ‘¨â€ğŸ­	dhiira, hojjetaa, industirii, walgaâ€™ii, warshaa
ğŸ‘©â€ğŸ­	dubartii, hojjettuu, industirii, walgaâ€™ii, warshaa
ğŸ‘¨â€ğŸ’¼	dhiira, hoogganaa, ogeessa arkitikchera, waajjira
ğŸ‘©â€ğŸ’¼	arkiteektii, daldala, dubartii, hooggantuu, waajjira
ğŸ‘¨â€ğŸ”¬	dhiira, hayyuu fiiziksii, injiinara, ogeessa herreegaa, ogeessa kemistirii, qorataa baayoloojii, saayintistii
ğŸ‘©â€ğŸ”¬	dubartii, hayyuu fiiziksii, hayyuu herreegaa, injiinera, qorattuu, qorattuu kemistirii, qorattuu lubbu qabeeyyii, saayintistii
ğŸ‘¨â€ğŸ’»	argataa, dhiira, ijaaraa, kompiitera, koodii uumaa, moosaajii, ogeessa teknoloojii
ğŸ‘©â€ğŸ’»	argattuu, dubartii, ijaartuu, kompiitera, koodii uumtuu, moosaajii, ogeessa teknoloojii
ğŸ‘¨â€ğŸ¤	bashannansiisaa, dhiira, sirbituu, taâ€™aa
ğŸ‘©â€ğŸ¤	bashannansiistuu, dubartii, sirbituu, taatuu
ğŸ‘¨â€ğŸ¨	artistii, bakka irratti fakkii kaasan, dhiira
ğŸ‘©â€ğŸ¨	artistii, dubartii, paaleetii
ğŸ‘¨â€âœˆ	namicha, paayileetii, xiyyaara
ğŸ‘©â€âœˆ	dubartii, paayileetii, xiyyaara
ğŸ‘¨â€ğŸš€	astiroonaatii, hawaa, nama, rookkeettii
ğŸ‘©â€ğŸš€	astiroonaatii, dubartii, hawaa, rookkeettii
ğŸ‘¨â€ğŸš’	dhiira, hojjetaa balaa ibiddaa, konkolaataa balaa ibiddaa
ğŸ‘©â€ğŸš’	dubartii, hojjettuu balaa ibiddaa, konkolaataa balaa ibiddaa
ğŸ‘®	dhiira, poolisii dhiira, poolisii hojiirra jiru, poolisiii, qondaala, qondaala poolisii
ğŸ‘®â€â™€	dubartii, poolisii, qondaala
ğŸ•µï¸	basaasaa, namicha, qorataa yakkaa
ğŸ•µâ€â™€	qorataa, saajin
ğŸ’‚	heelmeentii, landan, masaraa baakingaam, waardiyyaa
ğŸ’‚â€â™€	barneexxaa jabaa, dubartii, eegduu, landaan, masaraa mootummaa baakingiim, waardiyyaa
ğŸ¥·	iccitii, lola, loltuu, lubbuu baasaa, nama, niinjaa, waraana
ğŸ‘·	golgaa mataa, helmeetii, hojii, hojjetaa, hojjetaa ijaarsaa, ijaarsa, ijaaruu, koffiyyaa, nama
ğŸ‘·â€â™€	barneexxaa, barneexxaa jabaataa, dubartii, hojii, hojjettuu, hojjettuu ijaarsaa, ijaarsa
ğŸ«…	giiftii, giiftii duree, gonfoo, mootii, mootummaa gonfoo, sanyii mootii
ğŸ¤´	mootii, sanyii mootii
ğŸ‘¸	abjaata, giiftii, gonfoo, intala mootii, oduu durii
ğŸ‘³	dhiira shaashii hidhateeru, nama shaashii hidhateeru, shaashii, turbaanii
ğŸ‘³â€â™€	dubartii shaashii maratte, shaashii
ğŸ‘²	barneexxaa, namicha, namicha barneexxaa chaayinaa godhate
ğŸ§•	bandaanaa, dubartii mataa haguuggatte, hiijaabii, mantiilaa, marata mataa, shaashii mataa, tiicheelii
ğŸ¤µ	dhirsa misirroo, idilee, namicha, taksiidoo
ğŸ‘°	cidha, haguuggii, misirroo, misirroo haguuggii qabdu
ğŸ¤°	dubartii, ulfa
ğŸ«ƒ	haadha, ulfa, ulfaaâ€™uu, ulfeessuu
ğŸ«„	deessuu, haadha, quufa, ulfa
ğŸ¤±	daaâ€™ima, harma, harma hoosisuu, kunuunsuu
ğŸ‘©â€ğŸ¼	aayyoo, daaâ€™ima, guddisee, haadha, harmee, jaalala, mucaa, nama, sooruu
ğŸ‘¨â€ğŸ¼	abbaa, daaâ€™ima, dhiira, guddisee, jaalala, mucaa, nama, namicha, sooruu
ğŸ§‘â€ğŸ¼	abbaa, daaâ€™ima, dubartii, guddisee, harmee, mucaa, nama, namicha, sooruu
ğŸ‘¼	abjaataa, ergamaa, ergamaa daaâ€™ima, fuula, mana sagadaa, mucaa, oduu durii
ğŸ…	Ayyaana Qillee, Gannii, Saantaa Kiloos, abbaa, ayyaana qillee, ayyaaneffannaa, kabaja, oduu durii, saantaa
ğŸ¤¶	Ayyaana Qillee, Gannii, ayyaaneffannaa, kabaja
ğŸ§‘â€ğŸ„	ayyaana, gonfoo, kiriismaasii, kiriistmaasii, meerii kiriismaasii, nama, saantaa, saantaa kilaawus, saantii
ğŸ¦¸	baatmaan, gaarii, goota, goota gootaa, humnoota olâ€™aanoo, suppeermaan
ğŸ¦¹	amajaajii, gadhee, hammeenya, humna olâ€™aanaa, humnoota olâ€™aanoo, jallina, jallinaa hamaa, nama, yakkamaa
ğŸ§™	abjuu, falfala, falfalaa, falfaltuu, yaami
ğŸ§š	abjuu, baallee, hawwii, sheekoo
ğŸ§›	amajaajii, bulguu, dhiiga, ekeraa, haaloweenii, ilkee, sodaachisaa
ğŸ§œ	afoola, eeboo fiixee sadii, meermeen, meermeeyid, meerpeersen, meerwuumeen, oduu durii, sheekkoo, uumama galaanaa, xurumbaa
ğŸ§	abjuu, falfala, falfaltuu, hawwii
ğŸ§	abjuu, hawwii, nam-jeenii
ğŸ§Ÿ	ekeraa, haaloweenii, sodaachisaa, zoombee
ğŸ§Œ	bulguu
ğŸ’†	aara galfachiisaa, aara galfadhu, cinqii, dubartii masaajii fudhattu, fuula, mana miidhaginaa, masaajii, mataa bowwoo, mataa dhukkubbii, nama masaajii fudhatu
ğŸ’†â€â™‚	aara-galfii, cinqii, fuula, mana miidhaginaa, masaajii, mataa bowwoo, mataa dhukkubbii, namicha masaajii fudhatu, tasgabbeessuu
ğŸ’‡	bareedina, dubartii rifeensa murattu, mana rifeensaa, miidhagina, nama rifeensa muratu, rifeensa, rifeensa murachuu
ğŸ’‡â€â™‚	mana rifeensaa, miidhagina, nama rifeensa murachaa jiru, rifeensa, rifeensa murachuu
ğŸš¶	deemsa, deemsa miilaa, deemuu, lafoo deemaa, nama miilaan deemaa jiru
ğŸš¶â€â™€	deemsa, deemsa miillaa, deemuu, dubartii deemaa jirtu, nama miilaan deemu, suuta deemuu, tarkaanfachuu
ğŸ§	dhaabbachuu, dhaabbii, nama dhaabbate
ğŸ§	jilba, jilba kee irratti, jilbeenfachuu, jilbeenffachiisuu, nama jilbeenfate
ğŸ‘¨â€ğŸ¦¯	dhaqqabummaa, namicha, namicha ulee akeektuu qabu, qaro-dhabeeyyii
ğŸ‘©â€ğŸ¦¯	dhaqqabummaa, dubartii, dubartii ulee akeektuu qabdu, qaro-dhabeeyyii
ğŸ‘¨â€ğŸ¦¼	dhaqqabummaa, namicha, namicha wiilcheerii motoraan hojjetu irraa, wiilcheerii
ğŸ‘©â€ğŸ¦¼	dhaqqabummaa, dubartii, dubartii wiilcheerii motoraan hojjetu irraa, wiilcheerii
ğŸ‘¨â€ğŸ¦½	dhaqqabummaa, namicha, namicha wiilcheerii harkaa oofamu irraa, wiilcheerii
ğŸ‘©â€ğŸ¦½	dhaqqabummaa, dubartii, dubartii wiilcheerii harkaan oofamu irraa, wiilcheerii
ğŸƒ	ariifachuu, ariifadhu, ariifataa, ariitii, arreeduu, dhufaa jira, fiiguu, maraatoonii, nama fiigu, namicha fiigu, saffisa
ğŸƒâ€â™€	ariifachuu, ariifadhu, ariitii, dafi, dhufaa jira, dubartii fiigaa jirtu, fiigicha, maraatoonii, nama fiigu, saffisa
ğŸ’ƒ	dubartii, dubartii shubbisaa jirtu, haa shubbisnu, jila, miidhagaa, shubbisa, shubbistuu, shubbisuu, taangoo
ğŸ•º	bareedaa, dubartii, jila, nama shubbisaa jiru, shubbisa, shubbisaa, shubbisuu, tango
ğŸ•´ï¸	daldala, nama uffata daldalaa uffate, namicha, suufii
ğŸ‘¯	dubartii, gurra illeettii, illeettii, lakkuu, qophii, qophii irratti hirmaachuu, shubbistuu, walfakkaattuu
ğŸ‘¯â€â™‚	bashannanuu, dhiirota, gurra illeentii, lakkuu, qohii bashannanaa, shubbisaa
ğŸ§–	bashannana, ispaa, ispaa guyyaa, kutaa istiimii, qaalii, saawunaa
ğŸ§—	gaara, iskeelii, kattaa yaabbattuu, nama yaabbachaa jiru, ol yaabuu, yaabbachuu, yaabbattuu
ğŸ¤º	fenserii, fensii taphachuu, sootala
ğŸ‡	dorgommii, dorgommii fardaa, farda, gonfoo sadii, ispoortii, nama farda gulufu, yaabbachuu
â›·ï¸	cabbii, cabbiirra konkolaachisaa, nama cabbiirra konkolaachisu
ğŸ‚ï¸	cabbii, cabbiirra taphachuu, gabatee cabbiirra ittiin taphatan, ispoortii, nama cabbiirra taphatu
ğŸŒï¸	dhiira qillee taphataa jiru, golfii, kubbaa, nama qillee taphatu, qillee, tapha sululaa
ğŸŒâ€â™€	kubbaa, qeeraâ€™uu
ğŸ„ï¸	dambalii galaanaa qaxxaamuruu, dambaliiwwan, galaana, handaara galaanaa, ispoortii, nama dambalii galaanaa qaxxaamuru, namicha dambalii galaanaa qaxxaamuru, qarqara galaanaa, sarfiingii
ğŸ„â€â™€	dambalii, dubartii dambalii galaanaa irra deemtu, galaana, ispoortii, nama dambalii galaanaa irra deemu, qarqara galaanaa
ğŸš£	bidiruu, doonii, haroo, laga, nama bidiruu oofu, qurxummii kiyyeessuu, qurxummii qabuu
ğŸš£â€â™€	bidiruu, bidiruun bishaanirra deemuu, bidiruun qaxxaamuruu, dubartii bidiruun qaxxaamuraa jirtu, haroo, laga, qaxxaamuruu, qurxummii qabuu
ğŸŠï¸	bishaan daakuu, daaktuu, ispoortii, nama bishaan daaku, namicha bishaan daakaa jiru
ğŸŠâ€â™€	bishaan daaktuu, bishaan daakuu, dubartii bishaan daaktu, ispoortii
â›¹ï¸	atileetii, chaampiyoonii, darbannaa bilisaa, dhiira kubbaa utaalchisaa jiru, kubbaa, kubbaa fudhatanii darbuu, kubbaa kochoo, nama kubbaa utaalchisaa jiru, taphataa kubbaa kochoo
â›¹â€â™€	kubbaa
ğŸ‹ï¸	dhiira ulfaatina kaasaa jiru, ispoortii maashaa jabeessu, maashaa cimsuu, nama ulfaatina kaasaa jiru
ğŸ‹â€â™€	dubartii ulfaatina kaastu, jabeenya qaamaa, mana ispoortii, ol kaasuu
ğŸš´	biskileetii, ispoortii, nama biskileetii ariâ€™u, nama biskileetii oofu, oofuu
ğŸš´â€â™€	biskileettii, dubartii oofaa jirtu, ispoortii, nama biskileettii oofu, oofuu
ğŸšµ	atileetiksii, biskileettii, gaara, ispoortii, nama biskileettii gaara irra oofu, nama biskileettii oofu, namicha biskileettii gaara irra oofu, oofuu
ğŸšµâ€â™€	biskileettii, dubartii biskileettii gaara irra ooftu, gaara, ispoortii, nama biskileettii oofu, oofuu
ğŸ¤¸	gammachuu, gammaduu, garagaluu, jimiinaastikii, naannaâ€™uu, nama, siâ€™aawaa
ğŸ¤¸â€â™‚	gammadaa, ispoortii, namicha, siâ€™aawaa
ğŸ¤¸â€â™€	dubartii, gaggaragaluu, gammachuu, gammaduu, ispoortii, jiminaastikii, kaartiweelii, siâ€™ataa
ğŸ¤¼	dorgommii waldhaansoo, lola, namoota, waldhaansoo, wiirtuu waldhaansoo
ğŸ¤¼â€â™‚	dhiirota, dorgommii, lola, walâ€™aansoo, walâ€™aansoo qabuu, wiirtuu keessa
ğŸ¤¼â€â™€	dorgommii, dubartoota, lola, walâ€™aansoo, walâ€™aansoo qabuu, wiirtuu keessa
ğŸ¤½	nama
ğŸ¤½â€â™‚	Maarkoo, daakuu, dorgommii bishaan daaktuu, ispoortii bishaan daakuu, namicha
ğŸ¤½â€â™€	Maarkoo, bishaan daakuu, dorgommii bishaan irraa, dubartii, ispoortii bishaanii
ğŸ¤¾	atileetiksii, darboo, dirree, ispoortii, kubbaa, kubbaa harkaa, namicha, qabuu
ğŸ¤¾â€â™‚	ispoortii, kubbaa, kubbaa harkaa, namicha, taphachuu
ğŸ¤¾â€â™€	atileetiksii, darbachuu, dirree kubbaa, dubartii, ispoortii, kubbaa, kubbaa darbuu, kubbaa harkaa, qabuu, taphachuu
ğŸ¤¹	bulchuu, fiigicha, fiiguu, hojii baayâ€™ee, nama, qabuu, waa walmadaalchisuu
ğŸ¤¹â€â™‚	darbachuu, hojii baayâ€™ee, hojii madaala eeguu, namicha, qabuu, taphachuu, toâ€™achuu
ğŸ¤¹â€â™€	dubartii, hojii baayâ€™ee
ğŸ§˜	bashannana, miila walqaxxamure, nagaa, xiinxaluu, yoogaa
ğŸ›€	dhagna dhiqachuu, gabatee, gabatee dhiqannaa, nama dhaqna dhiqatu
ğŸ›Œ	ciisuu, hirriba, hoteela, muguu, nagaan buli, nama sireerra jiru, rafuu, siree, yeroo itti rafan
ğŸ§‘â€ğŸ¤â€ğŸ§‘	harka, harka walqabachuu, jaalalleewwan, nama, namoota harka walqabatan, qabachuu
ğŸ‘­	buchoo, dubartii, harka, hiriyyaa lubbuu, hiriyyoota, jaalala jalqabuu, jaalalleewwan, lakkuu, michuu, obboleettiiwwan, qabadhu, shamarran, wal ababbaluu
ğŸ‘«	abbaa manaa fi haadha manaa, dhiira, dhiiraa fi dubara harka walqabatan, dubartii, hariiroo jaalalaa, hiriyyaa, jaallee, nama hunda, wal jaallachuu
ğŸ‘¬	dhiira fi dhiira, dhiirota, dhiirota lama harka walqabatan, harka, hiriyyaa, hiriyyoota, jaalala jalqabuu, jaalalaan qabamuu, jaalalleewwan, lakkuu, maatii, nama kamiyyuu, namicha, namicha fi namicha, qabuu, zodiyaakii
ğŸ’	abbaa manaa fi haadha manaa, dhungoo, jaalala, jaalalleewwan, nama, waliin jiraachuu
ğŸ’‘	abbaa manaa fi haadha manaa, hariiroo jaalalaa, jaalala, jaalallee, nama, sin jaalladha, waliin jireenya
ğŸ—£ï¸	dubbachuu, dubbii, fakkii, fuula, mataa, mataa dubbachaa jiru
ğŸ‘¤	fakkii, gaaddidduu, icciitii, qoma
ğŸ‘¥	hiriyyaa, hiriyyoota, nama hunda, namoota
ğŸ«‚	haammachuu, haammadhu, hiriyummaa, jaalala, jajjabina, nagaa dhaamuu, wal haammachuu
ğŸ‘ªï¸	daaâ€™ima, maatii, mucaa
ğŸ‘£	ashaaraa, ashaaraa miillaa, deemsa, miilla qullaa, uffata
ğŸµ	bineensa, fuula, muuzii, qamalee
ğŸ’	bineensa, jaldeessa, muuzii
ğŸ¦	bineensa, gorillaa
ğŸ¦§	bineelda, jaldeessa, oraangutaan, qamalee
ğŸ¶	beeylada, beeylada manaa, fuula saree, saree, xuuxillaa
ğŸ•ï¸	beeylada, beeylada manaa, beeyladoota, saree, saroota
ğŸ¦®	dhaqqabummaa, qajeelcha, qaro-dhabeessa, saree qajeelchituu
ğŸ•â€ğŸ¦º	dhaqqabummaa, gargaarsa, saree, tajaajila
ğŸ©	beeylada, rifeensa lallaafaa, saree
ğŸº	bineensa, fuula, yeeyyii
ğŸ¦Š	bineensa, fuula, sardiidoo, waangoo
ğŸ¦	beekuuf fedhuu, bineensa, haxxummaa, raakoon
ğŸ±	adurree, bashoo, beeylada manaa, bineelda, fuula, ilmoo adurree
ğŸˆï¸	adurree, beeylada, beeylada manaa, beeyladoota, ilmoo adurree
ğŸˆâ€â¬›	adurree, bashoo, bineelda, gurraacha, haalowiin, miwuu
ğŸ¦	ajaja leencaa, alfaa, barooduu, bineensa, fuula, fuula leencaa, jabaa, leenca, safarii
ğŸ¯	adamsaa, bineelda, fuula, fuula qeerransaa, qeerransa
ğŸ…	adamsaa, bineelda, qeerransa, zuu
ğŸ†	adurree guddaa, bineensa, bineensa adamsituu, bineensota, qeerransa, zuu
ğŸ´	beeylada, faradoo, farda, fardeen, fuula, fuula fardaa, guluffii, qonna
ğŸ«	bineensa, bosonuu, gaanfa, hosiftoota
ğŸ«	beeylada, gaangee, harree, hoosiftuu, mata-jabeessa
ğŸ	beeylada, dorgommii, dorgommii fardaa, farda, qonna
ğŸ¦„	fuula, yuunikoornii
ğŸ¦“	harre-diidoo, sarara, zeebiraa
ğŸ¦Œ	bineensa, bosonuu
ğŸ¦¬	bineelda, gafarsa
ğŸ®	aannan, beeylada, fuula, fuula saawwaa, marâ€™achuu, qonna, saawwa
ğŸ‚	bineelda, bineeldota, qonna, sangaa, tayuruus, zoodiyaak
ğŸƒ	bineensa, bineensota, bishaan, gafarsa, gafarsa bishaanii, zuu
ğŸ„	aannan, beeylada, beeyladoota, marâ€™achuu, qonna, saawwa
ğŸ·	bineelda, booyyee, foon booyyee, fuula, qonna
ğŸ–	baakonii, bineelda, bineeldota, booyyee, booyyee dhaltuu, foon booyyee, furdaa, qonna
ğŸ—	bineensa, booyyee, karkarroo, tapha gonfoo mootii
ğŸ½	bineensa, booyyee, funyaan, fuula, qonna
ğŸ	bineelda, gaanfa, hoolaa, korbeessa, xobbollaa, zuu
ğŸ‘	beeylada, dabbasaa lallaafaa, hoolaa, qonna, xobollaa
ğŸ	aannan, beeylada, beeyladoota, gonna, reâ€™ee
ğŸª	beeylada, gaala, gammoojjii, gooba, gooba tokko
ğŸ«	bineelda, dalluu, dalluu lama, gaala, gaala dalluu lama qabu, gammoojjii
ğŸ¦™	alpakaa, bineelda, guwaanaakoo, waaroo
ğŸ¦’	sattawaa, tuqaalee
ğŸ˜	arba, bineensa
ğŸ¦£	bineelda, maammoozii
ğŸ¦	bineensa, karkarroo
ğŸ¦›	bineensa, roobii
ğŸ­	bineensa, fuula, fuula hantuutaa, hantuuta
ğŸ	bineensa, bineensota, hantuuta
ğŸ€	bineelda, hantuuta
ğŸ¹	beeylada, beeylada manaa, fuula
ğŸ°	beeylada manaa, bineensa, fuula, illeentii
ğŸ‡	beeylada manaa, bineensa, bineensota, illeentii
ğŸ¿ï¸	illeettii
ğŸ¦«	biiveerii, bineelda, ilkaan
ğŸ¦”	heejhoog, ispaayinii
ğŸ¦‡	bineensa, simbira halkanii, vaampaayerii
ğŸ»	bineensa, damma, fuula, waangoo
ğŸ¨	awustiraaliyaa, bineensa
ğŸ¼	bineensa, fuula, leemmana, paandaa
ğŸ¦¥	dadhabaa, dhibaaâ€™aa, suutee
ğŸ¦¦	otteerii, qurxummii kiyyeessuu, taphachiisaa
ğŸ¦¨	iskuunkii, urgooftuu
ğŸ¦˜	Awustaraaliyaa, bineelda, jooyi, kangaaroo, marsuupiyaala, utaaluu
ğŸ¦¡	baajerii, baajerii dammaa, bineensa, peesterii
ğŸ¾	ashaaraa, ashaaraa faanaa, faana, miila
ğŸ¦ƒ	galateeffannaa
ğŸ”	beeylada, lukkuu
ğŸ“	beeylada, beeyladoota, kormaa lukkuu, simbirroolee
ğŸ£	bineelda, cuucii, hammachiisuu, hanqaaquu, ilmoo, simbirroo
ğŸ¤	bineelda, cuucii, ilmoo, simbirroo
ğŸ¥	bineelda, cuucii, ilmoo
ğŸ¦ï¸	bineelda, simbirroo
ğŸ§	antaartikaa, bineensa, peenguwaanii
ğŸ•Šï¸	balaliâ€™uu, bullaallaa, gugee, makoodii, nagaa, simbirroo
ğŸ¦…	allaattii, bineensa, risaa, simbirroo
ğŸ¦†	allaattii, bineensa, daakkiyyee, simbirroo
ğŸ¦¢	bineensa, simbirroo
ğŸ¦‰	beekaa, bineelda, hurunguu, simbirroo
ğŸ¦¤	bineelda, dooddoo, simbirroo
ğŸª¶	baallee
ğŸ¦©	filaamiingoo, tirooppikaala
ğŸ¦š	bineelda, boonaa, halluu adda addaa, of-agarsiisaa, piiheen, piikookii, simbirroo, simbirroo bareedduu
ğŸ¦œ	bineelda, haasaâ€™uu, paarotii, saamtota galaanaa, simbirroo
ğŸª½	aviyeeshinii, baallee, balaliâ€™uu, barrisuu, ergamaa, ol baâ€™uu, ol kaâ€™uu, qochoo, samii irraa, sheekkoo
ğŸ¦â€â¬›	biikii, bineensa, gurraacha, qurruu, simbirroo
ğŸª¿	bineensa, daakkiyyee, gowwaa, kormaa daakkiyyee, simbirroo, tuuta
ğŸ¦â€ğŸ”¥	abjuu, haaromsa, irra deebiin kalaquu, jijjiiramuu, kan hin duune, lammataa dhalachuu, mulâ€™achuu, ol kaâ€™uu, olbaâ€™uu, ulfina
ğŸ¸	bineensa, fuula, fuula raachaa, giiftii, raacha
ğŸŠ	bineensa, bineensota, filooriidaa, naacha, zuu
ğŸ¢	bineelda, qocaa
ğŸ¦	bineensa, lootuu, rippiitaayilii
ğŸ	bineensa, bofa, buutii, jawwee
ğŸ²	bineensa, diraagoonii, fuula, oduu durii, sheekkoo
ğŸ‰	abbaa lafaa, bineensa, goota, jawwee, kan chaayinaa, sheekkoo, tapha gonfoo mootii
ğŸ¦•	daayinoosarii
ğŸ¦–	daayinoosaarii
ğŸ³	bineelda, fuula, garba, ispaayutiingii, qarqara galaanaa, weelii
ğŸ‹	bineelda, galaana, handaara galaanaa, qurxummii galaanaa
ğŸ¬	bineelda, doolfiin, gaggaragalchaa, garba, qarqara galaanaa
ğŸ¦­	bineelda, galaana, leenca galaanaa
ğŸŸï¸	bineensa, irbaata, qurxummii, qurxummii qabuu, zodiyaak
ğŸ 	bineelda, qurxummii, qurxummiilee
ğŸ¡	bineelda, qurxummii, qurxummii afuuftuu
ğŸ¦ˆ	bineelda, qurxummii, shaarkii
ğŸ™	bineensa, galaana, uumama
ğŸš	bineelda, cilalluu, qarqara galaanaa, qola, qola maramaa
ğŸª¸	galaana, jijjiirama qilleensaa
ğŸª¼	akuwaariyaamii, bineensa, galaana, hidduu, jeelii, jeeliifiish, lubbu-qabeeyyii galaanaa, pilaankitoon
ğŸŒ	bineelda, cilalluu, qeâ€™ee biqiltuu, uumama
ğŸ¦‹	bareedduu, billaacha, ilbiisa
ğŸ›	bineensa, geergoo, iddoo biqiltuu, ilbiisa
ğŸœ	bineensa, goondaa, ilbiisa, qeâ€™ee biqiltuu
ğŸ	arfaasaa, bineensa, damma, ilbiisa, kanniisa, kanniisa daamuu, kanniisa dammaa, uumama
ğŸª²	bineelda, boombii, geergoo, ilbiisa
ğŸ	bineensa, boombii, iddoo biqiltuu, ilbiisa, uumama
ğŸ¦—	Ortoopteeraa, awwaannisa, geergoo, ilbiisa, kriikeetii
ğŸª³	bararoo, bineelda, ilbiisa
ğŸ•·ï¸	ilbiisa, sarariitii
ğŸ•¸ï¸	marsaa, sharariitii
ğŸ¦‚	qaajjibbuu, zodiyaak
ğŸ¦Ÿ	bookee busaa, busaa, ciniinuu, dhukkuba, hoâ€™isaa, ilbiisa, vaayirasii
ğŸª°	balaliâ€™uu, bineensa, ilbiisota, qaruuraa cuquliisa
ğŸª±	bineensa, raammoo, raammoo lafaa
ğŸ¦ 	ameebaa, baakteeriyaa, maayikiroobii, saayinsii, vaayirasii
ğŸ’	abaaboo, ayyaana, biqiltuu, guyyaa dhalootaa, jaalala, taatee jaalalaa
ğŸŒ¸	abaaboo, biqiltuu, birraa, cheerii, daraaraa, waqtii birraa
ğŸ’®	ilillii, ilillii adii
ğŸª·	Daraaraa, Habaaboo, ilillii, miidhagina, nagaa, tasgabbii
ğŸµï¸	biqiltuu, roozeetii
ğŸŒ¹	ayyaana qabeessa, biqiltuu, daraaraa, diimaa, ilillii jaalalaa, kaardii guyyaa jaalalleewwanii kennamu, miidhagina
ğŸ¥€	abaaboo, coologe, gogaa jira, ilillii
ğŸŒº	biqiltuu, daraaraa, hibiiskaas
ğŸŒ»	abaaboo, aduu, ala, biqiltuu, suufii
ğŸŒ¼	abaaboo, biqiltuu, daraaraa
ğŸŒ·	abaaboo, biqiltuu, daraaraa, guddachuu
ğŸª»	abaaboo, biqiltuu, birraa, daraaraa, diimaa-cuquliisa, ilillii, indigoo, miciree, vaayileetii
ğŸŒ±	biqilaa, biqiltuu, dargaggeessa
ğŸª´	Biqiltuu, bareechuu, xuwwee
ğŸŒ²	bosona, magariisaâ€™aa, muka, muka gaattiraa, muka kirrismaasii
ğŸŒ³	baala harcaafatoo, bakka jireenyaa, bosona, magariisa, muka, muka baala harcaafatoo
ğŸŒ´	biqiltuu, meexxii, muka, qarqara galaanaa
ğŸŒµ	biqiltuu, gammoojjii, hongee, uumama
ğŸŒ¾	biqilaa, bissii ruuzii, midhaan, ruuzii
ğŸŒ¿	baala, baala mukaa, biqiltuu
â˜˜ï¸	aayilaandii, biqiltuu, shaamrook
ğŸ€	4, baala, biqiltuu, carraa qabeessa, hamaaqixa, siddisa, siddisa baala afurii
ğŸ	baala, kufuu, mappilii
ğŸ‚	baala, baala harcaâ€™e, bona, kufaatii
ğŸƒ	afuufuu, baala, baala qilleensa keessa balaliâ€™u, balaliâ€™uu, bubbee
ğŸª¹	Bineesota fi Uumaama
ğŸªº	Bineensota & Uumama
ğŸ„	fangasii, waakkoo
ğŸ‡	firii, firii wayinii
ğŸˆ	meeloonii, muduraa
ğŸ‰	habaabii, muduraa
ğŸŠ	burtukaana, muduraa, vitaaminii c
ğŸ‹	dhangaggaaâ€™aa, fuduraa, loomii
ğŸ‹â€ğŸŸ©	asiidii, bashannansiisaa, cuunfaa, dhangaggaaâ€™aa, faayessuu, iddoo hoâ€™aa, kakaâ€™umsa, kokteelii, loomii, magariisa, margaariittaa, moojitoo, muduraa, saalsaa, tekiilaa
ğŸŒ	fuduraa, muuzii, pootaasiyeemii
ğŸ	anaanaasii, fuduraa, kolaadaa, piinaa, tirooppikaalii
ğŸ¥­	maangoo, muduraa, nyaata, raaftuu, tiroopikaala
ğŸ	appilii, bilchaataa, diimaa, fayyaa, fuduraa, nyaata, poomii, soorata
ğŸ	appilii, magariisa, poomii
ğŸ	fuduraa, piirii
ğŸ‘	fuduraa, kookii
ğŸ’	cheerii, fuduraa
ğŸ“	fuduraa, goraa, muduraa
ğŸ«	beerii, beeriiwwan, biluubeerii, biluubeeriiwwan, muduraa, nyaata
ğŸ¥	fuduraa, kiwi, muduraa, nyaata
ğŸ…	fuduraa, kuduraa, nyaata, timaatima
ğŸ«’	nyaata, zayitii
ğŸ¥¥	kokonaatii, meexxii, piinaa kolaadaa
ğŸ¥‘	avokaadoo, fuduraa, nyaata
ğŸ†	kuduraa
ğŸ¥”	kuduraa, mosee, nyaata
ğŸ¥•	kaarotii, kuduraa, nyaata
ğŸŒ½	asheeta, boqolloo, dheedhii, qola boqqolloo, qonna
ğŸŒ¶ï¸	gubaa, qaaraa, qaaraa nama gubu
ğŸ«‘	burtukaana, burtukaana bilbilaa, nyaata
ğŸ¥’	komxaaxxee, kuduraa, kukumberii, nyaata
ğŸ¥¬	baala magariisaâ€™aa, bargerii, book chooyi, kaalee, raafuu, salaada, salaaxaa
ğŸ¥¦	birookilii, raafuu diidaa
ğŸ§„	miâ€™eessituu, qullubbii adii
ğŸ§…	qullubbii diimaa
ğŸ¥œ	kuduraa, loowzii, nyaata, ocholoonii
ğŸ«˜	Baaqelaa, dheedhii, nyaata, xiqqoo
ğŸŒ°	almoondii
ğŸ«š	baala mukaa, biiraa, fayyaa, hundee, jinjibila, miâ€™eessituu, uumama
ğŸ«›	atara, baaqelaa, bolonqee, dheedhii, kuduraa
ğŸ„â€ğŸŸ«	biqiluu, fagasii, horrooqqoo, horrooqqoo magaalawaa, irra-buusa, irra-buusa piizzaa, kuduraa fi muduraa, nama kuduraa fi muduraa sooratu, soorata, uumama
ğŸ	daabboo, kaarboohayidireetii, mana nyaataa, midhaan, muraa, nyaata, qamadii, tolchuu
ğŸ¥	daabboo, daabboo maramaa, kirooâ€™isantii, nyaata
ğŸ¥–	daabboo, daabboo luxoo, fireenchii, nyaata
ğŸ«“	areeppaa, daabboo, daabboo diriiraa, gordiitaa, nyaata
ğŸ¥¨	micciiramaa, mimicciiramaa
ğŸ¥¯	baagelii, ciree, daabboo, mana daabboo
ğŸ¥	keekii hoâ€™aa, nyaata, paankeekii
ğŸ§‡	ciree, murtii maleessa, sibiila
ğŸ§€	baaduu furdaa, baaduu gogaa
ğŸ–	foon, foon lafee irraa, lafee
ğŸ—	beelaâ€™uu, handaaqqoo, lafee, lukkuu, miilla
ğŸ¥©	foon, foon diimaa, foon murame, muraa foonii, murmuruu
ğŸ¥“	baakonii, foon, foon booyyee, nyaata
ğŸ”	bargerii, beelaâ€™uu, hambargerii, nyaadhu, nyaata, nyaata dafee qaqqabu
ğŸŸ	chibsii, kan fireenchii, nyaata, nyaata ariifataa, waaddii, waaddii fireenchii
ğŸ•	beeluu, chiizii, muraa, nyaata, pepperoonii, piizaa
ğŸŒ­	firaankifarterii, hoot dooggii, sooseejii
ğŸ¥ª	daabboo, saandiwiichii
ğŸŒ®	nyaata meksiikoo, taakoo
ğŸŒ¯	burriitoo, itti maruu, meeksikoo
ğŸ«”	nyaata, taamoonaahaa, tamaalee
ğŸ¥™	daabboo diriiraa, nyaata
ğŸ§†	falaafelii, shumburaa
ğŸ¥š	buuphaa, hanqaaquu, killee, luggee, nyaata
ğŸ³	ciree, eelee irratti waaddamu, hanqaaquu, killee, mana nyaataa, nyaata bilcheessuu, waadduu
ğŸ¥˜	eelee, kaaseeroolii, nyaata, ol dhihoo
ğŸ²	dooccoo, dooccoo soorataa, ittoo, nyaata, shoorbaa
ğŸ«•	baaduu, fonduu, iskii, nyaata, siwiis
ğŸ¥£	ciree, konjee, marqaa, midhaan, ootmiil, saanii falâ€™aana wajjin
ğŸ¥—	magariisa, nyaata, salaad
ğŸ¿	fandiishaa, fiilmii
ğŸ§ˆ	aannan, buâ€™aalee aannanii, dhadhaa
ğŸ§‚	ashaboo, dhamdhama, kuraawaa, maraachuu, miâ€™aa, miâ€™eessituu, mufachuu, raaftuu
ğŸ¥«	nyaata saamsame, xaasaa
ğŸ±	beentoo, nyaata, saanduqa
ğŸ˜	nyaata, ruuzii
ğŸ™	Jaappaan, kubbaa, nyaata, ruuzii
ğŸš	nyaata, ruuzii, ruuzii bilchaataa
ğŸ›	nyaata, ruuzii
ğŸœ	hurkuu, noodeelii, nyaata, saanii, shoorbaa, ulee nyaataa
ğŸ	foon maramaa bilchaataa, ispaageettii, kan itaalii, mana nyaataa, nyaata, paastaa
ğŸ 	miâ€™ooftuu, mosee, nyaata, soogiddee, soogiddee affeelamaa
ğŸ¢	iskiwerii, kebab, mana nyaataa, nyaata, nyaata galaanaa, ulee
ğŸ£	nyaata, suushii
ğŸ¤	bilchaataa, shiriimpii, tempuraa, waadamaa
ğŸ¥	daabboo bilcheessuu, keekii, mana nyaataa, nyaata, qurxummii
ğŸ¥®	ayyaaneffannaa, birraa, keekii jiâ€™aa, yuubing
ğŸ¡	dango, dhamdhamsiisaa, iskiiwerii, miâ€™ooftuu, nyaata Jaappaan, ulee
ğŸ¥Ÿ	daamplingii, giyoozaa, impanaadaa, jaaâ€™ozaa, pootistiikeerii
ğŸ¥ 	kuukii carraa, raajii
ğŸ¥¡	choopistiikii, nyaata geessuu, oyiister peeyil, saanduqa ittiin fudhatamu
ğŸ¦€	Kaansarii, torbaan-qabaa, zodiyaakii
ğŸ¦	bineelda, biskuu, loobisterii, loobisterii diimaa, nyaata galaanaa, qeensa
ğŸ¦	nyaata, sheelfiishii, shiriimpii, xiqqoo
ğŸ¦‘	bineelda, iskuwaad, molaskii, nyaata
ğŸ¦ª	cuuphaa, daayiviingii, luqqisii, oyiisteerii
ğŸ¦	aayis kireemii, dhamdhamsiisaa, kireemii, mana nyaataa, miâ€™ooftuu, nyaata
ğŸ§	cabbii, dhamdhamsiisaa, haadamaa, mana nyaataa, miâ€™ooftuu
ğŸ¨	ayis kireemii, kan nyaata booda dhamdhamamu, kireemii, mana nyaataa, miâ€™ooftuu, nyaata
ğŸ©	dizertii, doonaatii, miâ€™ooftuu, nyaata
ğŸª	chiippii chokoleetii, dhamdhamsiisaa, kuukii, miâ€™ooftuu
ğŸ‚	afaan miâ€™eessituu, ayyaaneffannaa, guyyaa dhaloota gaarii, guyyaa dhalootaa, keekii, keekii guyyaa dhalootaa, miâ€™aawaa
ğŸ°	afaan miâ€™eessituu, keekii, miâ€™aawaa, muraa
ğŸ§	coccoba, mana daabboo, miâ€™aawaa, miâ€™eeffachiiftuu, shiinii keekii, sukkaara, walâ€™aanuu
ğŸ¥§	foon, guutuu, keekii, muduraa, muraa paayii, paayii
ğŸ«	baarii, chokoleetii, karameellaa, miâ€™aawaa
ğŸ¬	dizertii, karameellaa, mana nyaataa, maraa, miâ€™ooftuu
ğŸ­	karameellaa, mana nyaataa, mimmiâ€™oo, nyaata
ğŸ®	afaan miâ€™eessituu, miâ€™aawaa
ğŸ¯	baachuu, barmeela, damma, huubboo, huubboo dammaa, miâ€™aawaa, nyaata, xuwwee, xuwwee dammaa
ğŸ¼	aannan, daaâ€™ima, finna, kan daaâ€™imaa, qaruura, xuuxxoo
ğŸ¥›	aannan, birciqqoo, dhugaatii
â˜•ï¸	buna, dhugaatii, dhuguu, ganama, hoâ€™aa, hurkuu, istaarbaaksii, kaafeenii, kaaffee, shaayii
ğŸ«–	Naquu, Nyaata, shayii, xuwwee shayii
ğŸµ	dhugaatii, dhuguu, shaayii, shiinii, shiinii shaayii qabannoo qabu
ğŸ¶	dhugaatii, finjaala, mana dhugaatii, mana nyaataa, qaruura
ğŸ¾	dhugaatii, futtaâ€™uu, koorkii, mana dhugaatii, qaruura, qaruura koorkii futtaâ€™aa jiru waliin
ğŸ·	alkoolii, birciqqoo, dhugaatii, dhuguu, kilebii, mana dhugaatii, mana nyaataa, wayinii, wayinii birciqqootti naqame
ğŸ¸ï¸	alkoolii, birciqqoo, dhugaatii, dhuguu, mana dhugaatii, nama maraataa
ğŸ¹	alkoolii, dhugaatii, dhugaatii tirooppikaalii, dhuguu, kilebii, mana dhugaatii, qophii
ğŸº	alkoolii, biiraa, dhugaatii, dhuguu, diraaftii, jaamboo, jarmanii, mana dhugaatii
ğŸ»	alkoolii, biiraa, chiirsii, dhugaatii, jaamboo, mana dhugaatii
ğŸ¥‚	ayyaaneffachuu, burcuqqoo, chiirs, dhuguu
ğŸ¥ƒ	burcuqqoo, wuskii
ğŸ«—	bishaan, cobsi, dhangalaasi, dhangalaasuu
ğŸ¥¤	biqila, bishaan, cuunfaa, dhugaatii lallafaa, shiinii haftee qabu, soodaa
ğŸ§‹	nyaata, shaayee, shaayee baabilii, taayiwaan
ğŸ§ƒ	cuunfaa, dhugaatii, haftee, miâ€™awaa, saanduqa
ğŸ§‰	dhugaatii, jaala, michuu
ğŸ§Š	cabbii, diilalla, rog-arfee cabbii, tuullaa cabbii
ğŸ¥¢	choopistiikii, haashii, jiyootgaraak, kuwaayizii
ğŸ½ï¸	bilcheessuu, falâ€™aana, falâ€™aana fi haaduu saanii waliin, haaduu, irbaata, nyaachuu, qoorbii, saanii
ğŸ´	albee, beelaâ€™uu, bilcheesuu, ciree, falâ€™aana, falâ€™aana fi albee, irbaata, laaqana, mana nyaataa, miâ€™aawaa, nyaachuu, nyaata, sooruu
ğŸ¥„	falâ€™aana, meeshaa minjaalaa, nyaachuu
ğŸ”ª	albee, haaduu, haaduu golaa, haaduu kushinaa, meeshaa, meeshaa waraanaa, nyaata bilcheessu, sheefii
ğŸ«™	duwwaa, homtinuu, huubboo
ğŸº	bilcheessuu, dooccoo, joogii, meeshaa, meeshaa waraanaa, xuwwee, zoodiyaak
ğŸŒ	Afrikaa, Awurooppaa, addunyaa, awurooppaa, dachee, giloobii, giloobii Awurooppaa-Afrikaa agarsiisu
ğŸŒï¸	Ameerikaa, dachee, giloobii, giloobii Ameerikaa agarsiisu
ğŸŒ	Awustiraaliyaa, Eeshiyaa, addunyaa, dachee, giloobii, giloobii Eeshiyaa-Awustiraaliyaa agarsiisu
ğŸŒ	addunyaa, dachee, giloobii, giloobii meeridiyaanota qabu, interneetii, marsariitii addunyaa guutuu, meeridiyaanota
ğŸ—ºï¸	addunyaa, kaartaa
ğŸ—¾	Jaappaan, kaartaa
ğŸ§­	kallattii, kallattii agarsiisuu, kompaasii, maagineettawaa, naavigeeshinii
ğŸ”ï¸	cabbii, qorraa, tulluu, tulluu mataan cabbii
â›°ï¸	gaara
ğŸŒ‹	dhoâ€™iinsa, gaara, uumama, voolkaanoo
ğŸ—»	fujii, gaara, uumama
ğŸ•ï¸	buufachuu, qubachuu
ğŸ–ï¸	dibaabee, handaara galaanaa, handaara galaanaa dibaabee qabu
ğŸœï¸	gammoojjii, lafa onaa
ğŸï¸	gammoojjii, odoola
ğŸï¸	paarkii, paarkii biyyoolessaa
ğŸŸï¸	istaadiyeemii
ğŸ›ï¸	gamoo durii, kan durii
ğŸ—ï¸	ijaarsa, ijaarsa gamoo, kireenii
ğŸ§±	keenyaa, moortaarii, suphee, xuubii, xuubiiwwan
ğŸª¨	Jabaataa, dhagaa, dhagaa guddaa, dhagaa xinnaa
ğŸªµ	Qoraan, jirma, mukaa
ğŸ›–	gaaddisa, godoo, mana
ğŸ˜ï¸	mana, qeâ€™ee
ğŸšï¸	mana, mana jireenyaa, onaa
ğŸ ï¸	bakka qalbiin jirtu, gamoo, horsiisa loonii, mana, mana salphaa, qarqara magaalaa, qeâ€™ee, qeâ€™ee biyyaa, qubachuu
ğŸ¡	bakka qalbiin jirtu, gamoo, horsiisa loonii, mana, mana iddoo biqiltuu qabu, mana salphaa, qarqara magaalaa, qeâ€™ee, qeâ€™ee biqiltuu, qeâ€™ee biyyaa, qubachuu
ğŸ¢	gamoo, gamoo wajjiraa, hojii, kuubii, magaalaa, wajjira
ğŸ£	Jaappaan, gamoo, poostaa, waajjira poostaa Jaappaan
ğŸ¤	Awuroppaa, gamoo, poostaa, wajjira poostaa
ğŸ¥	doctora, gamoo, hospitaala, ogeessa yaalaa, qoricha
ğŸ¦	baankii, gamoo
ğŸ¨	gamoo, hoteela
ğŸ©	gamoo, hoteela, hoteela jaalalaa
ğŸª	24, gamoo, kuusaa, kuusaa mijataa, mijannaa, saâ€™aatii 24
ğŸ«	gamoo, mana barumsaa
ğŸ¬	dunkaana, dunkaana qajeelchaa, gamoo, qajeelcha
ğŸ­ï¸	gamoo, warshaa
ğŸ¯	Jaappaan, gamoo, masaraa
ğŸ°	gamoowwan, kan Awurooppaa, masaraa
ğŸ’’	cidha, mana sagadaa, miira jaalalaa, sirna gaaâ€™elaa, waldaa
ğŸ—¼	tookiyoo, utubaa
ğŸ—½	birmadummaa, niiwu yoork, ny, nyc, siidaa
â›ªï¸	amantii, eebbisuu, fannoo, kiristaana, mana sagadaa, waldaa
ğŸ•Œ	Musliima, amantaa, islaama, masjiida
ğŸ›•	hinduu, mana qulqullummaa, mana sagadaa, mana waaqeffannaa
ğŸ•	Yihudii, Yihudoota, amantaa, amantii Yihudotaa, mana qulqullummaa, mana sagadaa
â›©ï¸	amtantaa, mana qulqullummaa
ğŸ•‹	amantaa, hajjii, islaama, kaaba, umraa
â›²ï¸	Fincawaa
â›ºï¸	buufata kaampii, dunkaana
ğŸŒ	hurrii
ğŸŒƒ	halkan, halkan urjiilee waliin, urjii
ğŸ™ï¸	fakkaattii magaalaa, magaalaa
ğŸŒ„	baha biiftuu, biiftuu, biiftuu gaara irraan baatu, gaara, ganama
ğŸŒ…	baha biiftuu, biiftuu, ganama, uumama
ğŸŒ†	aduu, galgala, gamoo, lixa biiftuu, magaalaa, waarii
ğŸŒ‡	aduu, biiftuu, galgala, gamoo, lixa biiftuu
ğŸŒ‰	halkan, riqicha, riqicha halkanii
â™¨ï¸	burqaa hoâ€™ituu, burqituu, hoâ€™aa, hurkituu
ğŸ 	bohaartii, farda, karooseelii
ğŸ›	iddoo taphaa, mucucaataa, mucucoo, taphachuu
ğŸ¡	korboo, paarkii bashannanaa
ğŸ¢	paarkii bashannanaa
ğŸ’ˆ	haaduu, nama rifeensa sirreessu, poolii, poolii mana rifeensaa, rifeensa sirreesuu
ğŸª	dunkaana, sirkaa
ğŸš‚	baabura, daandii baaburaa, hurka, imala, lokomootiivii, mootora
ğŸšƒ	baabura, daandii baaburaa, elektirikii, imala, konkolaataa, konkolaataa daandii baaburaa
ğŸš„	baabura, baabura saffisa olâ€™aanaa, daandii baaburaa, saffisa
ğŸš…	baabura, baabura saffisa olâ€™aanaa fi funyaan rasaasaa qabu, daandii baaburaa, imala, rasaasa, saffisa
ğŸš†	baabura, daandii baaburaa, dhaqqabe
ğŸš‡ï¸	imala, meetroo, meetroo lafa jalaa
ğŸšˆ	baabura salphaa, daandii baaburaa, gahe
ğŸš‰	baabura, buufata, daandii baaburaa
ğŸšŠ	tiraamii, tirooliibaas
ğŸš	hadiida-tokkee, konkolaataa
ğŸš	daandii baaburaa gaaraa, daandii baburaa, gaara, imala, konkolaataa
ğŸš‹	atoobisii, konkolaataa, tiraamii
ğŸšŒ	atoobisii, konkolaataa, mana barumsaa
ğŸšï¸	atoobisii, atoobisii dhufaa jiru, dhufaa jira, konkolaataawwan
ğŸš	atoobisii, atoobisii dugdatti walbaatu, tiraamii
ğŸš	atoobisii, atoobisii xiqqaa, konkolaachisuu, konkolaataa, vaanii
ğŸš‘ï¸	ambuulaansii, konkolaataa, muddama
ğŸš’	ibidda, konkolaataa feâ€™umsaa, mootora, mootora ibiddaa
ğŸš“	5â€“0, konkolaataa, paatiroolii, poolisii, poolisoota
ğŸš”ï¸	dhufaa jira, konkolaataa, konkolaataa poolisii dhufaa jiru, poolisii
ğŸš•	konkolaachisuu, konkolaataa, taaksii, taaksii keelloo, uuber
ğŸš–	dhufaa jira, konkolaachise, konkolaataa, taaksii, taaksii dhufaa jiru, taaksii keelloo, uubeer
ğŸš—	konkolaachisuu, konkolaataa, makiinaa
ğŸš˜ï¸	konkolaachise, konkolaataa, konkolaataa dhufaa jiru, konkolaataa manaa
ğŸš™	bashannana, konkolaachisuu, konkolaataa, konkolaataa ispoortiif oolu, oofuu
ğŸ›»	awutoomobilii, geejjiba, konkolaataa, konkolaataa feâ€™umsaa, piikaappii, piikaappii feâ€™umsaa
ğŸšš	konkolaachisuu, konkolaataa, konkolaataa feâ€™umsaa, konkolaataa feâ€™umsaa dhiyeessaa, qaqqabsiisuu
ğŸš›	konkolaataa, konkolaataa feâ€™umsaa, konkolaataa walharkisu, oofuu, sochoâ€™uu, walakkaa
ğŸšœ	konkolaataa, tiraaktara
ğŸï¸	dorgommii, konkolaataa
ğŸï¸	dorgommii, mootarsaayikilii
ğŸ›µ	iskootara, mootora
ğŸ¦½	dhaqqabummaa, wiilcheerii
ğŸ¦¼	qaqqabinsa, teessuma motoraan sochoâ€™u, wiilcherii
ğŸ›º	bajaajii, tuk tuk
ğŸš²ï¸	biskileettii, nama biskileettii oofu, oofuu
ğŸ›´	iskuuterii, kikii
ğŸ›¹	gabatee, iskeetii, taphataa iskeetii, wiiliiwwan
ğŸ›¼	billaa, iskeetii, iskeetii roolerii, ispoortii
ğŸš	atoobisii, buufata atoobisii, dhaabbii
ğŸ›£ï¸	daandii, daandii guddaa, daandii konkolaataa
ğŸ›¤ï¸	baabura, daandii baaburaa, hadiida baaburaa
ğŸ›¢ï¸	barmeela, barmeela zayitaa, zayita
â›½ï¸	beenzila, bobaâ€™aa, buufata gaazaa, gaazii, paampii
ğŸ›	gommaa, konkolaataa, makiinaa
ğŸš¨	akeekkachiisa, dammaqsituu, ibsaa konkolaataa poolisii, ifa, konkolaataa, muddama, naannaâ€™uu, poolisii, saayirenii
ğŸš¥	ibsaa, ibsaa tiraafika dalgee, mallattoo, mallattoo dhaabbadhuu, tiraafika, walqaxxaamura
ğŸš¦	ibsaa, ibsaa tiraafikaa olee, ifa dhaabu, konkolaachise, mallattoo, tiraafika, walqaxxaamura
ğŸ›‘	dhaabuu, mallattoo, rog-saddeet
ğŸš§	daangaa, ijaarsa
âš“ï¸	doonii, meeshaa, sibiila hidhaa doonii
ğŸ›Ÿ	baraartuu, bishaan daakuu, lubbuu baraartuu
â›µï¸	bidiruu, bidiruu doonii, doonii imalaa giddugaleessa, dooniin imaluu
ğŸ›¶	bidiruu
ğŸš¤	bidiruu, bidiruu saffisaa, biliyeenara, ganna, haroo, imala, miliyeenara, qannoo
ğŸ›³ï¸	doonii, doonii imaltootaa, imaltoota
â›´ï¸	bidiruu, doonii, imaltuu
ğŸ›¥ï¸	bidiruu, bidiruu mootoraa
ğŸš¢	bidiruu, doonii, imala, imaltoota, taayitaanikii
âœˆï¸	balalii, balaliâ€™uu, imala, jeettii, xiyyaara
ğŸ›©ï¸	xiyyaara, xiyyaara xiqqaa
ğŸ›«	balallii, xiyyaara, xiyyaarri yeroo kaâ€™u
ğŸ›¬	dhaqqabuu, dhufaatii, dhufaatii xiyyaaraa, qubachuu, xiyyaara
ğŸª‚	iskaaydaayivii, paaraasaayilii, paaraashuutii
ğŸ’º	barcuma, teessuma
ğŸš	helikooptara, imala, konkolaataa, koptara, rookoptara
ğŸšŸ	daandii baaburaa, daandii baaburaa fannifame, fannifamaa
ğŸš 	daandii funyoo gaaraa, funyoo, gaara, gondolaa
ğŸš¡	funyoo, gondolaa, karaa funyoo, konkolaataa, konkolaataa funyoo irraa, konkolaataa funyoo qilleensarraa, qilleensarraan
ğŸ›°ï¸	hawaa, saatalaayitii
ğŸš€	furguuggisuu, hawaa, imala, jalqabsiisuu, rookkeettii
ğŸ›¸	alagaa, hawaan ala, waan haaraa
ğŸ›ï¸	bilbila, hoteela
ğŸ§³	baâ€™aa imalaa, boorsaa, boorsaa gommaa qabu, imala, saamsuu, shaanxaa
âŒ›ï¸	cirracha, fuullee saâ€™aatii, qabduu yeroo, yeroo
â³ï¸	cirracha, eeguu, fuullee saâ€™aatii, qabduu yeroo, saâ€™aa
âŒšï¸	saâ€™aatii, yeroo
â°ï¸	barfachuu, dammaqsituu, eeguu, saâ€™aa, saâ€™aatii, saâ€™aatii dammaqiinsaa, yeroo
â±ï¸	qabduu saâ€™aatii, saâ€™aatii, yeroo
â²ï¸	qabduu yeroo, saâ€™aatii, saâ€™aatii qabduu yeroo
ğŸ•°ï¸	saâ€™aatii, yeroo
ğŸ•›ï¸	00, 12, 12:00, kudha lama, saâ€™aatii, saâ€™aatii kudha lama, yeroo
ğŸ•§	12, 12:30, 30, kudha lama, kudha lamaa fi walakkaa, saâ€™aatii, soddoma, yeroo
ğŸ•ï¸	00, 1, 1:00, saâ€™aatii, tokko, yeroo
ğŸ•œ	1, 1:30, 30, saâ€™aatii, soddoma, tokko, tokkoo fi soddoma, yeroo
ğŸ•‘ï¸	00, 2, 2:00, lama, saâ€™aatii, yeroo
ğŸ•	2, 2:30, 30, lama, lamaa fi soddoma, lamaa fi walakkaa, saâ€™aatii, soddoma, yeroo
ğŸ•’ï¸	00, 3, 3:00, sadii, saâ€™aatii, yeroo
ğŸ•	3, 30, 3:30, sadii, saâ€™aatii, soddoma, soddomii sadii, yeroo
ğŸ•“ï¸	00, 4, 4:00, afur, saâ€™aatii, yeroo
ğŸ•Ÿ	30, 4, 4:30, afur fi soddoma, afur fi walakkaa, saâ€™aatii, soddoma, yeroo
ğŸ•”ï¸	00, 5, 5:00, saâ€™aatii, shan, yeroo
ğŸ• 	30, 5, 5:30, saâ€™aatii, shan, shanii fi walakkaa, soddoma, yeroo
ğŸ••ï¸	00, 6, 6:00, jaha, saâ€™aatii, yeroo
ğŸ•¡	30, 6, 6:30, jaha fi walakkaa, saâ€™aatii, soddoma
ğŸ•–ï¸	00, 7, 7:00, saâ€™aatii, torba
ğŸ•¢	30, 7, 7:30, saâ€™aatii, soddoma, torba, torbaa fi walakkaa
ğŸ•—ï¸	00, 8, 8:00, saddeet, saâ€™aatii, yeroo
ğŸ•£	30, 8, 8:30, saddeet, saddeet fi walakkaa, saâ€™aatii, soddoma, yeroo
ğŸ•˜ï¸	00, 9, 9:00, sagal, saâ€™aatii, yeroo
ğŸ•¤	30, 9, 9:30, sagal, sagali fi walakkaa, saâ€™aatii, yeroo
ğŸ•™ï¸	00, 10, 10:00, kudhan, saâ€™aatii
ğŸ•¥	10, 10:30, 30, kudhan, kudhanii fi walakkaa, saâ€™aatii, soddoma, yeroo
ğŸ•šï¸	00, 11, 11:00, kudha tokko, saâ€™aatii, saâ€™aatii kudha tokko, yeroo
ğŸ•¦	11, 11:30, 30, kudha tokko, kudha tokkoo fi walakkaa, saâ€™aatii, soddoma, yeroo
ğŸŒ‘	addeessa, addeessa haaraa, baatii haaraa, dukkana, hawaa
ğŸŒ’	abjuu, addeessa, addeessa walakkaa, hawaa, jiâ€™a
ğŸŒ“	addeessa, addeessa kurmaana tokkoffaa, baatii, hawaa, jiâ€™a, kurmaana
ğŸŒ”	addeessa, baatii, hawaa, jiâ€™a
ğŸŒ•ï¸	addeessa, goobana jiâ€™aa, guutuu, hawaa
ğŸŒ–	addeessa, addeessa hirâ€™achaa jiru, baatii, hawaa, jiâ€™a
ğŸŒ—	addeessa, addeessa kurmaana xumuraa, baatii, hawaa, jiâ€™a, kurmaana
ğŸŒ˜	addeessa, addeessa hirâ€™achaa jiru, hawaa, xiqqaachuu
ğŸŒ™	addeessa, addeessa walakkaa, hawaa, ramadaana
ğŸŒš	baatii, fuula, fuula baatii haaraa, hawwaa
ğŸŒ›	addeessa, bakka, fuula, jiâ€™a, jiâ€™a kurmaana tokkoffaa fuula waliin, kurmaana, nuusa
ğŸŒœï¸	abjuu, addeessa, fuula, jiâ€™a kurmaana dhumaa fuula waliin, kurmaana, nuusa
ğŸŒ¡ï¸	haala qilleensaa, safartuu hoâ€™aa, teermoomeetira
â˜€ï¸	aduu, biiftuu, guyyaa aduu, haala qilleensaa, hawaa, ifa, ifaa
ğŸŒ	addeessa, addeessa guutuu fuula waliin, fuula, fuula ifaa, gammachuu
ğŸŒ	aduu, fuula, haala qilleensaa, hoâ€™a, ifa aduu, ifaa, ifuu, qarqara galaanaa
ğŸª	pilaaneetii qubeelaa qabu, satarnii
â­ï¸	qorannaa hawwaa, urjii, urjii giddugaleessa adii, urjiilee
ğŸŒŸ	calaqqisaa, calaqqisuu, halkan, ifuu, moâ€™uu, urjii, urjii ifu
ğŸŒ 	dhukaasa, halkan, hawaa, kufaatii, urjii, urjii dhukaasaa
ğŸŒŒ	hawaa, miilk weeyi
â˜ï¸	duumessa, haala qilleensaa
â›…ï¸	biiftuu, duumessa, duumessaaâ€™aa, haala qilleensaa
â›ˆï¸	duumessa, duumessa balaqqeessa fi rooba qabu, qaqawwee, rooba, rooba qaqawwee fi balaqqeessa qabu
ğŸŒ¤ï¸	aduu, biiftuu, biiftuu duumessa xiqqaa duubaa, duumessa, haala qilleensaa
ğŸŒ¥ï¸	aduu, biiftuu, biiftuu duumessa balâ€™aa duubaa, duumessa, haala qilleensaa
ğŸŒ¦ï¸	biiftuu, biiftuu duumessa roobaa duubaa, duumessa, haala qilleensaa, rooba
ğŸŒ§ï¸	duumessa, duumessa roobaa, haala qilleensaa, rooba
ğŸŒ¨ï¸	cabbii, diilallaaâ€™aa, duumessa, duumessa cabbii qabu, haala qilleensaa
ğŸŒ©ï¸	balaqqeessa, duumessa, duumessa balaqqeessa qabu, haala qilleensaa
ğŸŒªï¸	duumessa, haala qilleensaa, obomboleettii, torneedoo
ğŸŒ«ï¸	duumessa, haala qilleensaa, hurrii
ğŸŒ¬ï¸	afuufuu, bubbee, duumessa, fuula, kallattii bubbee
ğŸŒ€	buubbee, haala qilleensaa, naannessaa, saayikiloonii
ğŸŒˆ	boonuu, dhalaa fi dhalaa, dhiiraa fi dhiira, dubartii fi dubartii, haala qilleensaa, maatii, namicha fi namicha, sabbata waaqaa, uumama
ğŸŒ‚	bokkaa, dibaabee, dibaabee cufame, rooba
â˜‚ï¸	bokkaa, dibaabee, rooba
â˜”ï¸	cobuu, dibaabee, dibaabee coba roobaa qabu, haala qilleensaa, rooba
â›±ï¸	aduu, dibaabee, dibaabee lafarraa, rooba
âš¡ï¸	balaa, balaqqeessa, elektirikii, humna ibsaa, meeseenjerii, qaqawweessa, uumama, voolteejjii, voolteejjii olâ€™aanaa
â„ï¸	cabbii, diilalla, haala qilleensaa
â˜ƒï¸	cabbii, diilalla, nam-cabbii
â›„ï¸	cabbii, diilallaaâ€™aa, nam-cabbii, nam-cabbii malee
â˜„ï¸	hawaa, koomeetii
ğŸ”¥	gubuu, hoâ€™a, ibidda, labooba, meeshaa
ğŸ’§	bishaan, copha, dafqa, diilallaaâ€™aa, gadda, haala qilleensaa, imimmaan, qoosaa, uumama
ğŸŒŠ	bishaan, dambalii, dambalii bishaanii, galaana, qaxxaamuruu, uumama
ğŸƒ	buqqee, haalowiinii, jaakii
ğŸ„	Ayyaana Qillee, Muka ayyaana qillee, ayyaana, ayyaana qillee, ayyaaneffannaa, muka
ğŸ†	ayyaana, bashannana, qaanqee
ğŸ‡	ayyaaneffannaa, ilillee, richiitii
ğŸ§¨	calaqqee, daayinamiitii, dhukaaâ€™oo, ibidda, ibidda qabsiiftuu, ifa, xaaxaâ€™uu
âœ¨ï¸	falfala, ibsaa, urjii
ğŸˆ	afuuffee, ayyaana, ayyaaneffachuu, guyyaa dhalootaa
ğŸ‰	affeerraa, ajaaâ€™iba, ayyaana, ayyaaneffachuu, gammaduu, guyyaa dhalootaa
ğŸŠ	affeerraa, ayyaana, ayyaaneffannaa, kubbaa
ğŸ‹	ayyaaneffannaa, faajjii, kan Jaappaan, muka, muka tanabata
ğŸ	bareechisa gaattiraa, biqiltuu, gaattiraa, leemmana, qodaa Jaappaan
ğŸ	ashaanguulliitii Jaappaan, horgoggee, jila, nama Jaappaan
ğŸ	istiriimerii, karp istiriimerii, karpii
ğŸ	bilbila, bilbila qilleensaa, qilleensa
ğŸ‘	addeessa, ayyaana, ayyaaneffannaa, baatii, jila, jiâ€™a, kabaja baatii ilaaluu
ğŸ§§	carraa gaarii, hoongibaâ€™oo, kennaa, maallaqa, poostaa diimaa
ğŸ€	ayyaaneffannaa, haada
ğŸ	ayyaaneffannaa, gammachiisa hin eegamne, guyyaa dhalootaa, kennaa, kennaa golgamaa, maramaa, saanduqa
ğŸ—ï¸	ayyaaneffannaa, haada, haada yaadachiisaa, yaadachiisa
ğŸŸï¸	hayyama seensaa, tikkeettii, tikkeettii seensaa
ğŸ«	galabaa, galmee, tikkeettii
ğŸ–ï¸	ayyaaneffannaa, badhaasa, kabaja, medaaliyaa, medaaliyaa loltuu, waraana
ğŸ†ï¸	badhaasa, geeba, injifachuu, injifannoo, ispoortii, shaampiyoona, waancaa
ğŸ…	badhaasa, injifataa, meedaaliyaa, meedaaliyaa ispoortii, warqee
ğŸ¥‡	medaaliyaa, tokkoffaa, warqee
ğŸ¥ˆ	lammaffaa, medaaliyaa, meetii
ğŸ¥‰	medaaliyaa, naasa, sadaffaa
âš½ï¸	ispoortii, kubbaa, kubbaa miilaa, meesii, ronaaldoo
âš¾ï¸	beezboolii, ispoortii, kubbaa
ğŸ¥	bobaa jala, golgituu harkaa, ispoortiilee, kubbaa, kubbaa lallaafaa
ğŸ€	ispoortii, kubbaa, kubbaa kochoo
ğŸ	kubbaa, tapha, vooliiboolii
ğŸˆ	ispoortii, kan ameerikaa, kubbaa, kubbaa miilaa, kubbaa miilaa ameerikaa, suppeer bool
ğŸ‰	ispoortii, kubbaa, kubbaa miilaa, kubbaa miilaa raagbii, raagbii
ğŸ¾	ispoortii, kubbaa, raakeetii, teenisii
ğŸ¥	diskii, diskii balaliâ€™u, fireesbii, kan dhumaa
ğŸ³	haleeluu, ispoortii, kubbaa, tapha
ğŸ	kiriikeetii, kubbaa, tapha
ğŸ‘	burii, dirree, hokii, kubbaa, kukulii, tapha, ulee
ğŸ’	cabbii, hokii, tapha, tapha cabbiirra taphatamu, ulee
ğŸ¥	ispoortiilee, kubbaa, laakiroosii, manii, ulee
ğŸ“	kubbaa, ping pong, tapha, teenisii miinjaalaa
ğŸ¸	badiminten, riikeetii, tapha
ğŸ¥Š	buunyaa, gilaavii
ğŸ¥‹	juudoo, kaaraatee, maarshaal aartii, tookaandoo, uffata seeraa, walâ€™aansoo
ğŸ¥…	kiyyoo, manii
â›³ï¸	alaabaa boolla keessa jiru, bolla, ispoortii, qillee, tapha sululaa
â›¸ï¸	cabbii, cabbiirra kopheen fiiguu, iskeetii, kophee cabbii
ğŸ£	bashannana, ispoortii, kiyyoo qurxummii, qurxummii, qurxummii qabuu
ğŸ¤¿	daakaa, iskuubaa, maskii daakkii
ğŸ½	atileetiksii, fiiguu, qomee, qomee fiigichaa
ğŸ¿	cabbii, iskii, ispoortii
ğŸ›·	cabbii, isleedii, isleejii
ğŸ¥Œ	dhagaa, dhagaa qaxxamuraa, tapha
ğŸ¯	bashannana, dartii, kaayyoo, kallattiin rukutuu, rukutuu, sangaa, tapha
ğŸª€	ashaangulliitii, gegeeddaramaa, yo-yo
ğŸª	balaliiâ€™uu, fiiguu
ğŸ”«	meeshaa, meeshaa waraanaa, qawwee, qawwee harkaa, rivoolverii, shugguxii
ğŸ±	8, biliyaardii, kubbaa, kubbaa puulii 8, kubbaa8, saddeet, tapha
ğŸ”®	abjaataa, falfala, fuulduree, kubbaa, kubbaa dhagaa, meeshaa, oduu durii
ğŸª„	falfala, falfalaa, falfaltuu, ulee
ğŸ®ï¸	bashannana, buufata taphaa, tapha, tapha suursagalee, toâ€™ataa
ğŸ•¹ï¸	joyistiikii, tapha, tapha suursagalee
ğŸ°	kaasinoo, maashinii taphaa, qaawwaa, qumaara, tapha
ğŸ²	bashannana, daayisii, tapha
ğŸ§©	cittuu, hibboo, ibsa xiqqoo, jiigsaawu, walseenaa
ğŸ§¸	meeshaa taphaa, sardiidoo, sardiidoo teedii
ğŸª…	ayyaana, kabajuu, kan meeksiskoo, karameellaa, pinaadaa, pinaataa, sinkoo dee maayoo
ğŸª©	diiskoo, giloobii, kubbaa, ofilaallee, paartii, ragada
ğŸª†	babooshakaa, babowushakaa, babushakaa, dooliiwwan, dooliiwwan koonyaa, kan raashiyaa, matarayoshakaa
â™ ï¸	eeboo, kaardii, tapha
â™¥ï¸	kaardii, miira, onnee, tapha, uffata onnee
â™¦ï¸	diyaamaandii, kaardii, mallattoo diyaamaandii, tapha
â™£ï¸	garee, kaardii, kaartaa, kilebii, tapha
ğŸƒ	jookerii, kaardii, kaartaa, tapha
ğŸ€„ï¸	diimaa, diraagonii diimaa mahjong, mahijoong, tapha
ğŸ´	abaaboo, kaardii, kaardiiwwan taphaa abaaboo, kan Jaappaan, tapha, taphachuu
ğŸ­ï¸	aartii, agarsiisuu, bashannana, haguuggii afaan fi funyaanii, taatoo, taatuu, tiyaatira
ğŸ–¼ï¸	aartii, dibiisa, fakkii, fakkii goodayyaaâ€™e, gola hambaa, goodayyaa, muuziyeemii
ğŸ¨	aartii, bashannana, bifaan faayamaa, dibaa, dibiisa, halluu dibuu, kalaqa, muuziyeemii
ğŸ§µ	hidhaa, hodhuu, ispuulii, lilmoo, qajjisa
ğŸª¡	hodhuu, kirrii, lilmoo
ğŸ§¶	kirooshee, kubbaa, kuula, kuula dhahuu
ğŸª¢	funyoo, hidhata, hidhuu
ğŸ‘“ï¸	fuulee ijaa, fuullee, ija, kishaafa, uffannaa
ğŸ•¶ï¸	fuullee ijaa, gurraacha, ija, kishaafa, kishaafa aduu
ğŸ¥½	bishaan daakuu, bishaanitti utaaluu, eegumsa ijaa, fuullee ijaa, iskuubaa, kishaafa, suphuu
ğŸ¥¼	dooktora, dr., jaakkeettaa, kootii adii, kootii laaboraatoorii, saayintistii, uffata, yaalii
ğŸ¦º	ariifachiisaa, jalaanii, nageenya
ğŸ‘”	barbaachisaa, krawattii mormaa, qacarame, shamizii, uffata
ğŸ‘•	bittaa, cuquliisa, dhuma torbanii, idilee, qomee, uffachuu, uffata
ğŸ‘–	bittaa, cuquliisa, dhuma torbanii, idilee, jiinsii, kofoo, uffannaa, uffata, uffata jalaa, uffate, uffatte
ğŸ§£	diilalla, fooxaa mormaa, morma
ğŸ§¤	golgituu harkaa, harka
ğŸ§¥	diilalla, jaakkeettii, kootii
ğŸ§¦	shurraaba miillaa
ğŸ‘—	bittaa, faashinii, uffachuu, uffannaa, uffata, uffate, uffatte
ğŸ‘˜	mijataa, uffata
ğŸ¥»	sari, uffata, wandaboo
ğŸ©±	uffata bishaan daakkii
ğŸ©²	kofoo, paantii, uffata bishaan daakkii
ğŸ©³	fiddoo, kofoo, uffata bishaan daakaa
ğŸ‘™	bikinii, bishaan daakkii, poolii, qarqara galaanaa, uffanna dhaqna dhiqannaa, uffannaa
ğŸ‘š	bittaa, dubartii, morma uffataa, qamisii, qomee, uffata, uffata dubartootaa, wandaboo
ğŸª­	deeggaraa, dharraâ€™uu, dinqisiifataa, harka dhaâ€™uu, hoâ€™aa, qabbanaaâ€™aa, qabbaneessuu, ragada, saalfachuu, shubbisa
ğŸ‘›	bittaa, boorsaa harkaa, faashinii, saantima, uffachuu, uffannaa, uffata
ğŸ‘œ	bittaa, boorsaa, boorsaa harkaa, dubartii, uffachuu, uffata
ğŸ‘	boorsaa, boorsaa harkaa, uffachuu, uffannaa, uffata
ğŸ›ï¸	bittaa, boorsaa, boorsaa bituu, hoteela
ğŸ’	barnoota, boorsaa, boorsaa dugdaa, boorsaa dugdaa barumsaa, mana barumsaa
ğŸ©´	Gagaraagalchu, Kophee, Qarqara, Sandaalii
ğŸ‘	bittaa, dhiituu, kophee, kophee namichaa, magaala, miilla, namicha, uffannaa, uffata
ğŸ‘Ÿ	ariifataa, atileetiksii, bittaa, dhiituu, fiiguu, isniikeerii, kophee, kophee fiigichaa, teenisii, uffannaa, uffata
ğŸ¥¾	boorsaa saamsuu, boottii, deemsa miilla dheeraa, diida, kaampii gochuu, kophee, kophee magaala
ğŸ¥¿	diriiraa, irra mucucaachuu, kophee diriiraa, mijataa, mucucaataa, ragada diriiraa
ğŸ‘ 	bittaa, dubartii, faashinii, koomee, kophee, kophee koomee dheeraa, uffachuu, uffannaa, uffata
ğŸ‘¡	barabaasoo, dubartii, kophee
ğŸ©°	baaleetii, kophee baaleetii, shubbisa
ğŸ‘¢	bittaa, boottii, dubartii, kophee, uffachuu, uffannaa, uffata
ğŸª®	filaa, filuu, goofaree, misirroo, rifeensa
ğŸ‘‘	bara giddugaleessaa, dorgommii gonfoo mootii, giiftii, gonfoo, maatii mootii, mootii, moâ€™achuu, uffata
ğŸ‘’	affeerraa iddoo biqiltuu, barneexaa, dubartii, uffannaa, uffata
ğŸ©	baarneexxaa, faashinii, falfala, gubbaa, idilee, uffannaa, uffata
ğŸ“ï¸	barneexaa, barneexaa eebbaa, barnoota, eebba, hayyuu, uffannaa
ğŸ§¢	gonfoo, gonfoo abbaa, gonfoo beezboolii, gonfoo dachaâ€™e
ğŸª–	Waraana, garee loltuu, kophee, loltuu
â›‘ï¸	barneexxaa, fuula, gargaarsa, helmeentii, helmeentii hojjetaa lubbuu baraartotaa, qaxxamura
ğŸ“¿	amantaa, callee, faaya mormaa, kadhannaa, uffata
ğŸ’„	bareechisuu, hariiroo jaalalaa, koosmootiksii, liippistikii, miâ€™oota bareedinaa
ğŸ’	calaqqisaa, cidha, daayimandii, fuudhe, heerumte, kaadhimamuu, qubeelaa, taatee jaalalaa
ğŸ’	cidha, daayimandii, dhagaa qaalii, faaya, kaadhimachuu, maallaqa, qaalii, taatee jaalalaa
ğŸ”‡	callisa, sagalee, sagalee guddiftuu, sagalee guddistuu ukkaamfame, ukkaamsuu
ğŸ”ˆï¸	sagalee, sagalee gadaanaa ispiikerii, suuta
ğŸ”‰	giddugaleessa, ispiikerii sagalee giddugaleessa, sagalee
ğŸ”Š	muuziqaa, olâ€™aanaa, sagalee, sagalee guddaa, sagalee olâ€™aanaa sagalee-guddiftuu
ğŸ“¢	haasaa uummataa, sagalee, sagalee guddaa, sagalee guddiftuu, walqunnamtii
ğŸ“£	jajjabeessuu, sagalee, sagalee guddiftuu
ğŸ“¯	gaanfa, poostaa
ğŸ””	bilbila, boqonnaa, sagalee, waldaa
ğŸ”•	bilbila, bilbila qaxxaamura qabu, callisa, callisaa, dhorkaa, dhorkamaa, lakki, miti, sagalee, ukkaamsuu
ğŸ¼	muuziqaa, nootaa, qabxii
ğŸµ	muuziqaa, sagalee, yaadannoo
ğŸ¶	muuziqaa, nootaa, sagalee
ğŸ™ï¸	istuudiyoo, muuziqaa, qaaqiyyee
ğŸšï¸	gulantaa, mucucaachisaa, muuziqaa
ğŸ›ï¸	furtuu, furtuu toâ€™annoo, muuziqaa, toâ€™achuu
ğŸ¤	maayikii, maayikiroofoonii, muuziqaa, sagalee, sirbuu
ğŸ§ï¸	dhaggeettii gurraa, sagalee
ğŸ“»ï¸	bohaartii, raadiyoo, viidiyoo
ğŸ·	meeshaa, muuziqaa, saaksoofoonii
ğŸª—	akkoordiyoonii, meeshaa, muuziqaa
ğŸ¸	gitaara, meeshaa, muuziqaa
ğŸ¹	kiiboordii, meeshaa, muuziqaa, piyaanoo
ğŸº	meeshaa, muuziqaa, xurumbaa
ğŸ»	meeshaa, muuziqaa, vaayoliinii
ğŸª•	baanjoo, muuziqaa
ğŸ¥	dibbee, muuziqaa, ulee dibbee
ğŸª˜	kongaa, meeshaa, shubbisaa, shubbisaa dheeraa
ğŸª‡	chaa chaa, dhahannaa, marakaas, meeshaa, muuziqaa, raasaa, raasuu, shubbisa, waarii aartii
ğŸªˆ	baandii, baandii hiriiraa, meeshaa, muuziqaa, nama ulullee afuufu, orkeestiraa, ulullee, waraabduu
ğŸ“±	bilbila, bilbila mobaayilaa, mobaayila, telefoona, walqunnamtii
ğŸ“²	bilbila, bilbila mobaayilaa xiyyaa wajjin, bilbiluu, fudhachuu, ijaaruu, moobaayila, teleefoona, walqunnamtii, xiyya
â˜ï¸	bilbila, teleefoona
ğŸ“	bilbila, fudhataa, fudhataa teleefoonaa, teleefoona, walqunnamtii
ğŸ“Ÿï¸	peejeerii, walqunnamtii
ğŸ“ 	faaksii, maashinii faaksii, walqunnamtii
ğŸ”‹	baatirii
ğŸª«	annisaa xiqqaa, baatirii, baatirii dhume, dhumate
ğŸ”Œ	cuqqaallaa, elektirikii, humna ibsaa
ğŸ’»ï¸	dhuunfaa, koompiitara, koompiitara laaptooppii, pc, waajjira
ğŸ–¥ï¸	koompiitara, koompiitara minjaalaa
ğŸ–¨ï¸	koompiitara, maashinii maxxansaa
âŒ¨ï¸	kiiboordii, kompitara
ğŸ–±ï¸	kompitara, maawuzii kompiitaraa
ğŸ–²ï¸	koompiitara, kubbaa agarsiiftuu
ğŸ’½	diiskii, diiskii koompiitaraa, diiskii xiqqaa, koompiitara, optikaala
ğŸ’¾	diskii, koompiitara
ğŸ’¿ï¸	cd, diskii, diskii optikaalaa, dvd, koompiitara, optikaala
ğŸ“€	biluureey, cd, diskii, dvd, kompiitera
ğŸ§®	abakaasii, kaalkuleetara, shallaggii
ğŸ¥	booliwuudii, fiilmii, hooliwuudii, kaameraa, man-doâ€™ii, waraabuu
ğŸï¸	fiilmii, fireemii, man-doâ€™ii
ğŸ“½ï¸	fiilmii, man-doâ€™ii, projektara, viidiyoo
ğŸ¬ï¸	bilbila dhooftuu, fiilmii, gabatee bilbila dhooftuu, gocha
ğŸ“ºï¸	teleevizhinii, tv, viidiyoo
ğŸ“·ï¸	instaagiraamii, kaameraa, ofii suuraa kaâ€™uu, qarxamsuu, suuraa, viidiyoo
ğŸ“¸	ibsaa, kaameraa, kaameraa ibsaa qabu, suursagalee, viidiyoo
ğŸ“¹ï¸	kaameraa, kaamkoordii, suursagalee, viidiyoo
ğŸ“¼	moofaa, teeppii, viidiyoo
ğŸ”	barbaaduu, fuullee, fuullee guddiftuu gara bitaa akeeku, guddistuu, laabiratoorii, meeshaa, saayinsii
ğŸ”	baafata, barbaaduu, fuullee, fuullee guddiftuu gara mirgaatti akeeku, guddisuu, laaboraatoorii, meeshaa, saayinsii
ğŸ•¯ï¸	dungoo, ifa
ğŸ’¡	ampuulii, elektirikii, ibsaa, qoosaa, yaada
ğŸ”¦	elektirikii, ibsaa, ibsaa harkaa, meeshaa, tiriika harkaa
ğŸ®	Jaappaan, diimaa, dungoo, dungoo waraqaa diimaa, ifa, mana dhugaatii, mana nyaataa
ğŸª”	diyaa, ibsaa, quyyisa, zayitii
ğŸ“”	barnoota, barreeffama, barruu yaadannoo, barruu yaadannoo haguuggii faayame qabu, faayame, haguuggii, kitaaba, mana barumsaa
ğŸ“•	barnoota, cufaa, kitaaba
ğŸ“–	asoosamoota, banaa, barnoota, beekumsa, dubbisuu, kitaaba, man kitaabaa, minaaba
ğŸ“—	barnoota, dubbisuu, kitaaba, magariisa, mana kitaabaa
ğŸ“˜	barnoota, cuquliisa, dubbisuu, kalaqa, kitaaba, mana kitaabaa
ğŸ“™	barnoota, birtukaana, dubbisuu, kitaaba, kitaaba bifa birtukaanaa, mana kitaabaa
ğŸ“šï¸	asoosama, barnoota, beekumsa, dubbisuu, kitaaba, kitaabolee, mana barumsaa, mana kitaabaa, minaaba, qayyabachuu
ğŸ““	barruu yaadannoo
ğŸ“’	barruu yaadannoo, galmee
ğŸ“ƒ	fuula, fuula maraa qabu, maruu, sanada
ğŸ“œ	maruu, waraqaa
ğŸ“„	fuula, fuula ol garagalaa, sanada
ğŸ“°	gaazexaa, oduu, walqunnamtii, waraqaa
ğŸ—	gaazexaa, maramaa, oduu, waraqaa
ğŸ“‘	fuulawwan, fuulawwan olkaaâ€™uu, mallattoo, qalama mallattoo
ğŸ”–	qabxii, toorbarruu
ğŸ·ï¸	moggaasa
ğŸ’°ï¸	baankii, baasii, biliyoona, boorsaa, boorsaa maallaqaa, dolaara, gatii, injifachuu, kaffalame, kaffaluu, maallaqa, maallaqa baasuu, maallaqa callaa, miliyoona, qodaa warqee, qumaara, sooressa
ğŸª™	Maallaqa, Saantima, Sooressaa, Warqee, yuuroo
ğŸ’´	baankii, kaffaltii, maallaqa, yeen
ğŸ’µ	baankii, dolaara, jijjiirraa maallaqaa, kaffaltii, maallaqa
ğŸ’¶	100, baankii, maallaqa, nagahee, sharafa, sooressa, yuuroo
ğŸ’·	baankii, biliyoona, maallaqa, maallaqa callaa, nagahee, paawundii, sharafa
ğŸ’¸	baankii, balaliâ€™uu, biliyoona, dolaara, kaffaluu, maallaqa, maallaqa callaa, maallaqa qochoo qabu, nagahee, qochoo
ğŸ’³ï¸	baankii, kaardii, kaardii liqii, kaffalchiisi, kaffalchiisuu, kaffaluu, liqaa, maallaqa, maallaqa callaa
ğŸ§¾	nagahee, qabiinsa herreegaa, ragaa, unkaa kaffaltii
ğŸ’¹	baankii, chaartii, chaartii yeen wajjin dabalaa deemu, dabaluu, gabaa, gara olii, giraafii, guddachuu, maallaqa, ol kaâ€™uu, sharafa, yeen
âœ‰ï¸	iimeelii, poostaa, xalayaa
ğŸ“§	ergaa, iimeelii, xalayaa
ğŸ“¨	dhufaa jira, ergame, fudhachuu, iimeelii, poostaa, poostaa dhufaa jiru, qaqqabsiisuu, xalayaa
ğŸ“©	ergame, erguu, gadi, iimeelii, poostaa, poostaa xiyya qabu, walqunnamtii, xalayaa, xiyya
ğŸ“¤ï¸	ergame, iimeelii, saanduqa, saanduqa ala, xalayaa
ğŸ“¥ï¸	fudhachuu, iimeelii, saanduqa, saanduqa keessa, xalayaaa
ğŸ“¦ï¸	feâ€™umsa, geejjibuu, qaqqabsiisuu, qarqaba, saanduqa, walqunnamtii
ğŸ“«ï¸	cufaa, ergannoo, quunnamtii, sanduuqa ergannoo cufaa alaabaa olqabame waliin, sanduuqa poostaa
ğŸ“ªï¸	cufaa, ergaa, gadi buufame, saanduqa ergaa, saanduqa poostaa, saanduqa poostaa cufaa kan alaabaa gadi buâ€™e qabu
ğŸ“¬ï¸	banaa, saanduqa ergaa, saanduqa ergaa banaa alaabaa ol kaafame, saanduqa poostaa, xalayaa
ğŸ“­ï¸	banaa, gadi buâ€™e, saanduqa ergaa, saanduqa ergaa banaa alaabaa gadi buâ€™e waliin, saanduqa poostaa, xalayaa
ğŸ“®	saanduqa ergaa, saanduqa poostaa, xalayaa
ğŸ—³ï¸	filannoo, saanduqa, saanduqa filannoo sagalee waliin
âœï¸	irsaasii
âœ’ï¸	kobbee
ğŸ–‹ï¸	burqaa, kobbee
ğŸ–Šï¸	kobbee, qalama
ğŸ–Œï¸	fakkii kaasuu
ğŸ–ï¸	qalama
ğŸ“	miidiyaa, qubeessaa, walqunnamtii, yaadannoo, yaadannoowwan
ğŸ’¼	boorsaa, waajjira
ğŸ“	faayila, fooldera, fooldera faayilaa
ğŸ“‚	bani, faayila, fooldera, fooldera faayilaa bani
ğŸ—‚ï¸	indeeksii, kaardii, qoqqoodduu
ğŸ“…	dhaha baraa, guyyaa
ğŸ“†	kalaandarii, kalaandarii cicciruu
ğŸ—’ï¸	barruu yaadannoo maraa, yaadannoo
ğŸ—“ï¸	kalaandarii
ğŸ“‡	indeeksii, kaardii, kan durii
ğŸ“ˆ	akeeka, daataa, gabatee, giraafii, ol, olii fi gara mirgaatti, taattoo, taattoo dabalaa jiru
ğŸ“‰	adeemsa, buusuu, chaartii, chaartii hirâ€™achaa dhufe, daataa, gadi buâ€™aa, giraafii, negaatiivii
ğŸ“Š	baar chaartii, baarii, chaartii, giraafii
ğŸ“‹ï¸	gabatee qabsiisaa, tarree hojiiwwan hojjetaman, yaadannoo
ğŸ“Œ	ispiilii, qabsiiftuu
ğŸ“	argama, kaartaa, qabsiistuu
ğŸ“	walqabsiistuu
ğŸ–‡ï¸	geessituu, walqabsiiftuu waraqaa
ğŸ“	herreega, kofa, roga qajeelaa, sarartuu, sarartuu qajeelaa
ğŸ“	herreega, kofa, rog-sadee, sarartuu, sirreessuu
âœ‚ï¸	kutuu, meeshaa, muruu, qaxxaamurree, waraqaa
ğŸ—ƒï¸	faayila, kaardii, saanduqa, saanduqa faayilii kaardii
ğŸ—„ï¸	faayila, faayila uumuu, teessoo faayilaa, teessoo meeshaa
ğŸ—‘ï¸	kuusaa kosii
ğŸ”’ï¸	cufaa, dhuunfaa, hidhame, hidhuu
ğŸ”“ï¸	banaa, banuu, cabe, cufuu
ğŸ”	furtuun cufuu, kobbee, nageenya, qalama, qalamaan cufame
ğŸ”	amansiisaa, cufame, furtuu, furtuudhaan cufame, hidhaa biskileettii, hidhame, hidhuu
ğŸ”‘	banuu, furtuu, furtuu guddaa, furtuuwwan, hidhuu, jecha darbii
ğŸ—ï¸	cufuu, furtuu, moofaa, ragaa xiqqoo
ğŸ”¨	burruusa, mana fooyyessuu, meeshaa, suphaa
ğŸª“	baqaqsuu, kutuu, qoraan, qottoo
â›ï¸	albuuda baasuu, burruusa, meeshaa, qotuu
âš’ï¸	burruusa, burruusa fi qabduu, meeshaa, qabduu
ğŸ› ï¸	burruusa, burruusa fi hiiktuu, hiiktuu, meeshaa
ğŸ—¡ï¸	albee, cuubee, goraadee, meeshaa waraanaa
âš”ï¸	meeshaa waraanaa, sootala, walqaxxaamuraa
ğŸ’£ï¸	balaafamaa, boombii, dhohiinsa, dhukaâ€™uu, hoâ€™a, qoosaa
ğŸªƒ	Boomerang, Dhalatoota, meeshaa waraanaa
ğŸ¹	futtaasaa, futtaasaa fi xiyya, meeshaa, meeshaa waraanaa, xiyya
ğŸ›¡ï¸	gaachana, meeshaa waraanaa
ğŸªš	Meesha, Nyaata Muraa, irraa qeexxaâ€™uu, kutuu
ğŸ”§	furtuu, hiituu, mana fooyyeessuu, meeshaa
ğŸª›	mata-diriiraa, meeshaa, mijataa
ğŸ”©	booltii, booltii fi naatii, mana fooyyessuu, meeshaa, naatii
âš™ï¸	maarshii, meeshaa
ğŸ—œï¸	meeshaa, walitti dhiibuu, walqabsiiftuu
âš–ï¸	gulantaa, gulantaa madaallii, haqa, madaala, meeshaa, ulfaatina
ğŸ¦¯	jaamaa, qaqqabinsa, qaroo dhabaa, ulee sakattaatuu
ğŸ”—	geessituu, hidhaa
â›“ï¸	cancala, cancaloota
ğŸª	Okkoo
ğŸ§°	laphee, makaanikii, meeshaa, saanduqa, saanduqa diimaa
ğŸ§²	boca u, harkisa, kottee fardaa, maagineettawaa, maagineettii, pozaatiivii negaativii
ğŸªœ	Tarkaanfii Yaabbannoo, Yaabbannoo, yaabuu
âš—ï¸	keemistirii, meeshaa
ğŸ§ª	keemistii, keemistirii, laaboraatoorii, saayinsii, ujummoo yaalii, yaalii
ğŸ§«	baakteeriyaa, baayoloojii, baayoloojistii, guddisuu, laaboraatoorii
ğŸ§¬	baayoloojistii, dhaal-maya, dna, jijjiirama tirannaa, jireenya, qaccee
ğŸ”¬	laabiraatoorii, meeshaa, saayinsii, shifargaa, yaalii
ğŸ”­	meeshaa, quunnamuu, saayinsii, teleskooppii
ğŸ“¡	alagaa, anteenaa, diishii, quunnamtii, saayinsii, satalaayitii
ğŸ’‰	dhukkubsachuu, doktora, lilmoo, lilmoo waraannachuu, talaallii, walâ€™aansa
ğŸ©¸	arjooma dhiigaa, coba dhiigaa, dhiiguu, marsaa laguu, miidhaa, walâ€™aansa, xurii
ğŸ’Š	dhukkubsataa, doktora, kiniinii, qorichoota, vaayitaamiinii, yaalame
ğŸ©¹	hidhaa, hiituu maxxanfamtuu
ğŸ©¼	gargaarsa, miidhame, uggurame
ğŸ©º	dooktora, hakiima, isteetoskooppii, onnee, walâ€™aansa
ğŸ©»	carallaa aduu, lafee, lafeewwan, qadaada sammuu
ğŸšª	balbala, balbala duubaa, balbala fuulduraa, gorduuba, saanduqa uffataa
ğŸ›—	liftii
ğŸª	calaqqisiisa, daawwitii, meeshaa miidhaginaa
ğŸªŸ	Foddaa
ğŸ›ï¸	ciisuu, hoteela, siree
ğŸ›‹ï¸	hoteela, ibsaa, soofaa, soofaa fi ibsaa
ğŸª‘	barcuma, teessoo
ğŸš½	mana dhiqannaa, mana fincaanii
ğŸª 	hartuu, haxaaâ€™uu, haxooftuu, qulqulleessuu
ğŸš¿	bishaan, dhagna dhiqannaa
ğŸ›	dhagna dhiqachuu, gabatee dhiqannaa
ğŸª¤	baaduu, kiyyoo, qamaaxura, sossobuu
ğŸª’	haadduu areedaa, qara, qarabaa
ğŸ§´	aduu ittistuu, dibata, jiistuu, qaruuraa dibataa, shaampoo
ğŸ§·	qabduu ittisaa
ğŸ§¹	falfala, hartuu, haxaaâ€™uu, qulqulleessuu
ğŸ§º	miiccaa, qotuu, shaalii, shirrishirrii
ğŸ§»	fooxaa waraqaa, maraa waraqaa, waraqaa fincaanii
ğŸª£	baaldii, shenkelloo
ğŸ§¼	danqaruu, dhiqachuu, hoomacha, qulqulleessuu, qulqulluu, saamunaa
ğŸ«§	afuuffee, bololiâ€™uu, hoomacha, saamunaa
ğŸª¥	qulqulleessuu, rigaa, rigaa ilkaanii
ğŸ§½	cuuphuu, ispoonjii, qulqulleessuu, uâ€™urataa, xuuxuu
ğŸ§¯	dhaamsuu, ibidda, ibidda dhaamsituu
ğŸ›’	bittaa, gaarii
ğŸš¬	tamboo, tamboo aarsuu, xuuxuu
âš°ï¸	duâ€™a, duâ€™aa, saanduqa reeffaa, vaampaayerii
ğŸª¦	awwaalcha, dhagaa awwaalchaa, duâ€™aa, nagaan boqodhu, yaadannoo
âš±ï¸	awwaalcha, duâ€™a
ğŸ§¿	ajaaâ€™ibsiisaa, callee, cuquliisa, faaya, ija hamaa, kudhaama
ğŸª¬	barruu harkaa, eegumsa, qabeenya, qajeelfama
ğŸ—¿	fuula, fuula dhagaa, imala, siidaa
ğŸª§	hubachiisa, kaardii, mallattoo
ğŸªª	eenyummeessaa, heeyyama, ragaa, sanada
ğŸ§	atm, baankii, battalumatti kan hojjetu, maallaqa, maallaqa callaa, mallatoo ATM, ofumaan kan hojjetu
ğŸš®	kosii, kuusaa kosii, mallattoo kosii kuusaa keessaa
ğŸš°	bishaan, bishaan dhugaatii, dhuguu, kan dhugamu
â™¿ï¸	argannaa, barcuma qaama miidhamaa, mallattoo wiilcherii, qaama miidhamaa, wiilcherii
ğŸš¹ï¸	dhiira, kutaa dhiirotaa, mana fincaanii
ğŸšºï¸	dubartii, kutaa dubartootaa, mana fincaanii
ğŸš»	mana fincaanii
ğŸš¼ï¸	daaâ€™ima, jijjiiramuu, mallattoo daaâ€™imaa
ğŸš¾	bishaan, kuusaa, kuusaa bishaanii, mana fincaanii
ğŸ›‚	paaspoortii, toâ€™annoo
ğŸ›ƒ	gumuruka, saamsuu
ğŸ›„	boorsaa, fudhachuu, gahe, imala, qophaaâ€™aa, saamsuu, sakattaâ€™ame, xiyyaara
ğŸ›…	boorsaa, boorsaa bitaa, furtuu
âš ï¸	akeekkachiisa, of eeggannoo
ğŸš¸	ijoollee, ijoollee qaxxaamuraa jiran, nama miilaan deemu, qaxxaamuruu, tiraafika
â›”ï¸	dhorkaa, dhorkamaa, hin darbiin, kufaatii, lakki, seenuun hin dandaâ€™amu, tiraafika
ğŸš«	dhorkaa, dhorkamaa, lakki, seensa, xuuxuu
ğŸš³	biskileettii, biskileettiin dhorkaadha, dhorkaa, lakki, miti
ğŸš­ï¸	dhoowwaa, dhorkaa, dhorkamaa, lakki, miti, tamboo aarsuu, tamboo xuuxuu, tamboo xuuxuun dhorkaadha
ğŸš¯	dhorkaadha, dhorkamaa, kosii, kosii gatuun dhorkaadha, lakki, miti
ğŸš±	bishaan, bishaan dhugaatiif hin taane, dhorkaa, gogaa, kan hin dhugamne, kan hin dhugne
ğŸš·	dhorkamaa, dhorkame, lakki, miilaan deemuun hin taâ€™u, miti, nama miilllan deemu
ğŸ“µ	bilbila, bilbilli mobaayilaa dhorkaadha, dhorkaa, lakki, miti, mobaayila, teleefoona
ğŸ”	18, dhorkaa, dhorkamaa, kudha saddeet, lakki, miti, namni kudha saddeet gadi hin jiru, umrii hin geenye, umurii daangessuu
â˜¢ï¸	mallattoo, raadiyoo-aktiivii
â˜£ï¸	balaa lubbu qabeeyyiin dhufu, mallattoo
â¬†ï¸	buâ€™uura, kaaba, kallattii, xiyya, xiyya olii
â†—ï¸	kaaba bahaa, kallattii, xiyya, xiyya ol gara mirgaa
â¡ï¸	baha, kallattii, xiyya, xiyya mirgaa
â†˜ï¸	kallattii, kibba bahaa, xiyya, xiyya gadi-mirgaa
â¬‡ï¸	buâ€™uura, gadi, kallattii, kibba, xiyya, xiyya gadii
â†™ï¸	kallattii, kibba dhihaa, kibba lixaa, xiyya, xiyya gadi-bitaa
â¬…ï¸	buâ€™uura, dhiha, kallattii, lixa, xiyya, xiyya bitaa
â†–ï¸	kaaba dhihaa, kallattii, xiyya, xiyya ol-bitaa
â†•ï¸	xiyya, xiyya gubbaa-gajjallaa
â†”ï¸	xiyya, xiyyaa bita-mirgaa
â†©ï¸	xiyya, xiyya mirgaa gara bitaatti naannaâ€™u
â†ªï¸	xiyya, xiyyaa bitaa gara mirgaatti naannaâ€™u
â¤´ï¸	xiyya, xiyya mirgaa ol naannaâ€™u
â¤µï¸	gadi, xiyya, xiyya mirgaa gadi naannaâ€™u
ğŸ”ƒ	haaromsuu, irra deebiin feâ€™uu, kallattii saâ€™aatii, xiyya, xiyyoota olee kallattii saâ€™aatii
ğŸ”„	alkallattii saâ€™aatii, ammas, duubatti deebisuu, haaromsuu, qabduu xiyyoota alkallattii saâ€™aatii, xiyya
ğŸ”™	duuba, xiyya, xiyya DUUBAA
ğŸ”š	xiyya, xiyya XUMURAA, xumura
ğŸ”›	BANI!, IBSI!, mallattoo, xiyya
ğŸ”œ	xiyya, xiyyaa YEROO DHIHOOTTI, yeroo dhihootti
ğŸ”	gararraa, gubbaa, qeâ€™ee, xiyya
ğŸ›	amantaa, iddoo waaqeffannaa, kadhachuu, waaqessuu
âš›ï¸	atoomii, mallattoo atoomii, nama amantii hin qabne
ğŸ•‰ï¸	Hinduu, amantii, om
âœ¡ï¸	Yihudoota, amantii, daawwit, judiizimii, urjii
â˜¸ï¸	amantaa, hordofaa amantaa budiiziimii, korboo
â˜¯ï¸	amantaa, dimshaasha, lamaanuu miti, lubbuuwwan, rakkisaa
âœï¸	amantaa, fannoo, fannoo laatinii, kiristaana, kiristoos
â˜¦ï¸	amantii, fannoo, fannoo ortodoksii, kiristaana
â˜ªï¸	Musliima, amantii, islaama, ramadaana, urjii fi jiâ€™a
â˜®ï¸	fayyina, mallattoo nagaa, nagaa, nagaa qabeessa
ğŸ•	amantaa, baattuu dungoo, yihudaa, yuudiziimii
ğŸ”¯	amantii yihudii, carraa, urjii, urjii tuqaa jaha, yihudii
ğŸª¯	Kahaandaa, amantaa, amantii
â™ˆï¸	horoskooppii, zodiyaakii
â™‰ï¸	horoskooppii, jibicha, qotiyyoo, zodiyaakii
â™Šï¸	horooskooppii, lakkuu, zodiyaakii
â™‹ï¸	Kaansarii, horooskooppii, torbaan-qabaa, zodiyaakii
â™Œï¸	Liyoo, horoskooppii, leenca, zodiyaakii
â™ï¸	horooskooppii, zodiyaakii
â™ï¸	haqa, horoskooppii, madaala, madaaluu, zodiyaakii
â™ï¸	horoskooppii, qaajjibbuu, zodiyaakii
â™ï¸	Saagiitaariyoos, horooskooppii, nama xiyyaa darbatu, zodiyaak
â™‘ï¸	horooskooppii, kaapiriikoornii, reâ€™ee, zodiyaakii
â™’ï¸	akuwaareesii, bishaan, horooskooppii, zodiyaak
â™“ï¸	horooskooppii, qurxummii, zodiyaak
â›ï¸	baataa, bofa, ofiiyukas, zoodiyaak
ğŸ”€	walqaxxaamure, xiyya
ğŸ”	irra deebiâ€™uu, kallattii saâ€™aatii, qabduu irra deebii, xiyya
ğŸ”‚	altokko, kallattii saâ€™aatiin, qabduu qeenxee lama, xiyya
â–¶	mirga, qabduu ittiin taphachiifamu, rog-sadee, taphachiisuu, xiyya
â©	dachaa, fuuldura, qabduu saffisa fuulduraa, saffisa, xiyya
â­	kutaa itti aanu, qabduu weelluu itti aanu, rog-sadee, weelluu itti aanu, xiyya
â¯	dhaabuu, mirga, qabduu taphachiisu ykn dhaabu, rog-sadee, taphachiisuu, xiyya
â—€	bitaa, duuba deebisuu, qabduu duubatti deebisu, rog-sadee, xiyya
âª	dachaa, duubatti deebisuu, qabduu saffisaan duubatti deebisuu, xiyya
â®	kutaa darbe, qabduu weelluu dhumaa, rog-sadee, weelluu darbe, xiyya
ğŸ”¼	diimaa, qabduu, qabduu ol, xiyya
â«	dachaa, qabduu saffisaan ol kaasu, xiyya
ğŸ”½	diimaa, gadi, qabduu, qabduu gadii, xiyya
â¬	dachaa, gadi, xiyya
â¸ï¸	dachaa, dhaabi, qabduu ittiin dhaaban
â¹ï¸	dhaabuu, qabduu dhaabuu, rog-arfee
âºï¸	geengoo, qabduu waraabbii, waraabuu
ğŸ¦	fiilmii, kaameraa, man-doâ€™ii
ğŸ”…	dimimmisa, gadi buâ€™aa, ifa, qabduu dimimmisaa
ğŸ”†	ifa, ifaa, qabduu ifaa
ğŸ“¶	agarsiiftuu, anteenaa, bilbila, mobaayila, neetiwoorkii, telefoona, walqunnamtii
ğŸ›œ	bilbila ismaartii, biroodbaandii, hootispootii, interneetii, koompiitara, neetworkii, raawutara, walitti hidhaminsa, wayaa malee, wifi, wlan
ğŸ“³	haalata, haalata kirkirsaa, haasawaa, kirkirsa, moobaayila, telefoona
ğŸ“´	bilbila, bilbila mobaayilaa cufuu, cufuu, mobaayila, teleefoona
âœ–ï¸	baayâ€™isi, baayâ€™isuu, x
â•ï¸	herreega, idaâ€™uu, mallattoo ulfaataa idaâ€™uu
â–ï¸	herreega, hirâ€™isuu, mallattoo hirâ€™isuu ulfaataa
â—ï¸	herreega, mallattoo hiruu ulfaataa, qooduu
ğŸŸ°	deebii, qixa, walqixa, walqixxummaa
â€¼ï¸	mallattoo, mallattoo raajeffannoo dachaa, raajeffannoo, sirna tuqaalee
â‰ï¸	gaaffii, mallattoo, mallattoo raajeffanno-gaaffii, raajeffannoo, sirna tuqaalee
â“ï¸	?, gaaffii, mallattoo, sirna tuqaalee
â”ï¸	?, gaaffii, mallattoo gaaffii, mallattoo gaaffii adii, sirna tuqaalee
â•ï¸	!, caqasameera, mallattoo, mallattoo raajeffannoo adii, raajeffannoo, sirna tuqaalee
â—ï¸	!, mallattoo, raajeffannoo, sirna tuqaalee
ã€°ï¸	jajallataa, sarara dheeraa, sarara dheeraa jajallataa, sirna tuqaalee
ğŸ’±	baankii, jijjiirraa, jijjiirraa maallaqaa, maallaqa
ğŸ’²	biliyoona, dolaara, kaffaltii, kaffaluu, maallaqa, maallaqa callaa, mallattoo doolaaraa ulfaataa, miliyoona, qarshii
âš•ï¸	faarmaasii, mana qorichaa, qoricha
â™»ï¸	deebisanii fayyadamuu, mallattoo deebisanii fayyadamuu
âšœ	abbootii lafaa
ğŸ”±	asxaa, doonii, meeshaa, sibiila doonii
ğŸ“›	baajii, maqaa
ğŸ”°	baala, jalqabaa, kan Jaappaan, keelloo, magariisa, mallattoo Jaappaan jalqabaaf, meeshaa
â­•ï¸	geengoo, geengoo guddaa furdaa, o
âœ…ï¸	filuu, guutuu, mallatoo sakattaâ€™insaa, raawwatame, sakattaâ€™ame, sakattaâ€™uu, sirreeffame, xumurame
â˜‘ï¸	filannoo, mallattoo itti godhuu, raawwatameera, saanduqa, sakattaâ€™ameera, sakattaâ€™uu
âœ”ï¸	fili, raawwatame, sakattaâ€™ame, sakattaâ€™uu
âŒï¸	baayâ€™isi, baayâ€™isuu, x
âï¸	baayâ€™isi, baayâ€™isuu, qabduu mallattoo qaxxaamuraa, x
â°ï¸	furgaasaa, maraa
â¿ï¸	dachaa, furgaasaa, furgaasaa dachaa marame, maraa
ã€½ï¸	kutaa, mallattoo, mallattoo jijjiirraa kutaa
âœ³ï¸	urjii, urjii qara saddeet
âœ´ï¸	urjii, urjii qara saddeet
â‡ï¸	calaqqisa
Â©ï¸	mirga wabii, mirga waraabbii
Â®ï¸	galmaaâ€™e
â„¢ï¸	mallattoo, mallattoo daldalaa, tm
ğŸ” 	ABCD, galchuu, laatinii, qubee gurguddaa, qubee laatinii gurguddaa galchi, qubeewwan
ğŸ”¡	abcd, galtee, laatinii, qubee laatinii xiqqaa galchi, qubee xiqqaa, qubeewwan
ğŸ”¢	1234, galchuu, lakkoofsota
ğŸ”£	galtee, mallattoolee galtee, ã€’â™ª&%
ğŸ”¤	abc, galtee, laatinii, qubeewwan, qubeewwan laatinii galchi, tartiiba qubee
ğŸ…°ï¸	A, a, gosa dhiigaa, qabduu
ğŸ†	ab, gosa dhiigaa, qabduu
ğŸ…±ï¸	b, gosa dhiigaa, qabduu
ğŸ†‘	cl, qabduu
ğŸ†’	qabbanaaâ€™aa, qabduu
ğŸ†“	bilisa, qabduu, qabduu BILISAA
â„¹ï¸	i, odeeffannoo
ğŸ†”	eenyummaa, eenyummeessaa, qabduu
â“‚ï¸	M itti marfame, geengoo, m
ğŸ†•	haaraa, qabduu
ğŸ†–	ng, qabduu
ğŸ…¾ï¸	gosa dhiigaa, o, qabduu
ğŸ†—	TOLE, qabduu, qabduu TOLEE, tole
ğŸ…¿ï¸	dhaabbii konkolaataa, p, qabduu
ğŸ†˜	gargaaruu, qabduu, sos
ğŸ†™	OL!, ol, qabduu
ğŸ†š	qabduu, qabduu VS
ğŸˆ	"as", Jaappaan, katakaanaa, qabduu "as" Jaappaan, ã‚³ã‚³
ğŸˆ‚ï¸	Jaappaan, Kataakaanaa, qabduu â€œkaffaltii tajaajilaaâ€ Jaappaan, â€œkaffaltii tajaajilaaâ€, ã‚µ
ğŸˆ·	Jaappaan, hanga jiâ€™aa, idiyeegiraafii, qabduu â€œhanga jiâ€™aanâ€ Jaappaan, æœˆ
ğŸˆ¶	Jaappaan, idiyeegiraafii, kaffaltii malee miti, qabduu â€œkaffaltii malee mitiâ€ Jaappaan, æœ‰
ğŸˆ¯	Jaappaan, idiyeegiraafii, qabduu â€œqabamaaâ€ Jaappaan, â€œqabamaaâ€, æŒ‡
ğŸ‰	Jaappaan, idiyeegiraafii, qabduu â€œbittaa gaariiâ€ Jaappaan, â€œbittaa gaariiâ€, å¾—
ğŸˆ¹	Jaappaan, idiyeegiraafii, qabduu â€œgatii gadi buâ€™aaâ€ Jaappaan, â€œgatii gadi buâ€™aaâ€, å‰²
ğŸˆš	"baasiirraa bilisa", Afaan Jaappaan, ayidiyoogiraafii, qabduu "baasiirraa bilisa" kan Jaappaan, ç„¡
ğŸˆ²	Jaappaan, adiyoogiraafii, dhorkaa, qabduu â€œdhorkaaâ€ Jaappaan
ğŸ‰‘	Jaappaan, idiyeegiraafii, qabduu â€œfudhatamaaâ€ Jaappaan, â€œfudhatamaaâ€, å¯
ğŸˆ¸	Jaappaan, idiyeegiraafii, qabduu â€œiyyannooâ€ Jaappaan, â€œiyyannooâ€, ç”³
ğŸˆ´	adiyoogiraafii, kan Jaappaan, qabduu â€œqabxii darbiinsaaâ€ Jaappaan, qabxii darbiinsaa
ğŸˆ³	adiyoogiraafii, kan Jaappaanii, qabduu â€œbakka duwwaaâ€ Jaappaan, â€œbakka duwwaaâ€
ãŠ—ï¸	"Baga gammaddan", Jaappaan, idiyeegiraafii, qabduu "Baga gammaddan" Jaappaan, ç¥
ãŠ™ï¸	"icciitii", Afaan Jaappaan, Qabduu â€˜â€˜icciitii" Afaan Jaappaan, ayidiyoogiraafii, ç§˜
ğŸˆº	Jaappaan, daldalaaf banaa, idiyeegiraafii, qabduu â€œdaldalaaf banaaâ€ Jaappaan, å–¶
ğŸˆµ	adiyoogiraafii, bakki duwwaa hin jiru, kan Jaappaan, qabduu Jaappaan â€œbakka duwwaa hin qabuâ€ jedhu
ğŸ”´	diimaa, geengoo, jiâ€™oomeetirii
ğŸŸ 	birtukaanaâ€™aa, geengoo
ğŸŸ¡	geengoo, keelloo
ğŸŸ¢	geengoo, magariisa
ğŸ”µ	cuquliisa, geengoo, jiâ€™oomeetirii
ğŸŸ£	dhiilgee, geengoo
ğŸŸ¤	daammii, geengoo
âš«ï¸	geengoo, geengoo gurraacha, jiâ€™oomeetirii
âšªï¸	geengoo, geengoo adii, jiâ€™oomeetirii
ğŸŸ¥	diimaa, rog-arfee
ğŸŸ§	birtukaanaâ€™aa, rog-arfee
ğŸŸ¨	keelloo, rog-arfee
ğŸŸ©	magariisa, rog-arfee
ğŸŸ¦	cuquliisa, rog-afree
ğŸŸª	dhiilgee, rog-afree
ğŸŸ«	Iskuweerii, bunni
â¬›ï¸	iskuweerii, jiâ€™oomeetirii, rog-arfee, rog-arfee gurraacha guddaa
â¬œï¸	jiâ€™oomeetirii, rog-arfee, rog-arfee guddaa adii
â—¼ï¸	jiâ€™oomeetirii, rog-arfee, rog-arfee gurraacha giddugaleessa
â—»ï¸	jiâ€™oomeetirii, rog-arfee, rog-arfee adii giddugaleessa
â—¾ï¸	jiâ€™omeetirii, rog-afree, rog-afree giddugaleessa-xiqqaa gurraach
â—½ï¸	jiâ€™oomeetirii, rog-arfee
â–ªï¸	jiâ€™oomeetirii, rog-arfee, rog-arfee gurraacha xiqqaa
â–«ï¸	iskuweerii, jiâ€™oomeetirii, rog-arfee, rog-arfee adii xiqqaa
ğŸ”¶	burtukaana, diyaamandii, diyaamandii burtukaanaâ€™aa guddaa, jiâ€™oomeetirii
ğŸ”·	cuquliisa, daayimandii, daayimandii cuquliisa guddaa, jiâ€™oomeetirii
ğŸ”¸	burtukaana, diyaamandii, diyaamandii burtukaanaâ€™aa xiqqaa, jiâ€™oomeetirii
ğŸ”¹	cuquliisa, daayimandii, diyaamandii, diyaamandii cuquliisa xiqqaa, jiâ€™oomeetirii
ğŸ”º	diimaa, jiâ€™oomeetirii, rog-sadee diimaa ol agarsiisu
ğŸ”»	diimaa, gadi, jiâ€™oomeetirii, rog-sadee diimaa gadi garagale
ğŸ’ 	daayimandii, daayimandii tuqaa qabu, jiâ€™oomeetirii, keessa, qoosaa
ğŸ”˜	jiâ€™oomeetirii, qabduu, raadiyoo
ğŸ”³	jiâ€™oomeetirii, qabduu, qabduu rog-arfee adii, rog-arfee
ğŸ”²	jiâ€™oomeetirii, qabduu, qabduu rog-arfee gurraacha, rog-arfee
ğŸ	alaabaa, alaabaa cheekerdii, dorgommii, dorgomuu, ispoortii, moâ€™uu, tapha, xumura
ğŸš©	alaabaa, alaabaa rog-sadee, goolfii, ijaarsa, utubaa
ğŸŒ	Jaappaan, alaabaawwan walqaxxaamuran, qaxxaamura, walqaxxaamure
ğŸ´	alaabaa gurraacha, raasuu
ğŸ³ï¸	alaabaa adii, raasuu
ğŸ³â€ğŸŒˆ	boonuu, dhalaa fi dhalaa, dhiiraa fi dhiira, dubartii fi dubartii, maatii, namichaa fi namicha, sabbata waaqaa
â‚¡	Koloonii Kostaa Rikaa
