ğŸ˜€	alegre, djente, hari, kara, kara di smile, kontentu, nice, smile
ğŸ˜ƒ	boka, djente, grandi, great, habrÃ­, kara, kara di smile ku wowo grandi, kontentu, smile, wowo, yay
ğŸ˜„	kara ta smile ku wowo di smile
ğŸ˜	kara ta smile ku djente afÃ³
ğŸ˜†	kara di smile ku wowo chikÃ­
ğŸ˜…	kara di smile ku sodÃ³
ğŸ¤£	hari te lora abou
ğŸ˜‚	kara ku lÃ¡grima di alegia
ğŸ™‚	kara ku smile
ğŸ™ƒ	kara kabes abou
ğŸ« 	kara di smÃ¨lt
ğŸ˜‰	kinipÃ­ wowo
ğŸ˜Š	kara di smile ku blos
ğŸ˜‡	kara di smile ku halo
ğŸ‡¦ğŸ‡«	bandera, bandera: Afghanistan
ğŸ‡¦ğŸ‡¬	bandera, bandera: Antigua & Barbuda
ğŸ‡¦ğŸ‡®	bandera, bandera: Anguilla
ğŸ‡¦ğŸ‡±	bandera, bandera: Albania
ğŸ‡¦ğŸ‡´	bandera, bandera: Angola
ğŸ‡¦ğŸ‡·	bandera, bandera: Argentina
ğŸ‡¦ğŸ‡¹	bandera, bandera: Austria
ğŸ‡¦ğŸ‡º	bandera, bandera: Australia
ğŸ‡¦ğŸ‡¼	bandera, bandera: Aruba
ğŸ‡§ğŸ‡¦	bandera, bandera: Bosnia i Herzegowina
ğŸ‡§ğŸ‡§	bandera, bandera: Barbados
ğŸ‡§ğŸ‡ª	bandera, bandera: BÃ¨lgika
ğŸ‡§ğŸ‡¬	bandera, bandera: Bulgaria
ğŸ‡§ğŸ‡±	bandera, bandera: Saint BathÃ©lemy
ğŸ‡§ğŸ‡²	bandera, bandera: Bermuda
ğŸ‡§ğŸ‡´	bandera, bandera: Bolivia
ğŸ‡§ğŸ‡¶	bandera, bandera: Antia Hulandes
ğŸ‡§ğŸ‡·	bandera, bandera: Brazil
ğŸ‡§ğŸ‡¸	bandera, bandera: Bahamas
ğŸ‡§ğŸ‡»	bandera, bandera: Isla Bouvet
ğŸ‡§ğŸ‡¼	bandera, bandera: Botswana
ğŸ‡§ğŸ‡¾	bandera, bandera: Belarus
ğŸ‡§ğŸ‡¿	bandera, bandera: Belize
ğŸ‡¨ğŸ‡¦	bandera, bandera: Canada
ğŸ‡¨ğŸ‡©	bandera, bandera: Congo - Kinshasa
ğŸ‡¨ğŸ‡«	bandera, bandera: RepÃºblika Sentroafrikano
ğŸ‡¨ğŸ‡¬	bandera, bandera: Congo - Brazzaville
ğŸ‡¨ğŸ‡­	bandera, bandera: Suisa
ğŸ‡¨ğŸ‡®	bandera, bandera: CÃ´te dâ€™Ivoire
ğŸ‡¨ğŸ‡±	bandera, bandera: Chile
ğŸ‡¨ğŸ‡²	bandera, bandera: Camerun
ğŸ‡¨ğŸ‡³	bandera, bandera: China
ğŸ‡¨ğŸ‡´	bandera, bandera: Colombia
ğŸ‡¨ğŸ‡·	bandera, bandera: Costa Rica
ğŸ‡¨ğŸ‡º	bandera, bandera: Cuba
ğŸ‡¨ğŸ‡»	bandera, bandera: Kabo Verde
ğŸ‡¨ğŸ‡¼	bandera, bandera: KÃ²rsou
ğŸ‡¨ğŸ‡¿	bandera, bandera: Cheko
ğŸ‡©ğŸ‡ª	bandera, bandera: Alemania
ğŸ‡©ğŸ‡°	bandera, bandera: Dinamarka
ğŸ‡©ğŸ‡²	bandera, bandera: Dominica
ğŸ‡©ğŸ‡´	bandera, bandera: RepÃºblika Dominikano
ğŸ‡©ğŸ‡¿	bandera, bandera: Algeria
ğŸ‡ªğŸ‡¨	bandera, bandera: Ecuador
ğŸ‡ªğŸ‡ª	bandera, bandera: Estonia
ğŸ‡ªğŸ‡¬	bandera, bandera: Egipto
ğŸ‡ªğŸ‡­	bandera, bandera: Western Sahara
ğŸ‡ªğŸ‡·	bandera, bandera: Eritrea
ğŸ‡ªğŸ‡¸	bandera, bandera: SpaÃ±a
ğŸ‡ªğŸ‡¹	bandera, bandera: Etiopia
ğŸ‡ªğŸ‡º	bandera, bandera: Union Europeo
ğŸ‡«ğŸ‡®	bandera, bandera: Finlandia
ğŸ‡«ğŸ‡¯	bandera, bandera: Fiji
ğŸ‡«ğŸ‡°	bandera, bandera: Islanan Falkland
ğŸ‡«ğŸ‡²	bandera, bandera: Micronesia
ğŸ‡«ğŸ‡·	bandera, bandera: Fransia
ğŸ‡¬ğŸ‡§	bandera, bandera: Gran BretaÃ±a
ğŸ‡¬ğŸ‡©	bandera, bandera: Grenada
ğŸ‡¬ğŸ‡«	bandera, bandera: Guyana Franses
ğŸ‡¬ğŸ‡­	bandera, bandera: Ghana
ğŸ‡¬ğŸ‡±	bandera, bandera: Grunlandia
ğŸ‡¬ğŸ‡²	bandera, bandera: Gambia
ğŸ‡¬ğŸ‡³	bandera, bandera: Guinea
ğŸ‡¬ğŸ‡µ	bandera, bandera: Guadeloupe
ğŸ‡¬ğŸ‡¶	bandera, bandera: Guinea Ekuatorial
ğŸ‡¬ğŸ‡·	bandera, bandera: Gresia
ğŸ‡¬ğŸ‡¹	bandera, bandera: Guatemala
ğŸ‡¬ğŸ‡º	bandera, bandera: Guam
ğŸ‡¬ğŸ‡¼	bandera, bandera: Guinea-Bissau
ğŸ‡¬ğŸ‡¾	bandera, bandera: Guyana
ğŸ‡­ğŸ‡°	bandera, bandera: Hong Kong
ğŸ‡­ğŸ‡³	bandera, bandera: Honduras
ğŸ‡­ğŸ‡·	bandera, bandera: Kroasia
ğŸ‡­ğŸ‡¹	bandera, bandera: Haiti
ğŸ‡­ğŸ‡º	bandera, bandera: Hungria
ğŸ‡®ğŸ‡©	bandera, bandera: Indonesia
ğŸ‡®ğŸ‡ª	bandera, bandera: Irlanda
ğŸ‡®ğŸ‡±	bandera, bandera: Israel
ğŸ‡®ğŸ‡³	bandera, bandera: India
ğŸ‡®ğŸ‡¶	bandera, bandera: Irak
ğŸ‡®ğŸ‡·	bandera, bandera: Iran
ğŸ‡®ğŸ‡¸	bandera, bandera: Islandia
ğŸ‡®ğŸ‡¹	bandera, bandera: Italia
ğŸ‡¯ğŸ‡²	bandera, bandera: Jamaica
ğŸ‡¯ğŸ‡µ	bandera, bandera: Hapon
ğŸ‡°ğŸ‡ª	bandera, bandera: Kenya
ğŸ‡°ğŸ‡­	bandera, bandera: Cambodia
ğŸ‡°ğŸ‡²	bandera, bandera: ComÃ³ros
ğŸ‡°ğŸ‡³	bandera, bandera: St. Kitts i Nevis
ğŸ‡°ğŸ‡µ	bandera, bandera: Nort Korea
ğŸ‡°ğŸ‡·	bandera, bandera: Surkorea
ğŸ‡°ğŸ‡¾	bandera, bandera: Islanan Caiman
ğŸ‡±ğŸ‡¨	bandera, bandera: Sint Lucia
ğŸ‡±ğŸ‡®	bandera, bandera: Liechtenstein
ğŸ‡±ğŸ‡°	bandera, bandera: Sri Lanka
ğŸ‡±ğŸ‡·	bandera, bandera: Liberia
ğŸ‡±ğŸ‡º	bandera, bandera: Luxemburg
ğŸ‡²ğŸ‡¦	bandera, bandera: Morocco
ğŸ‡²ğŸ‡¨	bandera, bandera: Monaco
ğŸ‡²ğŸ‡©	bandera, bandera: Moldavia
ğŸ‡²ğŸ‡ª	bandera, bandera: Montenegro
ğŸ‡²ğŸ‡«	bandera, bandera: Saint Martin
ğŸ‡²ğŸ‡¬	bandera, bandera: Madagascar
ğŸ‡²ğŸ‡±	bandera, bandera: Mali
ğŸ‡²ğŸ‡³	bandera, bandera: Mongolia
ğŸ‡²ğŸ‡´	bandera, bandera: Macao
ğŸ‡²ğŸ‡¶	bandera, bandera: Martinique
ğŸ‡²ğŸ‡¸	bandera, bandera: Montserrat
ğŸ‡²ğŸ‡¹	bandera, bandera: Malta
ğŸ‡²ğŸ‡»	bandera, bandera: Maldives
ğŸ‡²ğŸ‡¼	bandera, bandera: Malawi
ğŸ‡²ğŸ‡½	bandera, bandera: MÃ©xico
ğŸ‡²ğŸ‡¿	bandera, bandera: Mozambique
ğŸ‡³ğŸ‡ª	bandera, bandera: Niger
ğŸ‡³ğŸ‡¬	bandera, bandera: Nigeria
ğŸ‡³ğŸ‡®	bandera, bandera: Nicaragua
ğŸ‡³ğŸ‡±	bandera, bandera: Hulanda
ğŸ‡³ğŸ‡´	bandera, bandera: Noruega
ğŸ‡³ğŸ‡µ	bandera, bandera: Nepal
ğŸ‡µğŸ‡¦	bandera, bandera: PanamÃ¡
ğŸ‡µğŸ‡ª	bandera, bandera: PerÃº
ğŸ‡µğŸ‡«	bandera, bandera: Polinesia Franses
ğŸ‡µğŸ‡­	bandera, bandera: Filipinas
ğŸ‡µğŸ‡±	bandera, bandera: Polonia
ğŸ‡µğŸ‡²	bandera, bandera: St. Pierre & Miquelon
ğŸ‡µğŸ‡·	bandera, bandera: Puerto Rico
ğŸ‡µğŸ‡¹	bandera, bandera: Portugal
ğŸ‡µğŸ‡¾	bandera, bandera: Paraguay
ğŸ‡¶ğŸ‡¦	bandera, bandera: Qatar
ğŸ‡·ğŸ‡´	bandera, bandera: Romania
ğŸ‡·ğŸ‡¸	bandera, bandera: Servia
ğŸ‡·ğŸ‡º	bandera, bandera: Rusia
ğŸ‡·ğŸ‡¼	bandera, bandera: Rwanda
ğŸ‡¸ğŸ‡¨	bandera, bandera: Seychelles
ğŸ‡¸ğŸ‡©	bandera, bandera: Sudan
ğŸ‡¸ğŸ‡ª	bandera, bandera: Suesia
ğŸ‡¸ğŸ‡¬	bandera, bandera: Singapore
ğŸ‡¸ğŸ‡­	bandera, bandera: Sint Helena
ğŸ‡¸ğŸ‡®	bandera, bandera: Slovenia
ğŸ‡¸ğŸ‡°	bandera, bandera: Slovakia
ğŸ‡¸ğŸ‡±	bandera, bandera: Sierra Leone
ğŸ‡¸ğŸ‡²	bandera, bandera: San Marino
ğŸ‡¸ğŸ‡³	bandera, bandera: Senegal
ğŸ‡¸ğŸ‡´	bandera, bandera: Somalia
ğŸ‡¸ğŸ‡·	bandera, bandera: Surinam
ğŸ‡¸ğŸ‡»	bandera, bandera: El Salvador
ğŸ‡¸ğŸ‡½	bandera, bandera: Sint Maarten
ğŸ‡¹ğŸ‡¨	bandera, bandera: Turks i Caicos
ğŸ‡¹ğŸ‡©	bandera, bandera: Chad
ğŸ‡¹ğŸ‡­	bandera, bandera: Tailandia
ğŸ‡¹ğŸ‡·	bandera, bandera: Turkia
ğŸ‡¹ğŸ‡¹	bandera, bandera: Trinidad i Tobago
ğŸ‡¹ğŸ‡¼	bandera, bandera: Taiwan
ğŸ‡ºğŸ‡¦	bandera, bandera: Ukrania
ğŸ‡ºğŸ‡¬	bandera, bandera: Uganda
ğŸ‡ºğŸ‡³	bandera, bandera: Nashonnan UnÃ­
ğŸ‡ºğŸ‡¸	bandera, bandera: Merka
ğŸ‡ºğŸ‡¾	bandera, bandera: Uruguay
ğŸ‡»ğŸ‡¨	bandera, bandera: Sint Vicent i Grenadines
ğŸ‡»ğŸ‡ª	bandera, bandera: Venezuela
ğŸ‡»ğŸ‡¬	bandera, bandera: Virgin Islands (BritÃ¡niko)
ğŸ‡»ğŸ‡®	bandera, bandera: Virgin Islands (Merikano)
ğŸ‡»ğŸ‡³	bandera, bandera: Vietnam
ğŸ‡¿ğŸ‡¦	bandera, bandera: SurÃ¡frika
ğŸ‡¿ğŸ‡²	bandera, bandera: Zambia
ğŸ‡¿ğŸ‡¼	bandera, bandera: Zimbabwe
